index,Total index,Total crops,Grains,Oilseeds,Fresh fruit,Fresh vegetables (except potatoes and pulse crops),Fresh potatoes,Total livestock and animal products,Cattle and calves,Hogs,"Chickens, turkeys, chicks, poults",Eggs in shell,Unprocessed milk
1986-01-01,77.5,71.4,65.0,77.8,51.7,72.0,39.9,83.7,93.4,119.1,87.6,82.6,58.3
1986-02-01,77.4,71.0,65.0,74.5,51.7,72.0,39.9,83.8,92.6,120.8,87.8,83.4,58.5
1986-03-01,76.4,70.0,64.0,73.4,51.7,72.0,37.8,82.8,93.3,113.6,87.6,84.1,57.7
1986-04-01,75.3,69.5,63.5,70.1,51.7,72.0,39.6,81.1,90.7,109.3,87.9,84.0,57.0
1986-05-01,75.9,69.1,62.8,69.4,51.7,72.0,43.6,82.5,92.1,119.5,89.1,83.2,56.0
1986-06-01,76.8,69.5,63.2,66.6,54.1,74.4,45.8,83.9,90.6,137.5,89.3,83.0,55.4
1986-07-01,78.4,69.4,62.1,63.5,60.9,76.3,58.2,87.0,92.6,157.8,89.7,83.1,55.4
1986-08-01,76.0,58.9,48.3,57.3,61.4,76.7,64.0,90.9,96.8,169.8,91.6,82.8,57.5
1986-09-01,76.0,58.7,48.2,56.4,62.3,77.6,62.7,91.1,98.9,165.6,91.8,81.9,57.6
1986-10-01,76.6,61.7,51.8,57.8,62.3,77.6,65.9,89.7,98.4,150.6,91.3,82.9,58.8
1986-11-01,77.1,61.5,51.2,59.5,62.3,77.6,65.1,90.7,99.6,154.0,89.7,82.3,59.7
1986-12-01,75.7,59.6,49.0,58.2,62.3,77.6,62.8,89.8,100.8,145.0,89.2,81.6,59.2
1987-01-01,73.7,59.7,48.8,57.6,62.3,79.3,66.8,86.2,98.9,123.9,85.5,77.6,58.9
1987-02-01,73.6,58.6,47.7,54.3,62.3,79.3,67.4,86.7,99.6,126.2,84.9,77.6,59.0
1987-03-01,73.1,58.6,48.0,52.4,62.3,79.3,67.7,85.9,100.1,119.7,84.9,77.3,58.6
1987-04-01,74.1,59.4,48.6,53.9,62.3,79.3,72.0,87.1,102.7,125.6,85.3,76.1,58.0
1987-05-01,76.4,61.0,48.4,59.7,62.3,79.3,90.2,90.1,106.4,144.4,85.9,75.4,56.8
1987-06-01,77.7,62.2,49.3,62.7,62.3,82.3,91.0,91.4,107.3,158.0,85.2,76.4,55.3
1987-07-01,77.6,61.4,49.5,62.4,51.5,82.6,83.7,91.9,107.0,157.2,86.6,76.9,56.6
1987-08-01,78.5,63.0,52.5,59.0,50.9,82.9,79.1,92.3,107.0,158.0,84.9,76.7,57.7
1987-09-01,78.0,61.9,52.6,57.9,49.9,82.4,62.0,92.1,107.9,148.3,84.7,76.9,59.1
1987-10-01,76.4,61.3,51.8,60.4,49.9,82.4,54.6,89.8,106.7,132.6,82.6,76.9,59.4
1987-11-01,75.8,62.1,52.7,62.8,49.9,82.4,50.9,88.1,105.2,112.2,81.8,76.9,62.4
1987-12-01,75.4,62.9,53.2,66.4,49.9,82.4,52.5,86.7,103.7,113.3,81.2,77.3,60.2
1988-01-01,76.0,64.3,53.6,71.5,49.9,84.0,53.6,86.5,106.0,105.3,79.2,77.6,60.9
1988-02-01,76.1,64.8,53.7,72.1,49.9,84.0,57.5,86.5,104.2,110.5,80.2,78.3,60.6
1988-03-01,75.6,64.3,53.5,71.3,49.9,84.0,55.0,85.9,104.3,107.3,81.3,77.7,59.9
1988-04-01,76.4,64.9,53.9,74.1,49.9,84.0,54.9,86.7,108.1,105.6,81.9,77.3,59.4
1988-05-01,77.4,66.4,54.6,80.0,49.9,84.0,57.7,87.4,107.3,114.7,82.5,77.7,59.0
1988-06-01,78.7,70.1,56.9,96.1,49.9,85.2,56.0,86.9,103.8,121.4,86.4,78.4,57.7
1988-07-01,78.4,72.9,58.3,102.1,55.9,85.0,69.4,84.0,100.6,108.6,89.7,80.4,56.4
1988-08-01,84.9,86.3,78.2,97.0,54.8,84.8,61.9,85.0,98.8,103.4,92.7,84.1,60.4
1988-09-01,85.9,87.2,79.4,96.6,55.4,84.4,63.5,86.2,100.4,104.0,94.6,84.5,61.3
1988-10-01,85.8,85.8,78.2,91.1,55.4,84.5,68.1,87.1,99.7,96.7,92.5,87.2,65.8
1988-11-01,84.8,86.1,78.7,89.0,55.4,84.5,71.2,85.0,98.8,93.3,90.4,86.9,63.2
1988-12-01,85.2,86.3,79.0,90.1,55.4,84.5,68.9,85.4,99.5,93.9,92.5,87.1,63.1
1989-01-01,85.2,86.6,79.3,90.2,55.4,84.3,69.3,85.3,99.9,93.5,94.1,84.8,63.1
1989-02-01,85.7,86.5,79.2,87.7,55.4,84.3,74.2,86.5,101.4,98.4,95.4,85.1,62.9
1989-03-01,85.9,87.2,79.4,90.2,55.4,84.3,84.0,86.1,102.4,95.2,95.2,86.0,62.2
1989-04-01,85.8,87.3,79.2,89.0,55.4,84.3,89.1,86.0,103.0,93.9,94.2,86.0,61.9
1989-05-01,86.2,87.5,79.3,86.8,55.4,84.3,100.0,86.4,102.9,101.1,95.3,85.7,60.9
1989-06-01,86.1,86.3,78.9,79.1,56.9,84.1,100.9,87.2,101.7,112.0,95.5,86.3,60.4
1989-07-01,86.6,86.6,78.6,77.6,54.9,84.5,115.4,87.9,102.9,117.2,96.8,86.3,59.4
1989-08-01,84.5,80.6,72.5,72.8,54.2,84.6,93.5,88.9,102.2,118.8,96.5,85.6,61.9
1989-09-01,82.8,77.6,69.0,75.4,55.0,84.5,78.2,88.2,102.7,109.1,96.2,85.5,62.6
1989-10-01,83.0,76.5,68.3,74.3,55.0,84.4,69.6,89.5,101.8,115.3,95.5,86.0,64.5
1989-11-01,82.9,76.9,68.5,75.2,55.0,84.4,71.1,89.0,101.1,113.1,96.4,86.0,64.4
1989-12-01,83.1,77.5,68.9,76.0,55.0,84.4,75.2,88.8,103.3,106.9,95.3,85.7,64.3
1990-01-01,81.9,78.2,69.2,76.3,55.0,80.9,84.5,86.0,101.2,97.4,94.1,76.4,63.4
1990-02-01,82.8,78.4,69.2,78.4,55.0,80.9,86.0,87.5,102.2,107.6,93.9,76.1,63.5
1990-03-01,83.8,79.1,69.4,80.5,55.0,80.9,90.3,88.8,103.2,114.7,94.4,79.8,63.1
1990-04-01,84.2,79.8,70.1,82.8,55.0,80.9,88.0,89.0,102.2,120.5,93.5,78.5,62.9
1990-05-01,85.5,80.4,70.7,85.0,55.0,80.9,86.0,90.7,102.3,139.0,94.0,74.7,62.3
1990-06-01,86.0,80.2,71.0,82.1,54.0,78.9,87.6,92.1,103.6,148.9,95.4,76.1,61.3
1990-07-01,85.5,79.8,70.7,79.2,58.4,80.0,85.4,91.3,103.7,144.2,96.7,79.4,60.1
1990-08-01,80.2,67.0,54.5,74.1,58.2,80.2,79.8,92.0,104.5,137.8,96.8,83.4,62.3
1990-09-01,79.0,65.8,54.0,71.0,58.0,80.2,69.7,90.9,102.3,127.7,95.9,83.8,64.4
1990-10-01,79.6,64.4,52.5,70.7,58.0,80.3,65.1,93.2,103.0,130.0,95.2,82.4,68.4
1990-11-01,78.3,63.8,51.8,70.5,58.0,80.3,63.5,91.1,103.1,122.6,95.4,83.6,65.8
1990-12-01,78.2,64.1,52.6,69.5,58.0,80.3,61.6,90.6,104.1,116.5,94.8,83.9,65.7
1991-01-01,78.0,64.4,52.5,69.4,58.0,83.2,61.9,90.1,104.1,114.7,93.9,81.3,65.1
1991-02-01,78.4,64.8,53.0,68.7,58.0,83.2,65.1,90.5,102.4,124.6,94.0,78.3,65.0
1991-03-01,78.4,65.1,53.3,69.3,58.0,83.2,64.5,90.4,104.0,118.8,93.4,84.9,64.4
1991-04-01,78.3,65.4,53.2,71.1,58.0,83.2,68.4,89.9,104.7,117.2,92.7,77.6,64.0
1991-05-01,78.9,65.6,53.1,69.9,58.0,83.2,75.4,90.8,107.1,124.0,90.7,77.2,63.1
1991-06-01,78.7,65.4,52.7,67.3,59.2,86.8,77.4,90.6,106.4,129.0,89.1,79.3,61.8
1991-07-01,77.1,65.7,52.3,63.7,65.8,88.7,88.3,87.4,103.3,121.0,93.1,82.0,58.2
1991-08-01,78.0,65.9,52.6,63.6,67.4,89.0,87.1,89.0,101.6,118.1,91.5,77.9,64.2
1991-09-01,76.7,64.4,52.2,62.4,67.5,89.3,66.7,87.8,102.2,104.4,87.2,80.3,65.2
1991-10-01,76.0,63.8,52.1,61.0,68.4,89.3,65.4,87.0,99.5,101.3,87.8,81.8,66.2
1991-11-01,74.9,64.1,52.3,60.1,68.4,89.3,64.1,84.9,96.0,90.0,90.5,83.9,66.4
1991-12-01,74.2,64.5,52.7,60.8,68.4,89.3,67.7,83.2,91.1,88.1,90.7,85.3,66.2
1992-01-01,74.0,65.1,53.6,62.6,73.7,88.7,70.5,82.5,93.5,81.9,89.7,83.5,65.7
1992-02-01,75.9,65.7,54.1,63.5,71.1,88.6,73.3,85.5,97.3,95.1,89.5,82.5,66.2
1992-03-01,76.1,66.1,54.4,65.9,70.0,87.2,70.4,85.6,99.4,95.1,88.4,82.8,64.6
1992-04-01,75.9,65.4,54.1,66.0,72.5,83.9,73.3,85.7,99.9,95.8,88.1,83.1,64.0
1992-05-01,76.9,66.4,54.3,66.8,74.8,83.8,77.2,87.1,102.1,106.5,89.0,83.2,62.2
1992-06-01,77.3,66.8,54.2,68.6,75.4,84.0,74.5,87.1,100.2,111.8,89.7,83.4,61.6
1992-07-01,76.0,65.7,52.8,66.5,70.6,87.5,75.1,85.0,97.8,107.4,89.6,85.5,59.8
1992-08-01,77.7,66.0,55.0,66.4,64.6,87.8,70.9,88.2,101.1,103.2,89.9,86.6,65.8
1992-09-01,78.7,66.4,56.5,68.6,58.0,87.6,67.3,90.0,103.9,106.5,89.1,86.4,67.6
1992-10-01,78.1,64.8,54.6,65.7,59.0,88.5,56.8,90.6,103.2,108.8,88.5,86.0,69.0
1992-11-01,79.2,66.4,55.7,69.1,67.7,87.0,56.1,91.0,103.0,111.5,89.4,86.1,69.0
1992-12-01,79.9,66.9,56.5,71.4,58.6,86.1,54.1,91.9,105.3,113.5,89.7,87.1,68.0
1993-01-01,80.5,67.5,56.3,73.0,61.9,87.4,49.9,92.3,111.8,105.8,89.5,87.0,67.6
1993-02-01,81.7,67.7,55.6,74.0,60.3,87.4,52.2,94.2,114.1,111.1,89.9,87.0,68.1
1993-03-01,81.8,67.7,55.0,75.4,62.6,89.0,52.5,94.5,113.4,113.5,90.1,87.8,67.6
1993-04-01,81.7,67.6,56.1,74.9,61.2,91.8,55.4,94.2,114.5,113.7,90.0,85.9,66.4
1993-05-01,82.0,67.6,55.6,73.6,61.4,93.7,60.7,94.5,117.4,116.9,91.8,84.9,64.6
1993-06-01,81.9,67.7,55.2,74.0,60.9,93.7,84.0,94.9,116.1,123.1,91.8,85.0,63.4
1993-07-01,80.5,67.7,56.8,77.0,60.4,88.6,86.1,92.5,112.7,121.5,92.1,85.6,61.7
1993-08-01,84.1,71.0,62.9,75.0,64.1,87.5,95.9,96.2,115.1,126.6,92.5,85.6,66.9
1993-09-01,84.8,69.9,57.6,73.5,67.4,87.9,85.6,99.6,119.1,129.4,91.5,87.1,69.6
1993-10-01,84.5,69.4,55.7,74.3,67.4,88.8,75.9,98.9,116.3,126.5,91.4,87.3,70.8
1993-11-01,83.5,68.6,55.8,75.2,57.3,90.8,87.6,97.8,115.3,118.9,92.6,87.1,71.5
1993-12-01,83.8,71.4,55.6,84.1,74.0,90.0,88.0,95.1,112.9,111.0,93.0,86.9,70.1
1994-01-01,86.2,74.5,60.9,85.6,63.4,92.7,92.0,97.1,113.4,115.8,91.4,85.0,70.3
1994-02-01,87.9,74.9,60.6,87.7,67.0,92.8,92.1,100.0,114.6,132.7,92.2,86.4,70.4
1994-03-01,87.9,76.0,60.3,91.6,68.8,92.7,97.1,99.1,118.6,128.2,89.5,87.5,70.0
1994-04-01,87.6,76.1,59.9,96.1,65.6,92.6,102.0,98.6,120.8,124.5,87.7,87.4,68.9
1994-05-01,86.0,76.9,61.0,98.6,64.1,91.8,103.3,95.8,114.2,123.4,86.6,87.1,67.8
1994-06-01,84.7,75.1,59.8,100.4,71.0,88.6,98.0,93.6,109.5,122.7,85.8,87.7,66.6
1994-07-01,83.4,71.7,58.0,91.3,69.2,86.4,95.0,93.6,113.6,123.1,83.3,89.2,64.2
1994-08-01,83.8,70.6,57.3,85.8,70.6,84.8,90.2,95.9,114.1,124.2,83.1,90.1,68.7
1994-09-01,88.1,80.0,74.9,86.6,69.2,85.7,79.3,92.9,109.9,106.2,84.3,90.4,70.9
1994-10-01,86.3,79.7,74.3,82.8,65.1,88.4,71.6,90.4,105.1,92.7,84.1,90.1,74.4
1994-11-01,86.4,80.8,73.7,88.1,63.9,90.3,80.5,89.9,106.7,88.5,86.8,89.7,71.7
1994-12-01,87.5,84.6,76.0,94.4,68.4,91.1,83.0,90.0,106.7,90.9,87.5,89.0,71.1
1995-01-01,88.6,83.8,74.6,93.7,68.1,89.1,86.2,92.9,110.1,105.1,86.3,88.1,70.6
1995-02-01,90.8,86.8,76.0,100.3,67.0,89.4,91.1,94.7,111.3,115.0,86.4,89.1,70.7
1995-03-01,90.6,88.1,77.5,103.6,67.3,89.7,92.2,93.1,107.6,109.0,86.1,90.7,70.6
1995-04-01,88.5,87.0,77.9,101.0,67.5,90.4,92.2,90.4,104.0,100.5,86.2,91.6,69.6
1995-05-01,87.2,86.8,77.8,96.0,68.1,91.3,94.0,89.6,100.9,102.9,86.3,91.1,69.0
1995-06-01,90.3,88.9,78.9,95.9,66.6,90.4,102.4,91.0,101.6,117.9,85.5,91.6,67.4
1995-07-01,90.9,89.2,80.0,97.3,70.0,90.8,102.6,89.7,100.4,130.2,85.1,91.9,61.1
1995-08-01,92.8,90.5,93.4,92.6,67.9,89.7,92.9,93.3,97.9,132.2,85.5,92.8,70.8
1995-09-01,94.6,91.8,97.0,92.3,71.2,89.0,85.6,93.6,94.8,133.8,85.7,93.2,74.7
1995-10-01,92.6,92.3,95.4,93.2,78.0,91.6,75.2,89.7,92.1,124.2,85.7,93.8,73.3
1995-11-01,94.3,97.6,96.7,94.8,98.0,89.9,77.6,87.9,90.4,110.5,86.3,94.8,73.2
1995-12-01,94.6,98.2,97.9,97.6,72.1,90.4,76.9,90.1,91.0,118.1,87.4,95.7,71.5
1996-01-01,96.1,100.3,100.6,99.5,81.7,90.0,78.7,91.0,90.2,116.9,88.4,95.1,72.6
1996-02-01,97.1,101.0,102.1,99.3,79.6,89.7,76.2,92.5,89.8,131.9,91.4,97.4,71.0
1996-03-01,97.2,101.6,102.8,99.2,74.5,89.7,83.6,92.0,89.7,136.1,94.0,97.8,70.5
1996-04-01,97.5,103.2,103.5,104.5,80.9,89.5,78.5,91.4,88.1,137.3,95.4,98.8,70.3
1996-05-01,98.0,105.5,104.7,109.7,82.4,89.8,83.3,91.6,86.1,155.2,93.4,98.9,67.0
1996-06-01,100.1,105.3,103.9,109.0,69.0,87.8,92.9,93.3,90.4,157.0,99.9,99.5,64.1
1996-07-01,99.1,102.1,102.0,111.2,67.4,84.6,99.9,93.6,94.8,158.6,101.5,101.7,60.6
1996-08-01,98.2,94.3,92.7,103.5,76.4,84.4,99.1,101.1,97.3,166.7,103.5,103.0,73.8
1996-09-01,96.0,91.9,81.3,108.3,76.0,85.6,80.9,100.3,96.2,152.1,103.0,103.3,77.7
1996-10-01,93.6,89.0,77.7,103.4,81.4,84.6,68.9,97.9,92.9,152.4,102.6,102.0,78.3
1996-11-01,90.8,85.4,75.0,101.6,67.1,85.1,64.8,96.1,91.1,143.3,101.8,100.4,76.6
1996-12-01,91.4,84.6,73.9,101.3,81.3,85.6,64.8,97.4,90.2,149.7,95.6,99.2,76.3
1997-01-01,90.3,85.2,73.9,103.5,71.9,86.0,66.1,94.3,90.7,145.2,94.0,94.6,74.1
1997-02-01,91.7,86.3,74.6,108.4,75.0,86.0,66.4,95.5,95.0,146.1,93.9,95.4,73.3
1997-03-01,93.1,86.9,75.0,112.4,79.9,85.7,65.8,97.8,101.0,138.6,94.2,95.8,74.3
1997-04-01,93.5,85.4,75.3,113.6,71.2,85.5,64.9,99.8,102.9,152.2,93.5,95.9,72.9
1997-05-01,94.3,84.3,74.0,113.4,68.9,86.9,65.4,100.7,102.9,162.7,99.8,96.0,71.0
1997-06-01,91.6,82.7,73.4,107.2,78.2,86.9,80.0,99.5,98.9,161.6,101.5,96.1,70.4
1997-07-01,89.6,82.1,71.9,103.4,80.8,87.2,72.8,97.9,99.8,166.3,100.1,96.1,65.2
1997-08-01,95.3,89.6,74.6,99.2,85.1,87.4,107.4,100.4,102.4,158.0,98.6,95.0,72.7
1997-09-01,93.4,89.0,79.7,95.3,90.5,87.5,84.6,98.3,100.9,142.3,98.4,94.2,73.9
1997-10-01,92.6,86.7,76.2,98.1,82.3,89.9,76.5,99.4,102.8,133.1,98.5,94.2,76.9
1997-11-01,91.3,85.2,75.0,98.0,73.3,89.7,77.4,98.0,102.6,128.6,100.1,94.8,75.3
1997-12-01,90.9,86.5,76.7,101.7,79.8,89.5,76.6,94.6,100.1,118.3,100.2,95.1,74.9
1998-01-01,89.6,86.0,75.6,100.2,83.8,89.4,77.0,92.8,101.8,103.7,99.4,94.3,73.2
1998-02-01,90.5,87.3,75.5,104.9,84.5,89.3,79.4,93.4,102.2,106.3,98.1,93.7,73.6
1998-03-01,90.3,87.3,74.8,106.8,81.7,90.8,82.4,93.0,103.6,100.2,97.5,93.7,74.1
1998-04-01,90.9,87.5,75.4,106.8,84.2,93.0,82.5,94.1,105.4,102.0,97.3,94.2,73.1
1998-05-01,92.4,88.4,75.6,108.7,84.3,91.7,87.5,96.5,105.3,123.0,98.0,93.1,72.0
1998-06-01,92.0,88.1,75.5,108.9,80.5,91.6,96.4,95.4,103.6,125.5,95.8,93.0,71.4
1998-07-01,88.2,83.6,71.5,108.0,75.1,87.5,93.6,91.9,101.3,110.7,95.2,91.3,69.6
1998-08-01,86.8,78.7,59.2,93.9,83.7,87.5,85.8,94.7,104.4,106.5,95.2,91.3,75.6
1998-09-01,86.1,80.7,67.3,93.5,86.7,88.6,79.5,90.7,101.4,88.4,94.8,91.0,76.9
1998-10-01,87.1,80.8,67.9,93.1,82.3,91.2,75.4,92.9,104.5,84.9,93.3,90.2,78.2
1998-11-01,85.3,80.6,67.4,98.1,67.8,92.6,81.4,89.1,105.6,55.4,93.6,89.5,79.3
1998-12-01,83.6,82.1,68.5,100.0,75.3,92.0,83.2,84.2,104.1,43.7,93.8,89.5,78.2
1999-01-01,85.8,81.2,67.6,97.1,74.2,90.5,90.5,89.9,106.5,73.5,92.1,88.5,76.2
1999-02-01,86.8,80.4,67.7,92.1,74.0,90.6,93.8,92.4,109.4,86.2,90.0,88.4,75.6
1999-03-01,86.8,79.4,68.4,86.2,77.1,89.5,94.0,93.3,112.4,82.6,89.1,88.3,75.6
1999-04-01,86.5,79.0,66.6,88.0,74.3,88.0,94.8,93.1,110.1,91.7,88.5,89.4,73.9
1999-05-01,87.2,79.1,67.5,82.8,74.0,88.8,96.9,93.8,106.9,107.6,89.5,90.2,73.5
1999-06-01,86.7,79.7,68.0,82.6,86.6,87.9,95.9,93.0,108.0,101.7,89.2,90.1,72.0
1999-07-01,85.4,78.7,65.1,76.6,89.5,90.7,106.4,91.8,106.8,95.7,90.9,91.6,71.9
1999-08-01,86.1,77.4,61.1,71.2,79.9,90.9,106.9,94.5,107.5,107.7,90.3,90.9,74.3
1999-09-01,81.2,71.0,60.1,71.0,72.0,90.6,91.7,93.6,106.7,100.2,90.2,90.9,74.9
1999-10-01,82.8,70.7,60.0,73.0,73.2,89.9,80.8,96.9,111.5,101.3,89.9,90.6,78.3
1999-11-01,83.8,71.6,59.5,68.1,90.8,89.1,81.1,97.7,114.2,100.4,88.9,90.0,78.4
1999-12-01,84.1,69.8,59.7,65.2,73.9,88.0,82.5,99.0,117.0,105.9,89.2,89.6,78.2
2000-01-01,85.4,71.8,60.3,68.3,83.7,91.1,83.3,98.7,115.9,110.5,88.8,88.9,75.4
2000-02-01,86.7,70.7,59.5,66.2,77.9,91.4,87.5,102.0,117.2,122.6,89.0,89.2,77.9
2000-03-01,88.3,72.5,62.8,67.5,76.7,91.1,89.9,103.4,121.3,124.5,88.5,89.2,77.8
2000-04-01,90.0,73.2,61.7,70.2,82.1,90.2,96.5,106.2,124.2,140.2,89.8,89.5,77.0
2000-05-01,89.9,73.2,61.5,70.0,86.1,89.5,92.0,104.9,120.7,144.8,90.6,90.5,76.1
2000-06-01,88.4,72.0,60.5,66.3,82.1,90.4,96.7,104.6,118.2,141.1,89.6,90.4,77.5
2000-07-01,87.0,72.1,59.6,63.5,80.8,93.4,98.2,102.8,116.1,142.5,89.7,88.8,75.3
2000-08-01,87.6,72.9,58.1,62.9,74.0,94.7,119.9,102.6,117.1,132.2,88.9,91.4,78.0
2000-09-01,86.8,72.6,64.9,64.3,79.3,93.8,89.9,102.8,116.9,124.4,89.0,92.3,80.4
2000-10-01,87.1,72.4,65.8,67.6,80.1,90.0,77.2,103.4,118.8,124.1,88.7,92.4,81.3
2000-11-01,87.7,73.4,66.8,67.2,78.7,89.6,77.4,103.0,120.2,113.4,89.3,93.4,82.3
2000-12-01,89.1,74.1,67.7,67.5,71.8,88.7,79.9,104.6,123.8,115.6,90.0,93.4,81.6
2001-01-01,88.4,74.6,67.1,67.3,73.7,89.7,84.2,102.6,126.4,111.9,90.6,92.1,76.1
2001-02-01,91.4,74.1,66.4,67.9,74.6,88.9,80.1,108.8,133.9,123.1,91.0,92.8,80.6
2001-03-01,94.4,74.6,66.1,71.7,74.9,89.7,77.3,114.1,139.7,144.1,92.1,93.8,79.3
2001-04-01,94.0,74.6,67.3,72.2,73.3,91.2,78.2,113.5,137.8,147.6,92.3,94.1,78.3
2001-05-01,94.2,75.6,67.4,73.9,72.9,91.9,82.6,112.7,133.8,155.6,93.4,94.4,78.0
2001-06-01,94.4,76.5,65.5,76.2,80.4,93.6,94.2,112.5,129.4,159.2,93.8,94.3,79.0
2001-07-01,94.4,78.1,67.2,84.5,80.6,93.8,101.0,111.0,127.1,159.2,94.5,94.3,77.5
2001-08-01,96.1,81.3,79.4,87.4,72.3,93.3,115.7,111.1,124.5,158.0,94.6,94.7,80.8
2001-09-01,97.3,85.1,78.8,83.8,80.8,93.1,98.6,107.8,120.3,143.1,94.8,94.1,81.9
2001-10-01,95.7,85.4,78.6,77.7,84.2,94.1,98.9,104.3,116.4,129.8,95.6,94.9,82.9
2001-11-01,95.4,87.0,76.8,85.6,77.9,93.8,106.5,102.2,114.3,117.5,95.5,95.9,83.4
2001-12-01,95.2,88.7,78.3,85.7,78.1,94.7,113.6,101.1,116.9,109.6,94.3,95.8,81.3
2002-01-01,97.5,90.0,80.0,84.6,79.3,100.5,120.3,105.9,125.3,123.4,91.8,94.8,80.3
2002-02-01,99.7,90.7,79.9,87.5,81.6,100.5,115.9,109.5,130.4,132.8,90.9,95.0,81.5
2002-03-01,99.1,90.9,80.6,87.3,79.6,100.8,120.1,107.9,132.0,124.9,89.9,95.1,79.3
2002-04-01,96.8,92.6,80.0,85.0,81.0,103.3,140.4,101.4,121.8,111.3,89.4,95.1,76.8
2002-05-01,96.9,92.7,79.8,87.1,79.7,104.2,148.0,101.3,118.1,111.3,89.6,95.2,79.9
2002-06-01,96.5,91.7,80.7,90.9,82.8,99.8,162.3,99.9,113.2,111.9,90.6,95.4,81.5
2002-07-01,99.1,95.0,82.6,99.5,86.3,100.5,209.9,100.1,108.8,121.9,91.0,95.6,80.2
2002-08-01,98.7,96.7,91.3,102.6,81.9,100.0,156.6,100.5,112.9,114.2,88.2,99.6,82.1
2002-09-01,96.7,96.1,88.5,104.6,84.8,99.9,119.1,95.8,113.7,85.9,89.0,96.0,83.1
2002-10-01,98.8,97.0,86.7,99.6,88.0,103.9,106.7,98.7,112.0,100.9,90.6,96.1,84.8
2002-11-01,98.6,96.4,85.1,104.4,82.8,103.8,106.3,98.5,113.6,93.9,89.8,96.2,85.9
2002-12-01,98.8,95.2,85.9,105.8,81.7,101.1,109.7,101.4,119.0,99.8,89.1,98.9,86.3
2003-01-01,101.3,97.7,87.1,103.7,89.5,101.4,107.0,104.5,128.0,105.3,89.8,96.1,82.4
2003-02-01,102.8,96.9,87.1,104.1,89.1,100.8,104.9,108.0,127.6,113.5,90.7,96.9,89.0
2003-03-01,101.1,95.7,86.0,101.8,88.9,101.5,110.5,105.9,123.8,110.5,92.5,96.7,87.7
2003-04-01,100.4,93.2,84.5,98.9,90.5,101.9,106.5,107.1,126.4,110.0,92.9,96.8,88.2
2003-05-01,100.4,93.2,83.9,96.0,90.7,102.4,101.0,107.2,123.1,119.5,94.7,96.8,87.0
2003-06-01,94.3,92.4,83.4,92.8,86.0,102.2,97.9,95.1,85.0,125.1,95.3,96.7,85.3
2003-07-01,87.8,90.6,82.0,88.8,81.7,101.7,103.6,82.4,50.1,118.5,95.3,97.2,84.1
2003-08-01,86.6,91.3,82.0,86.7,88.0,101.8,142.8,80.9,53.6,112.3,94.7,97.4,85.9
2003-09-01,89.0,86.6,73.5,89.0,79.2,102.7,108.9,90.8,86.5,106.9,94.1,97.5,88.0
2003-10-01,89.7,87.4,72.9,97.8,78.2,101.3,88.3,91.2,90.5,101.6,94.3,97.2,88.4
2003-11-01,90.0,86.4,72.9,98.2,84.8,99.5,85.9,93.2,97.4,92.3,95.3,97.2,88.2
2003-12-01,89.5,87.0,73.9,97.5,85.0,99.6,81.9,91.4,91.4,91.7,94.6,97.2,87.8
2004-01-01,89.6,87.0,73.4,99.6,82.8,101.7,86.0,91.7,92.3,95.5,95.1,97.6,85.1
2004-02-01,90.1,87.7,74.6,102.7,79.8,102.3,78.2,92.2,83.6,115.9,95.4,97.7,86.9
2004-03-01,93.3,89.0,75.7,107.8,83.8,101.9,79.5,96.9,93.5,126.3,95.0,97.6,84.7
2004-04-01,94.0,90.0,76.3,110.9,79.2,101.5,78.6,97.4,95.6,126.9,94.2,99.0,84.9
2004-05-01,95.8,90.9,77.1,112.4,78.0,101.2,84.1,100.1,93.0,150.4,94.2,101.1,84.5
2004-06-01,95.9,91.9,76.3,112.2,90.7,101.3,91.3,99.4,84.1,150.6,94.9,103.1,86.6
2004-07-01,94.0,90.0,73.5,109.4,90.1,103.2,97.8,97.6,83.5,147.8,95.7,103.2,85.0
2004-08-01,94.6,92.9,79.6,102.4,93.2,102.5,137.6,95.9,78.7,144.3,95.8,103.6,89.3
2004-09-01,91.9,86.2,67.7,95.5,89.1,101.9,106.1,97.1,86.8,134.5,95.9,103.4,89.6
2004-10-01,89.2,83.2,63.7,92.2,88.1,101.7,92.3,94.9,86.3,128.2,95.8,100.8,89.9
2004-11-01,86.7,78.5,62.1,84.7,79.9,103.4,86.3,94.8,85.3,122.5,97.4,100.8,91.4
2004-12-01,88.5,77.9,59.6,80.8,81.3,103.5,86.5,98.6,91.3,123.7,99.8,100.4,91.2
2005-01-01,89.2,75.7,58.9,78.1,86.4,103.0,87.9,100.3,96.7,128.8,100.1,95.8,89.0
2005-02-01,91.1,74.7,58.2,74.7,89.5,102.6,85.7,104.5,100.9,130.1,99.8,94.2,97.2
2005-03-01,88.8,75.5,58.4,80.8,86.0,99.0,85.1,100.5,95.2,127.3,98.4,94.4,93.3
2005-04-01,87.8,74.2,57.2,82.7,89.6,94.1,84.0,100.0,94.2,129.0,97.8,94.2,91.7
2005-05-01,88.2,74.8,56.6,84.1,88.9,92.6,82.0,100.6,92.1,139.6,97.9,94.1,90.6
2005-06-01,87.7,77.3,56.6,85.9,92.6,96.0,86.2,98.0,92.3,124.6,97.5,94.3,91.1
2005-07-01,87.9,76.6,57.1,82.2,89.4,99.2,86.1,99.7,102.4,120.9,91.4,94.2,90.2
2005-08-01,92.1,82.2,62.8,75.9,104.1,101.4,120.0,101.4,103.7,122.3,91.1,95.0,91.5
2005-09-01,89.6,76.6,56.7,71.8,98.3,100.4,113.7,102.4,105.8,115.3,91.3,95.0,95.0
2005-10-01,88.9,74.4,56.2,74.4,94.2,98.8,101.1,104.1,108.4,112.2,90.7,94.6,96.1
2005-11-01,87.2,72.0,54.8,71.9,88.5,97.7,103.6,102.8,108.4,106.3,88.7,94.9,98.3
2005-12-01,88.1,74.8,55.8,70.9,87.0,103.3,105.5,100.5,108.6,102.9,89.5,95.1,96.2
2006-01-01,87.6,74.7,57.0,71.1,93.6,100.4,105.1,99.9,108.1,99.4,90.1,94.0,93.7
2006-02-01,87.5,74.5,56.9,68.9,93.5,99.7,113.0,99.8,105.1,99.6,91.1,95.9,95.8
2006-03-01,87.7,76.0,55.9,69.8,93.1,101.0,115.7,99.0,104.4,102.1,92.0,96.0,94.4
2006-04-01,87.3,76.3,56.2,70.1,93.9,101.4,118.6,97.8,102.1,95.9,93.2,96.7,94.5
2006-05-01,88.6,76.6,55.9,72.9,94.8,101.8,110.0,100.0,103.2,107.5,93.1,96.6,93.9
2006-06-01,89.6,76.4,56.4,72.6,93.0,102.2,114.2,102.1,106.4,117.0,92.8,96.7,93.0
2006-07-01,89.4,76.4,55.9,73.9,96.6,105.1,120.4,101.4,107.2,115.3,92.8,96.6,91.1
2006-08-01,92.8,82.9,65.5,75.0,105.3,107.1,145.2,101.7,105.9,114.8,90.2,96.7,94.2
2006-09-01,92.1,82.0,68.9,74.9,102.6,106.3,116.6,101.4,105.7,109.8,90.5,96.7,96.3
2006-10-01,90.6,80.9,72.6,71.8,102.7,104.2,97.1,99.1,102.4,102.7,89.6,95.8,96.3
2006-11-01,91.5,85.3,75.0,79.3,100.9,102.5,98.5,96.7,96.7,100.3,89.8,96.0,97.7
2006-12-01,91.8,86.3,76.4,87.9,99.8,101.3,97.4,97.0,95.3,101.7,90.5,96.0,98.6
2007-01-01,93.1,90.9,77.4,89.6,103.0,104.3,96.0,97.1,97.0,103.0,93.6,91.1,96.7
2007-02-01,96.0,91.5,78.3,93.8,102.4,104.6,92.6,101.5,100.6,113.9,95.9,95.3,99.8
2007-03-01,97.9,91.9,80.6,94.3,103.3,101.9,92.3,104.1,107.6,109.8,98.2,97.4,99.1
2007-04-01,98.0,89.9,79.0,93.5,102.2,99.9,91.5,105.8,113.8,108.4,98.7,97.4,98.4
2007-05-01,98.0,87.2,78.6,95.6,101.6,98.7,96.1,108.1,114.6,118.7,102.1,98.4,98.5
2007-06-01,97.6,89.7,80.6,97.9,100.9,99.1,97.3,104.5,105.9,115.8,101.1,98.7,97.6
2007-07-01,96.9,90.6,79.5,99.9,94.7,99.3,102.5,101.9,103.4,106.6,101.0,99.1,97.1
2007-08-01,103.7,103.6,122.0,100.8,91.0,98.8,136.9,102.8,102.0,108.8,100.8,103.8,100.0
2007-09-01,106.2,111.8,134.7,103.6,101.3,99.2,119.3,99.4,98.9,96.0,101.9,104.0,102.4
2007-10-01,104.2,112.6,132.9,103.2,105.2,100.2,101.0,93.9,89.6,81.2,101.8,104.0,103.8
2007-11-01,105.0,118.7,128.2,109.1,113.5,102.2,90.8,90.6,85.6,71.0,101.6,104.8,103.7
2007-12-01,104.1,116.4,131.4,114.5,113.5,102.6,94.3,93.0,90.3,74.0,102.7,105.4,103.1
2008-01-01,104.8,123.2,133.6,122.4,113.4,102.5,93.1,90.7,86.3,71.1,103.6,106.8,98.8
2008-02-01,109.2,127.7,138.4,135.7,99.2,103.5,93.7,94.7,90.1,81.5,104.2,107.7,101.3
2008-03-01,110.3,129.7,138.0,143.8,120.5,103.1,96.6,93.8,92.1,78.6,104.6,108.0,100.2
2008-04-01,112.4,129.0,137.2,146.9,98.7,102.3,99.2,97.6,97.4,85.4,109.4,109.8,98.6
2008-05-01,115.2,127.5,140.2,151.3,97.7,102.5,101.6,104.0,100.8,109.8,110.4,110.7,100.9
2008-06-01,118.8,132.2,142.9,160.1,118.1,102.7,106.8,104.5,102.6,107.4,112.7,110.8,100.7
2008-07-01,120.5,132.7,137.4,161.1,114.1,105.4,124.9,106.2,109.5,106.8,113.9,112.8,99.1
2008-08-01,116.3,121.6,124.3,147.7,84.9,108.4,138.7,111.0,109.9,124.2,116.0,114.3,103.0
2008-09-01,113.4,118.0,115.5,131.1,92.4,107.2,136.5,108.5,105.8,112.8,118.1,115.1,105.2
2008-10-01,113.5,119.8,113.8,128.8,103.6,105.7,123.4,106.7,102.1,111.7,119.8,118.3,103.8
2008-11-01,112.2,119.0,112.9,127.9,109.9,105.5,123.9,105.0,101.1,101.4,119.1,116.0,105.9
2008-12-01,110.1,116.3,112.1,122.1,114.8,105.3,128.7,104.2,97.8,101.8,119.2,116.0,105.9
2009-01-01,108.6,112.8,111.1,123.3,94.1,108.8,129.2,103.7,98.8,109.6,111.9,116.1,103.7
2009-02-01,109.5,113.0,108.4,122.9,113.9,105.6,139.8,105.3,101.1,113.0,111.6,113.5,105.0
2009-03-01,110.8,111.9,107.1,120.4,90.2,106.7,137.7,109.2,108.6,113.9,113.8,112.8,103.7
2009-04-01,110.9,112.5,105.6,122.2,112.6,106.5,135.1,109.2,111.7,112.3,113.6,112.8,102.2
2009-05-01,110.7,114.5,105.4,125.3,110.4,106.2,136.7,106.8,106.8,105.3,114.1,111.5,104.9
2009-06-01,108.9,115.7,106.2,127.2,109.1,108.5,136.7,102.8,101.3,95.3,114.1,111.0,104.1
2009-07-01,107.5,114.1,106.0,124.1,99.3,112.8,146.3,102.0,100.7,95.3,115.0,111.1,101.5
2009-08-01,104.1,110.6,95.9,124.5,80.4,115.4,147.8,98.0,96.2,79.0,116.6,111.8,101.9
2009-09-01,99.0,101.4,81.2,115.9,86.4,113.4,134.8,97.4,94.9,80.2,117.5,111.8,102.8
2009-10-01,97.4,100.3,79.3,117.2,88.0,108.0,121.4,96.0,90.7,81.5,114.6,111.8,102.3
2009-11-01,96.6,97.5,83.0,112.7,82.2,107.1,126.5,97.3,88.7,88.5,114.0,111.8,105.0
2009-12-01,100.2,101.2,80.3,111.0,84.3,108.7,122.9,99.4,85.9,97.0,113.4,111.9,107.9
2010-01-01,100.0,98.9,79.5,110.8,90.4,109.1,123.1,100.9,88.5,105.7,112.2,104.0,104.3
2010-02-01,100.7,96.8,77.3,107.1,88.9,110.9,118.8,104.1,92.5,111.1,112.2,110.9,106.1
2010-03-01,100.6,95.7,76.5,106.9,92.0,111.3,122.1,105.4,99.0,112.7,111.1,111.0,104.1
2010-04-01,101.4,94.7,75.0,105.0,87.5,113.0,124.5,108.3,105.1,120.3,109.3,111.0,104.4
2010-05-01,104.0,97.3,75.1,107.7,86.0,114.5,118.7,110.9,106.5,134.9,109.0,110.5,104.3
2010-06-01,101.9,97.2,75.1,108.6,90.3,113.4,125.0,108.1,103.4,124.4,107.7,111.1,102.8
2010-07-01,102.6,98.7,78.3,115.8,96.6,110.5,142.2,108.5,106.2,125.6,107.5,110.5,102.8
2010-08-01,109.0,108.7,95.2,121.3,116.4,109.6,158.5,109.8,107.6,130.0,107.7,110.5,102.5
2010-09-01,109.6,109.4,99.9,121.0,106.2,111.8,134.7,110.7,106.7,127.5,108.0,110.6,104.2
2010-10-01,108.4,108.5,101.8,119.7,97.2,114.5,127.0,109.5,109.1,112.0,108.3,110.7,107.9
2010-11-01,107.9,109.4,102.4,125.4,88.3,113.0,124.3,107.3,108.1,101.5,110.0,111.5,107.6
2010-12-01,110.0,111.3,105.1,134.6,86.4,112.3,118.7,109.3,108.1,109.8,110.3,111.5,109.0
2011-01-01,113.7,117.7,106.6,139.6,97.3,111.4,127.2,111.3,111.3,115.0,114.5,108.9,106.8
2011-02-01,117.3,119.2,110.4,139.2,99.7,112.5,134.0,116.7,116.8,127.4,114.9,113.1,109.7
2011-03-01,120.2,121.8,109.4,147.0,96.6,112.1,133.0,119.6,123.3,127.4,119.0,115.2,109.7
2011-04-01,121.7,122.3,109.5,149.9,100.7,113.5,133.8,121.7,126.3,132.9,120.5,119.6,108.9
2011-05-01,119.2,119.5,109.6,151.3,100.5,114.7,136.1,119.6,121.6,131.8,123.1,119.9,108.5
2011-06-01,120.1,120.9,111.6,155.2,100.2,113.1,133.3,119.3,120.0,135.0,124.2,120.1,106.6
2011-07-01,121.4,122.8,111.7,155.0,98.5,114.3,137.9,119.6,122.1,135.5,126.2,123.2,104.9
2011-08-01,124.0,124.8,118.0,150.8,107.1,115.6,152.7,123.6,124.7,147.7,128.6,123.3,106.1
2011-09-01,123.8,124.4,121.2,144.7,101.2,115.6,134.2,123.4,124.7,136.0,130.1,124.4,109.2
2011-10-01,124.2,122.0,119.2,137.6,101.3,114.5,127.3,126.9,128.5,140.9,130.5,124.7,112.5
2011-11-01,124.7,123.7,116.6,139.4,103.1,113.6,130.1,126.2,128.8,134.9,130.8,126.1,113.8
2011-12-01,123.5,122.1,117.3,139.8,99.0,111.5,132.5,125.7,130.8,134.4,127.8,127.3,112.7
2012-01-01,124.6,123.5,117.8,141.5,104.0,120.0,133.1,126.1,133.8,132.7,126.7,127.2,110.4
2012-02-01,125.8,124.1,117.7,144.6,102.4,119.1,134.8,127.9,135.8,136.3,123.6,126.7,112.0
2012-03-01,126.0,125.6,117.4,150.3,104.9,112.7,137.1,127.0,139.2,135.2,123.3,124.9,107.8
2012-04-01,124.3,126.0,118.3,155.8,102.4,106.7,137.5,123.1,134.1,127.0,123.7,124.1,105.2
2012-05-01,124.2,124.9,118.2,158.1,104.1,105.7,138.5,123.9,136.9,126.2,125.1,123.9,106.2
2012-06-01,126.1,126.4,118.5,161.1,102.3,105.9,146.0,126.5,136.7,142.4,126.3,124.1,105.7
2012-07-01,127.6,130.7,121.5,163.4,116.7,109.6,151.1,124.2,131.7,145.4,126.8,124.7,102.9
2012-08-01,127.4,131.7,128.8,161.0,109.2,112.1,142.4,123.2,133.3,130.1,128.8,128.5,104.5
2012-09-01,126.2,132.0,129.9,155.5,122.0,112.4,131.1,119.8,130.8,108.0,134.1,131.9,106.3
2012-10-01,127.7,132.3,128.5,158.2,122.6,110.3,132.1,122.2,128.8,118.2,135.6,132.7,108.0
2012-11-01,129.3,133.5,130.7,158.1,122.1,112.3,131.2,124.5,128.6,124.0,140.1,136.0,111.9
2012-12-01,129.7,134.8,133.5,160.1,123.1,114.4,129.6,124.7,128.4,124.9,140.1,137.0,113.5
2013-01-01,130.6,137.4,136.1,163.3,142.1,115.4,129.6,124.1,129.1,128.7,135.3,137.1,107.2
2013-02-01,132.6,139.1,135.0,169.7,148.6,116.1,127.4,126.6,131.4,133.1,134.5,137.2,110.6
2013-03-01,132.5,140.2,136.0,171.7,144.1,119.4,127.2,124.6,134.4,121.8,134.4,136.6,109.4
2013-04-01,132.6,140.6,135.4,173.2,151.0,120.4,126.8,124.2,134.1,123.4,133.0,135.9,106.8
2013-05-01,134.7,141.6,134.6,176.2,152.4,119.8,130.5,127.6,137.3,135.7,131.4,134.6,108.9
2013-06-01,136.5,141.5,133.7,175.8,119.8,120.5,137.0,130.9,138.6,150.1,131.7,135.1,109.1
2013-07-01,133.1,135.0,126.9,169.5,101.7,119.7,154.2,131.6,138.5,157.2,131.5,135.4,108.3
2013-08-01,129.5,127.1,115.9,154.0,107.4,116.0,169.8,132.8,142.0,154.2,133.3,135.4,109.4
2013-09-01,125.5,121.2,112.8,140.4,104.7,114.5,144.1,131.7,142.0,146.3,133.3,135.4,108.3
2013-10-01,124.6,120.1,108.4,141.9,101.7,119.9,132.5,132.2,142.3,143.8,129.7,135.2,113.1
2013-11-01,121.5,115.8,101.0,141.3,103.3,120.5,130.6,130.3,139.3,139.6,128.2,132.8,114.0
2013-12-01,121.7,115.4,100.7,137.4,105.0,121.0,132.4,129.6,140.1,135.0,125.3,131.4,114.7
2014-01-01,121.5,113.2,98.7,136.2,102.8,122.6,134.2,130.6,153.8,138.4,124.0,132.8,110.9
2014-02-01,122.3,111.0,97.8,130.1,96.8,122.2,135.4,134.3,158.9,147.1,123.3,132.8,114.7
2014-03-01,128.8,111.8,97.9,128.3,103.2,122.7,138.6,148.7,168.3,184.1,123.9,132.9,114.8
2014-04-01,132.0,113.8,97.3,131.6,96.6,122.3,140.4,154.2,174.1,207.6,124.5,133.0,116.2
2014-05-01,131.9,116.6,98.2,133.7,94.4,122.7,136.8,150.3,178.0,189.8,127.4,132.9,114.0
2014-06-01,131.3,115.7,96.3,132.8,107.6,123.8,145.2,153.5,182.7,190.2,128.7,133.1,113.2
2014-07-01,131.3,113.5,95.8,131.1,109.0,123.5,156.7,157.9,192.3,209.6,129.2,132.8,111.6
2014-08-01,135.3,116.7,98.4,129.7,99.7,126.6,174.5,158.1,195.7,197.6,129.8,132.7,110.5
2014-09-01,130.7,111.0,95.2,122.3,99.2,127.7,148.6,157.3,202.6,169.7,126.2,132.8,108.6
2014-10-01,132.5,110.4,97.0,124.3,99.5,122.5,131.4,166.3,215.4,180.7,125.6,135.0,113.8
2014-11-01,131.9,111.5,99.2,124.2,102.9,122.3,130.6,161.7,215.4,156.5,127.6,134.1,116.2
2014-12-01,133.4,114.2,102.7,123.3,105.2,123.6,132.0,157.3,214.6,151.9,127.2,134.3,114.8
2015-01-01,134.3,116.9,105.5,125.7,100.3,129.4,136.5,156.8,222.3,143.4,124.3,132.9,110.0
2015-02-01,136.1,118.7,106.0,127.1,101.3,129.6,135.9,158.6,231.7,131.8,123.9,134.6,111.0
2015-03-01,136.4,118.3,106.4,126.8,99.0,130.9,138.6,159.6,242.5,125.2,124.3,134.8,110.9
2015-04-01,137.6,119.1,105.8,128.6,102.1,131.9,140.1,161.4,248.4,119.6,124.0,134.8,108.0
2015-05-01,138.0,119.7,105.9,128.4,104.1,131.9,141.8,161.6,245.5,141.5,124.6,134.3,105.9
2015-06-01,137.6,119.6,104.2,131.4,102.6,130.7,146.8,160.6,242.7,151.4,123.1,136.2,104.7
2015-07-01,138.3,123.7,108.7,136.0,109.6,130.4,158.7,156.2,233.5,148.7,122.0,135.7,101.9
2015-08-01,139.4,123.6,107.0,135.4,102.9,129.9,172.3,159.8,235.0,153.7,122.1,136.6,102.8
2015-09-01,138.8,122.5,109.2,130.0,109.2,130.1,150.6,159.5,229.3,148.3,121.0,136.1,106.7
2015-10-01,135.0,118.8,108.0,123.8,114.0,131.7,131.8,155.4,211.9,147.3,124.0,136.4,109.1
2015-11-01,133.1,120.9,105.4,125.8,113.1,130.9,132.5,147.7,199.3,128.4,123.9,136.1,112.3
2015-12-01,131.7,125.1,108.7,129.2,114.1,131.0,134.5,140.0,191.1,117.5,123.5,136.0,108.6
2016-01-01,134.3,126.6,110.0,130.8,112.0,140.1,137.8,144.9,205.9,126.7,121.8,135.8,104.5
2016-02-01,134.9,127.3,109.2,131.0,114.8,140.0,135.8,145.7,200.9,142.0,121.3,136.4,104.8
2016-03-01,135.6,126.8,109.8,129.8,111.9,139.1,140.8,147.1,200.0,138.0,121.3,135.8,106.7
2016-04-01,133.7,126.1,108.7,131.6,114.7,136.9,142.8,143.2,191.5,135.8,121.7,135.5,104.6
2016-05-01,136.4,128.7,111.0,135.7,113.4,135.9,143.3,145.9,188.1,151.2,121.3,134.5,106.0
2016-06-01,137.1,128.3,110.0,137.2,109.8,137.5,145.7,146.2,181.7,160.5,120.6,134.0,104.5
2016-07-01,133.0,123.7,105.5,135.2,106.8,134.9,155.7,142.7,177.7,155.8,122.3,133.9,101.1
2016-08-01,127.8,119.1,97.8,131.4,95.4,134.3,169.9,138.5,174.2,137.2,123.1,134.8,104.7
2016-09-01,124.7,117.8,96.8,127.8,102.6,134.5,152.2,132.2,162.2,126.6,123.9,135.9,108.4
2016-10-01,124.6,120.0,99.3,131.9,106.1,134.3,136.1,126.7,153.3,110.3,124.2,136.5,111.0
2016-11-01,125.1,121.1,101.8,134.3,111.4,136.1,140.1,127.1,155.6,106.3,120.3,136.6,111.2
2016-12-01,128.7,123.0,102.7,135.8,111.2,141.0,143.4,134.8,166.7,117.7,119.8,136.6,111.2
2017-01-01,129.5,122.8,102.3,137.1,106.0,138.5,144.3,137.0,172.6,130.6,119.4,138.3,107.5
2017-02-01,130.9,122.7,100.6,139.1,105.1,137.9,144.9,140.4,169.9,148.8,118.9,138.3,109.5
2017-03-01,132.8,123.3,102.4,140.4,106.7,138.0,147.4,144.0,182.2,149.8,119.4,138.4,107.8
2017-04-01,132.4,123.4,100.9,141.3,105.2,138.7,147.6,143.1,190.3,135.0,120.7,138.3,105.7
2017-05-01,135.4,124.5,102.6,143.3,106.2,139.6,148.4,148.7,202.3,148.0,121.5,138.4,106.0
2017-06-01,136.4,125.9,104.8,142.7,110.6,140.1,151.0,149.6,190.4,169.7,120.7,138.6,105.2
2017-07-01,136.3,128.5,108.7,143.7,113.6,140.4,163.1,145.3,175.7,176.1,120.1,138.6,104.4
2017-08-01,132.9,125.5,107.8,140.9,109.9,140.5,182.3,141.3,169.8,163.6,120.5,138.5,105.5
2017-09-01,128.7,123.4,109.1,133.1,110.1,141.1,157.1,134.1,166.1,128.2,120.5,138.6,106.4
2017-10-01,128.6,122.3,108.3,133.0,110.8,140.3,141.7,135.2,170.4,121.4,120.5,138.4,109.1
2017-11-01,130.3,123.0,108.0,134.8,119.0,140.5,145.2,138.5,173.8,135.9,120.6,138.9,108.0
2017-12-01,129.2,122.4,108.2,136.5,119.8,139.6,146.1,136.8,172.5,131.5,119.7,139.1,105.8
2018-01-01,129.9,122.2,108.1,136.6,116.3,139.7,144.5,138.9,177.3,137.6,118.0,139.5,105.0
2018-02-01,130.1,121.5,107.3,137.7,114.6,139.6,144.8,140.1,180.1,144.9,117.3,139.3,102.9
2018-03-01,130.7,123.7,109.1,138.9,117.9,140.6,148.7,138.6,181.3,134.3,117.6,139.2,102.1
2018-04-01,129.6,125.1,109.6,140.7,114.6,141.7,149.7,134.1,176.6,115.7,119.3,140.7,101.2
2018-05-01,131.3,125.9,110.0,144.2,114.5,141.9,149.8,136.9,175.4,132.3,121.7,140.8,101.2
2018-06-01,132.9,126.5,110.7,143.8,114.0,142.1,152.9,139.5,169.2,155.8,123.2,142.3,100.3
2018-07-01,133.8,126.5,109.2,143.4,116.8,142.2,163.8,141.8,175.6,157.5,125.5,142.9,101.1
2018-08-01,130.2,125.5,113.5,138.9,127.8,143.0,179.0,134.8,169.9,120.2,126.7,147.5,103.6
2018-09-01,128.2,122.5,111.2,133.1,121.4,144.0,163.1,133.9,171.2,111.4,124.4,147.5,108.2
2018-10-01,129.5,121.3,109.5,133.6,115.8,145.2,151.4,139.4,170.6,135.9,124.4,147.4,110.9
2018-11-01,128.5,121.1,109.1,132.2,113.0,144.3,152.9,137.0,163.2,130.7,123.6,147.3,114.1
2018-12-01,127.9,121.7,110.5,132.2,112.6,143.6,155.6,134.5,162.9,122.1,123.7,147.3,111.1
2019-01-01,130.1,123.2,112.2,131.7,118.3,146.8,160.4,137.7,171.7,125.5,122.7,147.5,110.4
2019-02-01,129.9,124.2,113.0,131.5,115.2,146.9,163.3,135.9,169.2,123.3,123.2,147.5,110.0
2019-03-01,132.1,125.3,113.8,130.9,117.9,150.2,167.2,139.6,176.5,127.7,123.1,147.5,110.4
2019-04-01,135.3,124.6,113.4,128.4,116.2,152.3,164.9,148.3,182.0,170.2,123.2,147.6,108.8
2019-05-01,135.3,124.5,112.6,125.4,118.2,152.1,168.0,148.5,177.9,179.5,123.7,147.4,108.6
2019-06-01,133.6,124.8,114.2,125.7,117.5,152.4,174.2,144.6,169.9,166.8,123.0,146.2,107.6
2019-07-01,131.7,124.2,114.0,123.8,122.4,151.4,183.6,140.4,170.2,149.0,123.0,146.4,106.5
2019-08-01,132.7,123.9,113.2,121.3,129.6,150.4,181.3,143.2,169.7,163.1,126.2,139.6,108.6
2019-09-01,127.6,118.9,107.4,120.0,124.0,151.2,165.2,138.2,166.9,135.1,126.1,147.9,111.4
2019-10-01,128.7,119.7,108.9,124.7,118.0,152.9,157.4,140.4,167.8,139.5,128.7,147.9,114.1
2019-11-01,129.3,120.3,108.8,123.9,120.1,151.7,160.2,140.8,164.9,143.0,128.3,147.9,115.4
2019-12-01,130.5,121.0,108.8,123.1,121.1,150.4,162.3,142.1,169.0,141.1,128.7,148.0,114.5
2020-01-01,132.7,124.1,110.7,125.6,123.8,159.6,164.2,143.1,177.3,137.1,127.7,148.1,113.1
2020-02-01,132.7,125.3,111.0,126.3,125.0,160.6,164.5,141.5,172.3,132.7,127.4,148.1,115.0
2020-03-01,132.7,125.3,111.5,125.8,124.0,162.6,168.8,141.4,171.6,135.3,126.8,148.2,114.5
2020-04-01,130.8,126.2,112.0,126.7,125.4,162.3,170.4,135.3,162.2,125.7,128.2,148.2,108.6
2020-05-01,134.7,128.5,113.7,127.0,126.4,163.0,172.4,141.7,161.9,159.4,129.2,148.3,109.6
2020-06-01,133.2,128.4,111.9,127.0,127.7,164.8,177.9,136.9,169.4,129.9,128.4,148.6,105.8
2020-07-01,132.7,129.0,114.0,129.4,129.0,164.6,182.7,134.1,165.6,120.4,128.4,148.7,105.0
2020-08-01,133.1,128.5,110.8,129.3,135.0,163.7,180.4,137.4,167.9,127.6,128.8,152.5,107.9
2020-09-01,134.4,128.1,110.3,130.7,131.4,162.9,167.1,140.7,166.0,145.4,126.2,152.6,112.1
2020-10-01,137.3,130.6,112.6,134.6,132.4,161.8,164.0,143.8,161.4,169.7,126.7,152.7,113.9
2020-11-01,138.2,133.3,114.5,140.3,132.9,162.0,164.4,141.5,160.2,154.5,127.1,152.8,114.6
2020-12-01,139.5,136.8,117.9,144.2,132.7,163.8,165.2,140.4,160.6,139.7,130.5,152.6,115.0
2021-01-01,143.0,142.2,122.2,152.0,134.3,164.9,172.2,142.1,166.0,139.8,134.2,152.4,114.5
2021-02-01,148.0,148.0,127.8,160.9,131.3,166.4,174.5,146.0,170.1,154.7,136.1,153.1,113.8
2021-03-01,153.0,152.0,129.6,169.5,135.0,169.0,179.1,151.9,170.1,176.1,138.5,160.9,115.3
2021-04-01,158.7,157.4,133.5,182.7,131.8,170.4,179.4,157.6,181.6,197.0,144.8,161.0,111.9
2021-05-01,159.3,157.2,137.8,189.3,132.3,169.0,180.9,159.4,184.4,200.6,146.2,161.4,113.2
2021-06-01,164.6,162.9,142.0,198.9,133.4,170.0,183.4,162.9,187.1,211.6,146.8,161.5,110.3
2021-07-01,167.9,170.0,146.7,211.2,143.1,169.4,186.5,158.7,180.7,208.9,147.2,166.4,108.6
2021-08-01,164.2,165.6,152.8,204.8,146.7,167.2,178.8,158.8,179.8,209.2,149.8,169.0,109.2
2021-09-01,167.5,169.8,166.8,182.6,144.5,167.1,167.6,159.2,183.4,190.5,149.1,168.9,113.6
2021-10-01,168.0,172.0,168.3,178.4,138.2,171.3,164.5,154.1,176.1,177.3,147.6,168.8,115.7
2021-11-01,174.3,184.5,172.5,197.1,135.6,172.2,166.0,150.5,172.0,158.3,147.3,168.5,117.5
2021-12-01,176.3,187.9,179.5,211.2,135.6,169.5,165.9,154.5,182.3,154.4,147.0,168.6,120.7
2022-01-01,186.3,206.8,194.3,228.5,143.8,176.4,171.9,154.2,181.9,157.6,147.9,169.0,118.3
2022-02-01,196.1,216.8,204.5,246.6,144.2,176.4,172.2,163.4,185.9,182.9,147.7,168.7,129.0
2022-03-01,202.5,223.3,214.6,265.9,146.2,177.5,175.4,168.2,191.0,198.9,148.0,172.4,128.5
2022-04-01,206.1,228.9,219.0,278.8,145.1,177.9,179.4,167.9,195.5,189.4,153.5,173.8,126.2
2022-05-01,207.0,229.6,231.1,285.7,145.1,178.3,181.3,170.3,201.5,190.0,159.1,174.1,126.0
2022-06-01,212.5,234.2,233.9,291.5,147.2,179.2,183.7,172.2,204.3,198.6,161.2,190.4,122.8
2022-07-01,207.9,223.3,215.4,272.0,145.8,179.8,191.3,176.6,207.0,211.2,167.4,190.7,124.1
2022-08-01,193.6,200.1,192.2,251.2,132.6,180.7,196.8,179.6,213.0,222.8,168.2,189.9,122.0
2022-09-01,190.3,195.1,187.6,228.9,142.4,180.5,189.7,178.1,218.4,192.8,169.3,193.4,126.1
2022-10-01,191.6,196.2,188.5,225.9,147.8,180.1,195.2,179.1,215.0,190.9,169.6,193.5,131.0
2022-11-01,195.1,203.5,192.6,235.9,149.5,179.8,199.6,176.1,210.0,182.9,168.6,193.2,132.8
2022-12-01,192.9,203.4,194.0,238.8,150.0,181.6,197.7,172.5,208.7,170.4,170.4,193.5,132.1
2023-01-01,194.0,204.3,195.8,239.2,147.4,187.6,203.9,173.0,213.1,157.9,171.3,193.9,133.3
2023-02-01,194.3,201.5,195.0,232.7,146.5,187.6,203.8,177.4,224.1,163.5,170.2,198.6,133.8
2023-03-01,196.1,199.5,190.2,228.2,148.9,186.0,207.1,184.6,243.5,171.8,170.0,197.9,135.0
2023-04-01,195.3,197.5,187.8,224.0,146.6,184.0,211.3,185.8,258.5,154.6,171.2,197.1,128.9
2023-05-01,194.4,193.8,181.1,216.0,146.9,183.4,210.8,187.9,271.3,155.2,172.1,196.7,127.6
2023-06-01,189.5,186.9,174.8,204.3,150.4,183.6,212.9,189.7,281.5,166.7,169.0,197.0,124.5
2023-07-01,191.2,188.3,176.3,209.0,154.0,185.5,219.2,193.9,278.4,194.5,169.0,197.4,124.7
2023-08-01,195.0,188.2,173.3,211.4,137.5,187.4,210.9,197.3,277.8,200.9,165.8,196.3,127.7
2023-09-01,191.2,184.1,169.3,203.1,146.2,187.9,200.3,198.6,285.6,180.4,165.2,196.3,129.6
2023-10-01,191.3,186.3,167.7,210.0,150.4,187.0,204.0,199.2,283.7,171.1,164.9,196.2,133.3
2023-11-01,187.1,181.3,162.4,201.5,160.7,187.2,206.1,194.9,275.8,166.0,163.9,189.1,137.8
2023-12-01,184.1,181.0,159.5,196.4,161.1,187.9,207.3,183.5,260.7,153.5,164.0,189.5,133.3
2024-01-01,182.1,175.4,155.9,188.6,153.7,192.1,213.9,186.1,257.8,155.6,166.3,192.7,135.3
2024-02-01,180.7,168.2,150.6,174.3,153.3,192.4,215.2,192.0,272.6,166.6,168.0,191.9,133.0
2024-03-01,181.5,166.2,146.5,171.1,155.4,192.9,218.2,197.4,285.7,175.9,165.6,198.1,131.9
