index,food_cpi: Food,food_cpi: Meat,"food_cpi: Fish, seafood and other marine products",food_cpi: Dairy products and eggs,food_cpi: Bakery and cereal products (excluding baby food),"food_cpi: Fruit, fruit preparations and nuts",food_cpi: Vegetables and vegetable preparations,food_cpi: Other food products and non-alcoholic beverages,food_cpi: Food purchased from restaurants,apu000072610,cwur0000sa0,fmpi,impch,impmx,paynsa,pcu324191324191,pcu333132333132,pcu482111482111,canola_oil,energy_cpi,fppi_total,rmpi_total
1986-01-01,67.3,65.1,60.6,70.9,69.3,76.0,76.0,77.5,59.1,0.081,108.9,99.8,459.5,1501.1,97397,113.3,120.9,101.0,41775,69.4,77.5,47.5
1986-02-01,66.9,64.2,61.3,70.8,70.3,77.6,68.4,78.1,59.1,0.075,108.5,99.2,376.6,1474.4,97590,113.3,119.9,101.0,42026,69.4,77.4,47.5
1986-03-01,67.0,64.2,61.3,71.1,70.6,79.2,66.2,78.6,59.3,0.075,107.9,99.0,401.8,1487.7,98138,113.3,119.8,101.0,51905,67.1,76.4,47.6
1986-04-01,67.7,63.6,61.4,71.0,71.3,82.2,71.1,79.5,59.7,0.074,107.6,98.6,264.9,1376.9,98973,112.9,119.9,101.0,36129,62.6,75.3,47.3
1986-05-01,68.2,64.0,61.9,71.4,71.2,83.5,75.3,79.8,59.9,0.074,107.9,99.3,319.0,1707.2,99667,112.4,118.8,100.8,33969,61.0,75.9,47.6
1986-06-01,68.4,64.9,62.0,71.1,71.1,83.1,74.1,79.9,60.0,0.08,108.4,99.6,375.7,1237.9,99973,112.3,118.2,100.9,37553,60.8,76.8,47.9
1986-07-01,69.2,66.5,62.2,71.3,71.7,84.8,75.7,80.2,60.6,0.08,108.4,101.0,450.2,1667.0,99219,112.0,117.3,100.8,42512,60.6,78.4,48.2
1986-08-01,69.5,67.8,62.7,71.5,71.9,86.7,71.9,80.2,60.9,0.08,108.6,101.7,434.7,1249.7,99393,111.9,117.2,100.7,31164,60.4,76.0,48.5
1986-09-01,69.9,71.3,63.1,71.8,71.7,83.8,66.6,80.8,60.9,0.08,109.1,101.5,413.4,1381.3,100317,112.9,116.2,100.6,49102,59.6,76.0,48.7
1986-10-01,70.2,71.5,63.6,71.8,71.1,82.9,70.7,81.0,61.3,0.074,109.1,101.3,398.5,1311.3,100886,112.8,117.8,100.4,56215,59.1,76.6,48.4
1986-11-01,70.6,72.1,65.3,72.1,71.6,78.9,78.0,79.9,61.6,0.073,109.2,101.5,486.0,1525.1,101141,112.8,118.3,100.5,53802,59.7,77.1,48.9
1986-12-01,70.5,72.9,65.9,72.5,72.2,76.1,75.9,78.8,61.7,0.073,109.3,101.4,390.7,1382.1,101300,112.7,118.7,99.8,60197,59.9,75.7,48.6
1987-01-01,71.2,72.8,67.1,72.5,72.6,77.4,79.6,81.0,62.1,0.075,110.0,100.9,520.6,1155.9,99334,112.9,118.9,99.8,57699,60.7,73.7,48.8
1987-02-01,71.2,71.0,67.5,72.8,72.3,79.4,82.7,81.1,62.1,0.076,110.5,101.1,565.3,1827.3,99657,112.5,119.4,99.8,51907,62.0,73.6,48.6
1987-03-01,71.2,70.5,67.6,72.4,72.8,79.6,81.3,81.9,62.3,0.076,111.0,101.0,482.5,1712.9,100367,112.5,119.1,99.8,59122,63.2,73.1,48.5
1987-04-01,71.2,71.2,67.6,72.2,72.6,79.3,80.9,81.3,62.3,0.076,111.6,102.0,468.3,1601.6,101369,112.3,117.9,100.1,52915,63.6,74.1,49.3
1987-05-01,71.8,72.0,67.8,72.4,73.2,82.6,84.3,79.8,62.7,0.076,111.9,103.3,514.7,1764.1,102135,112.1,119.0,100.2,57228,63.7,76.4,51.2
1987-06-01,72.6,73.0,67.9,72.4,72.6,88.2,90.6,79.3,62.3,0.084,112.4,103.4,536.3,1838.3,102742,111.3,118.4,100.2,57655,64.4,77.7,51.6
1987-07-01,72.8,73.4,68.4,72.4,73.7,87.8,88.5,79.8,62.7,0.084,112.7,103.5,560.0,1653.3,101990,110.5,118.0,100.1,46147,64.7,77.6,51.5
1987-08-01,72.1,74.6,69.0,72.9,73.6,85.9,71.5,80.3,62.9,0.085,113.3,103.4,598.1,1630.9,102219,110.5,119.3,100.3,30153,65.0,78.5,52.0
1987-09-01,71.7,73.8,69.3,73.5,73.3,83.0,70.1,80.2,63.1,0.084,113.8,103.2,549.6,1724.4,102986,110.8,118.3,100.1,52004,65.5,78.0,52.2
1987-10-01,71.8,74.3,70.3,73.1,73.1,81.6,72.0,79.9,63.4,0.078,114.1,103.1,567.9,1871.4,103893,112.0,120.6,100.2,59641,65.3,76.4,52.4
1987-11-01,72.1,73.8,70.3,73.2,73.6,80.9,78.4,79.7,63.6,0.077,114.3,103.1,489.8,1783.3,104232,113.6,122.0,100.2,64219,65.5,75.8,52.4
1987-12-01,72.1,72.3,70.4,73.1,73.7,78.6,84.6,78.3,63.7,0.077,114.2,103.4,440.5,1707.4,104472,113.5,123.8,100.1,61550,65.5,75.4,53.5
1988-01-01,72.8,72.9,71.4,73.4,74.4,78.6,85.8,81.1,64.1,0.078,114.5,103.9,652.8,1742.3,102380,115.2,124.4,103.2,60888,65.5,76.0,53.5
1988-02-01,72.6,72.0,72.0,73.8,74.3,81.5,81.4,81.4,64.4,0.078,114.7,104.0,650.6,1961.4,102951,115.3,124.7,103.2,62191,64.6,76.1,52.5
1988-03-01,72.5,72.3,72.6,74.1,74.6,81.6,75.3,81.3,64.5,0.078,115.1,104.7,509.9,2021.2,103693,117.0,125.1,103.2,59798,64.1,75.6,53.0
1988-04-01,72.8,72.2,72.9,74.4,74.9,82.6,77.5,81.5,64.8,0.077,115.7,105.0,551.9,1795.9,104587,118.5,124.7,105.2,55150,64.8,76.4,53.1
1988-05-01,73.3,72.0,73.7,75.4,74.9,85.4,80.1,80.5,65.3,0.077,116.2,105.5,615.1,1953.3,105347,119.6,123.9,105.2,44382,65.4,77.4,53.9
1988-06-01,73.9,72.9,73.8,75.5,75.9,90.3,79.2,80.9,65.4,0.084,116.7,107.3,720.8,2117.5,106208,122.7,123.9,104.9,57650,65.2,78.7,54.5
1988-07-01,74.6,73.6,74.3,75.9,75.9,91.0,81.2,81.3,65.9,0.084,117.2,108.5,761.6,1688.5,105315,122.2,124.3,105.2,46099,65.3,78.4,54.4
1988-08-01,74.8,73.8,75.2,76.3,76.3,92.2,78.2,82.4,66.2,0.084,117.7,108.4,803.9,2013.8,105477,123.5,124.4,105.4,29618,64.2,84.9,53.4
1988-09-01,74.6,73.8,76.0,76.5,76.1,91.4,75.0,82.3,66.4,0.084,118.5,109.5,793.3,1943.8,106341,124.0,125.0,105.4,51671,64.3,85.9,53.5
1988-10-01,74.6,73.6,77.1,76.4,76.8,88.1,75.4,82.8,66.7,0.08,118.9,109.6,834.0,1998.3,107013,123.8,125.7,105.4,53380,63.9,85.8,53.9
1988-11-01,74.3,72.9,77.2,76.3,76.8,84.6,76.3,82.7,67.0,0.078,119.0,109.6,798.8,2056.7,107500,124.7,125.3,105.4,50950,63.3,84.8,54.2
1988-12-01,74.1,72.9,77.0,76.4,76.7,80.3,78.5,81.0,67.2,0.078,119.2,109.5,818.2,1967.1,107722,124.0,124.6,105.4,44193,63.1,85.2,54.4
1989-01-01,74.9,73.5,77.2,77.1,76.9,79.4,83.0,83.4,67.6,0.079,119.7,110.8,788.9,2017.1,105743,124.6,126.5,105.8,39339,63.6,85.2,54.7
1989-02-01,75.6,73.6,77.2,77.2,76.8,78.7,90.8,84.0,67.8,0.079,120.2,110.9,798.1,2094.3,106170,124.4,126.5,105.9,37859,64.0,85.7,54.2
1989-03-01,75.6,74.0,77.0,76.9,77.3,80.9,84.2,85.0,68.1,0.079,120.8,111.9,667.3,2289.6,106813,124.7,126.8,105.9,41825,64.4,85.9,55.1
1989-04-01,75.9,74.4,77.6,77.0,77.5,82.1,85.3,84.5,68.3,0.079,121.8,111.6,728.5,2361.3,107611,125.4,125.0,106.0,39164,65.0,85.8,54.5
1989-05-01,76.4,73.8,77.7,77.3,77.2,83.6,92.4,84.2,68.6,0.08,122.5,112.2,937.9,2529.9,108294,126.7,125.9,106.0,57546,67.5,86.2,54.0
1989-06-01,76.9,74.5,77.7,77.4,77.4,84.5,96.6,84.2,68.7,0.086,122.8,112.1,1021.7,2244.2,108937,127.5,126.6,106.3,50766,67.9,86.1,53.8
1989-07-01,77.6,75.7,77.9,77.5,78.1,86.3,95.7,85.1,69.5,0.086,123.2,112.5,1162.7,2173.1,107848,127.8,126.7,106.9,47124,68.1,86.6,53.3
1989-08-01,77.1,75.6,78.4,77.7,78.5,88.1,82.8,85.5,69.6,0.086,123.2,112.3,1279.6,2360.6,107927,127.6,127.1,106.8,41319,68.1,84.5,53.7
1989-09-01,76.8,76.5,77.8,78.4,78.2,85.3,74.9,86.2,69.9,0.086,123.6,112.4,1179.3,2210.8,108724,128.0,127.4,106.8,41515,68.0,82.8,52.9
1989-10-01,77.1,76.8,76.6,79.0,79.3,84.1,77.9,85.3,70.1,0.081,124.2,112.3,1340.4,2463.6,109217,128.1,127.9,106.8,46756,67.8,83.0,52.8
1989-11-01,77.0,75.9,76.3,79.2,79.1,81.3,82.4,84.8,70.4,0.08,124.4,113.2,1133.8,2359.4,109657,128.1,127.6,106.9,48214,68.1,82.9,51.8
1989-12-01,76.6,76.6,75.5,79.2,79.8,81.0,75.3,83.6,70.5,0.081,124.6,113.7,951.5,2058.2,109666,128.2,127.6,106.9,46857,67.8,83.1,51.1
1990-01-01,78.5,77.8,76.3,79.5,80.3,81.4,93.1,86.0,70.9,0.081,125.9,114.4,1186.1,2380.3,107573,128.4,128.1,107.1,42589,69.4,81.9,50.7
1990-02-01,79.2,76.4,76.6,80.0,80.5,83.6,102.4,86.9,71.0,0.081,126.4,114.6,993.8,2373.2,108069,128.3,127.9,107.1,39819,70.2,82.8,51.7
1990-03-01,79.4,77.1,76.1,79.7,80.7,87.3,98.0,86.9,71.3,0.081,127.1,115.2,931.0,2636.4,108724,129.5,128.0,107.1,43553,70.8,83.8,52.8
1990-04-01,78.8,77.9,75.8,79.5,81.2,85.9,84.8,87.6,71.7,0.082,127.3,115.4,996.4,2180.3,109366,130.0,128.1,107.1,34985,71.4,84.2,52.6
1990-05-01,79.0,78.4,76.2,79.0,80.6,88.1,84.8,87.0,72.2,0.082,127.5,116.9,1173.5,2497.4,110271,130.0,129.0,107.1,32578,72.2,85.5,53.5
1990-06-01,80.1,80.8,76.9,79.2,81.0,92.8,88.7,86.9,72.2,0.088,128.3,116.9,1317.2,2488.6,110838,130.7,129.3,107.1,33061,72.6,86.0,53.2
1990-07-01,80.6,81.1,76.6,79.2,80.8,96.4,88.5,87.7,72.8,0.087,128.7,117.3,1492.5,2309.9,109567,130.7,129.4,107.1,31666,72.4,85.5,53.3
1990-08-01,79.9,80.4,76.9,79.5,80.4,96.0,79.4,87.1,73.0,0.087,129.9,117.2,1568.6,2570.7,109449,132.9,130.5,107.3,37622,72.6,80.2,53.2
1990-09-01,79.7,81.5,77.2,81.4,81.0,90.5,72.4,87.8,73.1,0.088,131.1,116.9,1432.1,2625.3,110044,135.1,132.9,107.3,49996,73.4,79.0,52.7
1990-10-01,80.1,81.9,77.0,81.7,81.5,86.7,78.6,87.8,73.6,0.083,131.9,116.9,1652.1,3067.7,110240,142.7,132.8,108.3,53979,76.7,79.6,51.8
1990-11-01,80.2,81.3,76.6,81.9,81.8,85.9,82.1,87.1,73.9,0.082,132.2,116.4,1367.9,2789.0,110205,147.8,134.2,108.5,52036,79.3,78.3,51.2
1990-12-01,79.9,81.9,77.0,82.2,82.3,85.6,77.5,84.3,74.2,0.082,132.2,116.3,1126.2,2238.0,109974,148.7,130.7,108.5,48275,79.2,78.2,50.8
1991-01-01,83.2,82.1,78.3,82.2,82.6,92.7,83.2,89.4,79.5,0.084,132.8,116.7,1321.6,2476.2,107425,149.8,131.8,108.6,45585,82.6,78.0,51.1
1991-02-01,83.2,81.4,78.0,82.2,81.7,95.2,83.7,89.2,79.6,0.084,132.8,116.9,1253.7,2194.2,107392,149.8,132.5,108.9,47283,77.9,78.4,51.2
1991-03-01,83.5,80.9,78.0,83.3,82.2,99.2,80.7,89.5,79.8,0.085,133.0,117.2,974.3,2409.2,107681,148.3,133.2,109.5,49517,75.4,78.4,51.0
1991-04-01,83.8,80.0,77.8,82.8,82.0,98.4,89.8,89.4,80.0,0.084,133.3,117.1,1104.2,2678.9,108071,147.3,136.4,109.5,47708,74.1,78.3,50.8
1991-05-01,84.0,79.4,78.8,82.6,81.0,100.3,93.7,88.7,80.3,0.085,133.8,116.8,1380.8,2642.0,108752,148.2,137.5,109.6,50139,76.3,78.9,50.4
1991-06-01,85.5,80.5,79.1,82.6,81.8,102.9,110.5,88.7,80.3,0.09,134.1,116.6,1525.5,2573.2,109234,147.8,137.6,109.5,50521,76.5,78.7,50.3
1991-07-01,84.9,80.5,79.2,82.7,81.1,105.4,100.3,88.3,80.4,0.091,134.3,116.3,1813.2,2479.8,108033,147.6,138.2,109.6,43820,77.5,77.1,49.9
1991-08-01,84.0,80.3,79.8,82.6,81.2,105.6,83.2,88.6,80.6,0.09,134.6,116.1,1872.4,2642.5,108123,147.3,138.1,109.3,37589,77.3,78.0,49.5
1991-09-01,82.9,79.9,79.9,82.2,81.1,100.8,74.0,87.7,80.7,0.091,135.2,115.9,1936.3,2695.5,108840,147.2,138.1,109.2,53985,77.8,76.7,48.8
1991-10-01,82.1,79.0,79.2,82.2,81.4,93.0,72.1,87.5,80.9,0.087,135.4,116.5,2236.4,3150.9,109210,146.6,138.1,109.3,56961,76.3,76.0,48.5
1991-11-01,82.3,79.3,78.0,82.9,81.5,89.9,79.8,85.9,81.1,0.084,135.8,116.2,1957.6,2778.0,109226,146.6,138.1,109.3,56805,76.3,74.9,47.6
1991-12-01,81.7,78.6,77.4,83.0,81.6,85.9,77.7,84.2,81.2,0.085,135.9,116.0,1593.2,2409.2,109110,146.6,137.8,109.3,59264,75.4,74.2,47.8
1992-01-01,82.4,78.6,78.7,83.1,81.2,87.4,81.9,86.2,81.4,0.085,136.0,116.0,1912.6,2493.6,106723,146.7,138.2,109.5,57962,77.6,74.0,48.2
1992-02-01,82.5,78.2,78.7,83.1,81.0,88.1,86.9,84.8,81.5,0.084,136.4,116.3,1693.7,2612.4,106977,146.9,136.8,109.9,62775,75.6,75.9,49.7
1992-03-01,82.9,77.9,79.0,82.8,81.5,90.0,92.2,84.7,81.6,0.086,137.0,116.5,1441.8,2944.4,107494,146.9,136.8,109.9,60067,75.1,76.1,50.1
1992-04-01,83.2,78.1,79.1,82.7,81.6,89.9,95.2,85.2,81.6,0.086,137.3,116.5,1677.6,2940.8,108331,146.9,137.0,110.0,64302,75.2,75.9,50.5
1992-05-01,83.0,78.5,80.0,83.0,82.1,91.9,86.4,85.0,81.7,0.087,137.6,117.3,1853.9,2962.6,109137,147.2,137.1,110.0,57522,76.3,76.9,51.3
1992-06-01,83.7,79.1,80.5,83.3,82.6,96.9,87.4,85.5,81.7,0.092,138.1,117.5,2179.2,3147.4,109626,147.0,137.1,110.0,62118,77.5,77.3,51.6
1992-07-01,83.5,78.2,82.2,83.0,82.9,96.5,86.5,85.9,82.0,0.092,138.4,117.2,2503.8,2860.8,108608,147.2,136.6,109.8,71006,79.0,76.0,51.7
1992-08-01,83.4,78.6,82.4,83.3,82.9,98.8,80.0,85.6,82.1,0.091,138.8,117.1,2613.0,2996.0,108664,148.5,136.3,109.9,56868,78.1,77.7,51.3
1992-09-01,83.0,78.8,82.9,83.5,83.1,95.2,77.0,85.5,82.1,0.092,139.1,117.2,2760.5,3007.7,109449,148.9,136.7,109.9,61025,77.6,78.7,52.0
1992-10-01,83.0,79.0,84.1,83.6,83.0,89.8,78.5,85.5,82.4,0.088,139.6,117.0,2748.4,3398.4,110036,149.5,136.7,110.1,67774,77.5,78.1,51.9
1992-11-01,83.1,79.6,83.2,83.8,83.2,86.4,83.3,85.6,82.4,0.086,139.8,116.8,2316.0,3014.9,110275,149.7,137.3,110.1,64289,78.3,79.2,52.0
1992-12-01,83.4,80.1,83.1,83.7,83.6,86.1,84.9,85.9,82.5,0.088,139.8,117.2,2027.0,2832.1,110265,149.9,137.5,110.3,74185,78.2,79.9,53.2
1993-01-01,84.1,80.8,84.6,84.0,83.3,87.4,89.9,86.3,82.7,0.089,140.3,117.5,2187.6,2796.1,108098,149.4,139.0,110.5,65629,78.6,80.5,53.5
1993-02-01,84.5,81.6,84.7,83.1,83.3,89.0,92.4,87.1,82.7,0.087,140.7,117.6,1862.4,2991.5,108701,149.4,139.0,110.5,65786,78.2,81.7,54.4
1993-03-01,84.2,80.6,85.2,82.4,82.9,85.9,96.5,86.3,82.7,0.088,141.1,117.8,2083.2,3455.0,109136,149.5,139.7,110.6,72418,77.6,81.8,55.2
1993-04-01,84.0,80.5,85.2,82.6,82.9,86.7,93.1,86.2,82.7,0.088,141.6,118.6,2226.3,3354.9,110140,149.3,137.7,110.6,65646,77.7,81.7,55.9
1993-05-01,84.9,81.5,85.4,82.4,82.6,87.4,102.4,86.3,83.0,0.09,141.9,119.0,2376.3,3263.6,111103,149.3,137.5,110.7,68477,78.2,82.0,57.0
1993-06-01,84.9,81.9,85.4,82.5,83.2,87.6,99.4,87.0,83.0,0.094,142.0,118.9,2754.2,3527.2,111693,148.9,137.4,110.8,62562,78.9,81.9,57.4
1993-07-01,84.9,82.6,85.6,82.5,83.9,89.3,93.5,87.1,83.0,0.095,142.1,119.1,2981.1,3083.8,110825,149.0,137.4,110.9,68116,78.6,80.5,57.5
1993-08-01,84.5,82.0,85.7,82.6,83.8,91.4,85.2,87.7,83.1,0.097,142.4,119.1,3223.3,3157.6,110935,149.4,137.5,110.9,69186,78.1,84.1,57.2
1993-09-01,84.1,82.2,85.4,82.7,83.2,91.9,78.6,87.3,83.0,0.097,142.6,119.0,3338.7,3472.7,111926,149.4,138.0,110.9,72283,78.4,84.8,57.0
1993-10-01,84.2,81.8,85.4,82.5,84.0,91.9,80.5,87.1,83.2,0.093,143.3,119.0,3277.6,3748.2,112591,149.4,138.6,111.2,77511,78.0,84.5,56.5
1993-11-01,84.5,82.0,84.2,82.7,84.1,90.6,87.3,86.8,83.2,0.091,143.4,119.4,2899.6,3774.8,112935,149.6,138.7,111.3,77634,78.0,83.5,56.6
1993-12-01,84.9,83.1,83.6,83.0,84.4,87.8,91.1,86.7,83.3,0.09,143.3,119.8,2329.6,3292.1,113084,149.6,140.8,111.3,81338,77.1,83.8,57.6
1994-01-01,85.2,82.5,84.3,83.3,84.4,86.9,95.4,87.2,83.5,0.09,143.6,120.0,2763.1,3496.2,110833,149.7,140.8,111.6,80485,76.4,86.2,58.7
1994-02-01,84.9,82.9,84.5,82.8,84.4,87.6,88.0,87.6,83.6,0.09,144.0,120.5,2499.2,3613.5,111414,149.8,141.0,111.7,69486,77.3,87.9,60.3
1994-03-01,84.3,82.3,84.5,80.2,84.4,86.4,86.8,87.2,83.8,0.089,144.4,121.0,2183.0,4207.0,112389,150.5,140.9,112.0,79235,77.5,87.9,61.1
1994-04-01,84.6,81.8,84.8,82.6,85.2,86.3,86.8,87.7,83.9,0.088,144.7,120.9,2491.6,3828.0,113467,150.5,140.9,112.0,80201,77.4,87.6,61.5
1994-05-01,84.6,82.1,84.6,82.0,84.5,88.1,89.1,86.7,83.7,0.09,144.9,120.6,2979.0,4032.7,114479,150.4,140.6,112.0,76880,78.1,86.0,62.5
1994-06-01,84.9,82.2,83.5,82.4,84.7,87.4,93.2,86.3,83.7,0.095,145.4,119.8,3463.3,4193.6,115271,150.5,140.5,112.0,74214,79.2,84.7,62.6
1994-07-01,85.3,81.9,84.7,82.8,85.0,91.0,93.7,87.1,84.0,0.095,145.8,119.7,3645.4,3614.3,114324,151.7,140.8,111.9,74137,79.9,83.4,63.1
1994-08-01,85.1,81.9,85.2,82.7,84.8,94.6,83.4,88.2,84.2,0.096,146.5,120.1,4165.8,4355.4,114634,152.6,140.8,111.9,58476,80.6,83.8,64.1
1994-09-01,84.5,82.2,86.0,83.0,84.9,90.9,73.5,89.3,84.4,0.096,146.9,119.9,4134.4,4376.5,115693,153.6,141.0,111.7,85045,79.8,88.1,63.8
1994-10-01,84.8,82.2,85.8,82.7,85.7,87.5,75.9,90.7,84.5,0.093,147.0,119.6,4101.2,4581.3,116318,153.6,141.8,111.8,96839,78.2,86.3,64.5
1994-11-01,84.9,80.8,86.0,83.4,85.5,85.5,82.9,91.2,84.6,0.091,147.3,119.6,3534.3,4929.9,116926,153.9,141.8,111.8,99868,79.5,86.4,65.9
1994-12-01,85.1,80.5,86.8,84.0,86.2,82.5,86.4,91.8,84.7,0.091,147.2,119.4,2826.5,4265.3,116964,153.9,141.8,111.8,99558,78.8,87.5,67.0
1995-01-01,86.4,80.9,87.1,84.5,86.8,86.7,92.5,94.4,84.9,0.091,147.8,120.2,3450.6,4722.1,114655,155.2,142.1,112.0,104304,78.5,88.6,69.4
1995-02-01,86.9,81.8,87.7,84.7,88.0,86.3,92.5,95.5,85.0,0.091,148.3,120.8,3001.5,4787.1,115315,156.3,142.6,111.7,93141,78.7,90.8,69.6
1995-03-01,86.9,82.2,87.7,84.8,88.0,84.9,91.9,94.9,85.1,0.091,148.7,121.1,2910.4,5480.8,116071,156.8,143.3,111.8,96685,79.2,90.6,69.8
1995-04-01,87.8,82.6,87.9,85.2,89.0,86.7,101.1,94.5,85.3,0.09,149.3,120.5,3148.3,4727.8,116902,156.9,145.7,111.8,91509,79.5,88.5,69.4
1995-05-01,87.3,81.6,88.4,85.2,87.7,87.8,94.2,94.7,85.6,0.092,149.6,120.3,3654.9,5305.0,117625,157.0,145.7,111.9,80435,81.3,87.2,68.9
1995-06-01,87.4,81.8,88.4,85.2,88.0,87.2,97.1,94.2,85.7,0.098,149.9,120.4,3960.7,5262.9,118340,158.3,145.8,111.8,86105,81.2,90.3,70.0
1995-07-01,87.4,82.7,88.4,85.3,87.4,90.9,91.4,94.3,85.9,0.098,149.9,121.4,4311.8,4773.4,117106,158.2,146.3,111.5,70570,80.6,90.9,70.7
1995-08-01,86.6,83.1,88.6,85.0,87.8,91.3,76.0,94.8,86.1,0.098,150.2,122.0,4804.7,5353.2,117370,158.5,146.8,111.7,71622,79.5,92.8,69.7
1995-09-01,86.4,83.4,88.8,85.5,88.9,87.7,71.8,94.9,86.2,0.097,150.6,122.4,4584.1,5388.6,118286,158.5,148.8,111.7,92469,79.7,94.6,67.7
1995-10-01,86.4,83.3,89.0,85.6,89.9,86.7,71.8,94.9,86.2,0.094,151.0,123.2,4714.3,5717.1,118888,158.6,149.6,111.7,92266,78.8,92.6,66.2
1995-11-01,86.4,82.7,88.7,85.9,90.0,86.8,73.2,94.6,86.2,0.092,150.9,123.8,3868.0,5677.6,119125,158.3,149.7,111.6,94572,78.5,94.3,66.7
1995-12-01,86.8,82.5,88.1,85.7,91.5,86.7,78.2,94.2,86.2,0.091,150.9,124.2,3133.9,4904.8,119123,157.4,149.8,111.5,99507,79.5,94.6,67.3
1996-01-01,87.2,82.7,88.4,86.3,90.3,87.5,79.9,95.5,86.4,0.091,151.7,124.2,3657.7,5607.1,116423,157.6,151.5,111.4,107209,79.5,96.1,66.7
1996-02-01,87.3,83.3,88.4,86.7,91.1,86.5,77.4,95.8,86.6,0.091,152.2,124.4,3539.6,5582.3,117364,157.8,152.0,111.5,98262,79.3,97.1,67.5
1996-03-01,87.4,83.3,87.7,86.6,91.1,88.7,79.1,95.3,86.7,0.092,152.9,124.3,2863.7,5700.9,118167,157.8,152.0,111.5,102147,80.6,97.2,67.7
1996-04-01,88.3,83.8,87.0,86.3,91.6,89.9,88.1,95.3,86.8,0.092,153.6,124.6,3247.9,5993.6,119005,157.9,152.1,111.5,103539,81.7,97.5,67.9
1996-05-01,87.9,83.8,87.0,86.2,90.8,89.6,83.4,95.6,86.8,0.092,154.0,126.3,3954.3,6419.5,120132,158.1,152.1,111.4,89370,84.3,98.0,69.4
1996-06-01,88.5,85.0,87.0,86.3,90.8,92.4,85.6,95.1,87.1,0.096,154.1,127.6,4111.2,6166.1,120795,158.3,152.8,111.3,93870,83.1,100.1,68.0
1996-07-01,88.3,84.7,87.0,86.5,90.4,91.0,84.1,95.2,87.2,0.099,154.3,128.3,4816.7,6040.5,119758,158.4,152.9,111.4,111283,81.0,99.1,68.0
1996-08-01,88.0,85.5,87.2,86.3,91.2,91.9,77.3,94.8,87.2,0.099,154.5,129.7,5495.7,6471.8,120051,158.9,152.9,111.4,100494,81.1,98.2,68.2
1996-09-01,87.7,86.9,87.3,87.1,92.7,89.9,67.8,94.9,87.3,0.099,155.1,129.7,5480.7,6497.2,120795,159.0,153.0,111.4,113472,81.7,96.0,67.0
1996-10-01,88.3,86.8,87.6,87.9,94.1,91.0,70.4,94.9,87.6,0.095,155.5,129.8,5812.9,7116.0,121516,159.0,153.4,111.7,101769,83.4,93.6,66.0
1996-11-01,88.9,86.9,87.3,88.5,94.1,89.9,77.8,95.5,87.7,0.092,155.9,128.5,4585.4,6603.2,121976,159.1,153.6,111.5,88270,83.3,90.8,65.9
1996-12-01,88.7,86.4,87.1,88.9,95.2,91.1,75.0,94.1,87.7,0.092,155.9,128.2,3947.0,6099.0,121955,159.3,154.3,111.5,88127,83.8,91.4,66.5
1997-01-01,89.1,86.8,88.0,89.1,94.4,90.6,79.4,95.0,87.7,0.092,156.3,127.4,4667.6,6187.2,119413,159.6,154.7,111.4,80327,84.4,90.3,67.0
1997-02-01,89.4,86.8,87.1,89.1,95.1,87.8,82.5,95.4,88.0,0.092,156.8,127.1,4262.4,6533.6,120274,159.5,155.0,111.5,86856,84.9,91.7,67.8
1997-03-01,89.4,86.4,87.3,89.2,95.1,87.6,83.4,95.2,88.1,0.093,157.0,128.1,3628.6,6957.5,121155,159.0,155.9,111.6,98485,84.5,93.1,68.2
1997-04-01,89.0,86.4,87.3,89.1,94.2,88.1,81.5,94.7,88.0,0.092,157.2,128.3,4445.0,7096.9,122132,158.9,156.7,111.6,85543,83.1,93.5,68.3
1997-05-01,89.4,87.1,87.6,89.3,93.1,91.8,81.0,94.8,88.2,0.093,157.2,128.9,4795.1,7111.9,123211,159.4,156.8,111.7,100543,83.2,94.3,69.4
1997-06-01,89.7,88.2,87.3,89.0,93.2,90.1,85.4,94.3,88.6,0.099,157.4,128.3,5213.5,7108.3,123861,158.9,156.8,112.2,101898,83.6,91.6,69.0
1997-07-01,90.1,88.3,87.7,89.4,93.2,90.8,88.2,94.6,88.7,0.099,157.5,128.0,5777.2,7022.9,122876,158.9,156.9,112.4,91044,82.9,89.6,68.8
1997-08-01,89.5,88.7,87.4,89.4,92.5,89.5,80.6,94.6,88.8,0.098,157.8,128.6,6073.6,7279.3,122944,158.9,157.1,112.4,85780,84.6,95.3,68.6
1997-09-01,88.9,88.4,87.4,89.6,93.2,88.0,73.0,93.6,88.9,0.099,158.3,127.9,6561.4,7706.7,123948,159.5,157.3,112.5,125473,84.9,93.4,67.0
1997-10-01,88.9,87.7,87.8,89.6,95.0,87.1,73.0,94.8,88.9,0.093,158.5,127.5,6606.5,8458.4,124851,159.4,157.9,112.5,108864,84.2,92.6,65.8
1997-11-01,89.8,87.8,88.4,90.1,95.4,87.4,82.0,94.4,89.1,0.092,158.5,127.5,5425.7,7518.4,125245,159.6,158.2,112.6,106380,83.2,91.3,65.1
1997-12-01,89.7,87.6,88.2,90.1,95.5,86.7,81.3,94.1,89.4,0.09,158.2,127.1,5101.1,6956.5,125383,159.7,158.3,112.6,122921,82.9,90.9,63.5
1998-01-01,91.2,87.0,88.4,90.3,94.5,88.7,97.4,95.8,89.7,0.086,158.4,125.8,5453.2,7005.6,122832,159.8,159.6,113.5,122024,82.3,89.6,62.8
1998-02-01,90.5,86.4,88.4,90.7,94.7,87.5,88.9,96.1,89.8,0.085,158.5,126.0,4559.6,6959.7,123608,159.7,159.5,113.5,118877,80.8,90.5,62.6
1998-03-01,90.7,85.8,88.3,91.0,94.2,87.2,93.9,95.8,89.8,0.085,158.7,125.5,4798.1,8325.6,124332,159.7,159.7,113.3,126856,79.9,90.3,61.9
1998-04-01,90.5,84.7,88.4,91.4,94.3,87.1,92.4,95.9,90.0,0.085,159.1,125.5,5262.9,7812.7,125372,159.7,160.2,113.4,125822,80.0,90.9,62.5
1998-05-01,90.9,84.5,89.7,91.6,92.9,92.1,93.6,95.9,90.1,0.086,159.5,125.9,5539.4,7942.6,126456,159.7,160.1,113.5,108103,81.2,92.4,62.6
1998-06-01,91.6,86.0,90.0,91.9,93.1,94.6,95.0,96.1,90.2,0.091,159.7,126.4,6020.2,7982.8,127118,159.9,160.1,113.4,107995,81.1,92.0,61.4
1998-07-01,91.3,86.6,90.5,91.7,92.8,93.2,91.9,95.8,90.4,0.091,159.8,126.6,6556.2,7345.8,126047,160.1,160.1,113.5,104471,80.4,88.2,60.7
1998-08-01,90.8,87.4,90.3,91.7,92.7,94.3,81.4,95.9,90.5,0.09,160.0,127.4,6779.9,7960.9,126287,160.1,160.4,113.5,93165,80.3,86.8,60.3
1998-09-01,90.1,86.9,90.8,91.9,93.2,91.3,74.8,95.7,90.8,0.089,160.2,127.1,7125.2,8335.1,127098,160.0,160.4,113.5,123736,79.1,86.1,59.1
1998-10-01,90.2,85.5,91.9,91.8,94.2,91.3,78.2,95.4,90.8,0.086,160.6,126.6,7377.7,8979.5,127877,159.8,160.7,113.4,134961,80.8,87.1,59.3
1998-11-01,91.2,87.0,92.3,92.3,94.8,93.0,84.2,95.8,90.8,0.084,160.7,126.6,6374.1,8200.2,128278,159.9,160.7,113.2,119847,80.3,85.3,59.3
1998-12-01,91.2,85.9,92.4,92.1,95.4,93.1,85.5,95.5,90.9,0.084,160.7,126.1,5322.1,7778.5,128448,160.0,160.7,113.2,134704,79.4,83.6,58.4
1999-01-01,92.3,85.6,93.1,92.2,95.4,97.7,92.3,96.9,91.1,0.084,161.0,126.6,5654.0,7442.8,125697,159.9,161.0,112.6,119127,79.5,85.8,59.3
1999-02-01,91.8,85.7,94.0,92.2,95.7,92.6,89.9,97.0,91.3,0.084,161.1,125.8,5563.1,7930.2,126684,159.9,161.4,112.7,100152,78.9,86.8,59.3
1999-03-01,92.0,85.9,94.3,92.8,94.7,91.7,92.1,97.1,91.4,0.084,161.4,125.6,5204.0,9304.2,127399,160.1,161.5,112.6,113835,80.0,86.8,59.4
1999-04-01,92.2,85.1,94.7,92.7,95.3,95.4,90.7,97.0,91.7,0.084,162.7,124.3,5818.9,8430.8,128544,159.9,161.5,112.7,90633,83.0,86.5,59.6
1999-05-01,92.4,86.3,95.7,92.6,93.9,97.7,90.3,96.4,91.8,0.085,162.8,125.3,6363.1,8940.1,129412,159.2,161.5,113.2,93939,83.6,87.2,60.4
1999-06-01,92.7,86.5,95.4,92.4,93.6,96.8,94.1,97.4,91.9,0.089,162.8,126.0,7117.4,9550.0,130137,160.5,161.6,113.1,81709,83.0,86.7,59.7
1999-07-01,92.5,87.4,96.2,92.5,93.7,95.5,91.1,96.9,92.0,0.09,163.3,125.9,7405.7,9161.1,129268,161.5,161.6,113.1,77278,84.8,85.4,59.8
1999-08-01,91.8,87.4,96.0,92.3,93.3,94.2,82.2,97.0,92.3,0.089,163.8,126.8,8022.1,9671.9,129325,161.5,161.2,113.1,70222,87.8,86.1,60.8
1999-09-01,91.2,87.7,96.1,92.3,93.7,91.0,76.7,97.4,92.3,0.09,164.7,127.5,8198.2,9843.5,130102,162.2,161.2,113.3,119667,89.0,81.2,60.6
1999-10-01,91.4,86.8,96.0,92.4,95.2,90.0,78.2,97.2,92.7,0.087,165.0,127.5,8207.9,10018.8,131038,163.1,161.2,113.3,110590,90.1,82.8,60.9
1999-11-01,92.0,87.8,95.9,92.5,95.4,91.4,81.1,96.9,93.0,0.085,165.1,127.1,7543.5,10001.4,131496,163.3,161.5,113.3,102070,89.3,83.8,61.3
1999-12-01,92.2,88.1,96.4,92.4,96.4,91.5,83.6,96.2,93.0,0.085,165.1,126.7,6690.3,9425.7,131633,163.1,161.6,113.3,122271,91.3,84.1,62.3
2000-01-01,92.1,87.7,95.7,92.3,93.7,89.7,87.4,97.1,93.1,0.084,165.6,126.7,6902.1,9583.1,128993,163.2,161.8,113.9,112791,91.5,85.4,62.5
2000-02-01,91.9,87.9,95.1,93.2,93.4,89.0,82.7,97.6,93.2,0.085,166.5,127.2,6584.4,10365.4,129655,164.6,161.7,113.9,97409,94.2,86.7,62.6
2000-03-01,92.3,88.9,94.6,93.6,93.9,87.8,84.9,97.8,93.4,0.085,167.9,127.4,6424.1,11652.5,130752,166.8,161.7,114.0,125547,97.9,88.3,63.2
2000-04-01,92.5,89.5,94.8,93.6,94.0,87.9,86.1,97.4,93.6,0.085,168.0,128.1,7070.5,10554.9,131749,169.6,161.7,113.9,85154,94.3,90.0,63.6
2000-05-01,93.2,90.2,96.0,93.9,93.8,90.2,90.5,97.2,93.6,0.085,168.2,129.3,7850.2,11366.7,132706,173.7,161.8,114.1,110505,95.4,89.9,63.8
2000-06-01,93.8,90.9,96.1,93.8,94.2,92.0,93.3,97.8,93.9,0.09,169.2,129.4,8541.7,11944.2,133218,173.8,161.8,114.4,100748,99.1,88.4,62.9
2000-07-01,94.3,92.3,96.1,94.2,94.4,93.4,94.7,97.0,94.0,0.091,169.4,129.4,9246.4,10946.5,131997,173.9,161.7,114.5,85965,99.9,87.0,62.6
2000-08-01,94.0,92.6,96.8,94.2,94.4,93.0,89.0,97.1,94.4,0.091,169.3,128.7,10054.0,12305.9,132009,174.4,161.7,114.6,100625,98.2,87.6,63.1
2000-09-01,93.3,92.4,96.4,94.6,94.2,90.4,81.5,97.3,94.5,0.091,170.4,128.5,10061.7,12344.0,132677,174.7,161.8,114.7,118014,102.5,86.8,63.1
2000-10-01,93.1,91.9,96.3,94.3,94.7,89.7,81.4,96.8,94.6,0.088,170.6,128.7,10611.6,12814.0,133236,175.5,162.7,115.1,123385,103.8,87.1,63.0
2000-11-01,93.9,92.3,96.8,94.7,95.3,91.3,86.4,97.3,94.7,0.086,170.9,128.8,9066.8,11939.7,133601,178.6,162.7,115.4,122523,105.4,87.7,62.8
2000-12-01,95.1,92.6,97.5,94.7,96.4,94.6,97.5,96.7,94.9,0.086,170.7,129.6,7604.7,10109.4,133541,179.1,163.0,115.3,117751,103.7,89.1,63.5
2001-01-01,95.3,94.3,98.1,95.1,95.4,93.6,92.7,98.5,95.3,0.088,171.7,130.3,8427.5,10706.0,130667,179.1,166.5,115.9,122658,101.0,88.4,63.1
2001-02-01,96.1,95.4,98.9,96.5,96.1,92.9,96.3,98.7,95.5,0.088,172.4,130.8,6375.6,10297.0,131334,180.3,167.5,115.8,101986,100.2,91.4,64.1
2001-03-01,96.9,97.3,99.2,97.1,96.1,92.9,100.4,98.9,95.7,0.089,172.6,131.8,7590.2,12045.2,131929,181.2,167.6,116.0,117823,101.5,94.4,65.5
2001-04-01,97.2,98.1,98.8,96.9,96.2,97.2,97.7,99.2,95.9,0.089,173.5,132.5,7686.8,10480.8,132335,182.3,168.0,115.7,91801,105.2,94.0,64.8
2001-05-01,98.0,99.5,99.3,97.4,96.7,100.0,99.2,99.2,96.2,0.09,174.4,133.4,7757.9,11430.8,133042,182.4,168.0,115.8,69662,110.7,94.2,64.0
2001-06-01,98.2,99.9,99.5,97.7,97.1,100.0,98.5,98.9,96.7,0.097,174.6,133.7,8398.2,11437.5,133421,182.5,168.6,116.0,91289,109.3,94.4,62.1
2001-07-01,98.6,100.0,99.9,97.5,98.0,99.8,99.6,99.4,97.3,0.099,173.8,134.0,8975.3,10578.2,131931,184.1,168.8,116.1,88214,102.7,94.4,62.3
2001-08-01,97.9,99.8,100.2,97.4,98.1,99.2,90.0,99.2,97.7,0.098,173.8,134.6,10042.9,11564.7,131860,185.1,168.9,116.3,84177,102.9,96.1,61.4
2001-09-01,97.2,100.3,100.4,97.5,97.8,96.1,82.6,99.3,97.9,0.097,174.8,134.5,9927.8,10687.4,132128,185.6,168.9,117.8,92134,105.7,97.3,60.9
2001-10-01,97.0,99.4,99.9,97.2,98.3,95.7,82.1,99.4,98.1,0.093,174.0,134.1,10808.3,11908.5,132329,185.6,169.4,118.0,89390,101.0,95.7,60.5
2001-11-01,97.5,99.4,99.6,97.4,98.6,97.0,86.2,99.0,98.3,0.09,173.7,132.4,8878.8,10873.1,132142,185.6,169.3,117.9,98719,92.2,95.4,60.8
2001-12-01,98.6,99.3,99.8,97.4,99.0,101.4,94.7,98.8,98.6,0.09,172.9,131.7,7409.1,9328.7,131758,185.6,169.3,118.0,91513,91.9,95.2,60.2
2002-01-01,99.7,99.7,99.8,97.8,98.4,101.4,104.8,99.9,99.1,0.089,173.2,131.5,8415.4,9981.9,128876,185.2,169.6,118.5,90117,94.0,97.5,61.4
2002-02-01,100.3,100.3,99.9,99.1,99.2,98.8,108.4,100.6,99.2,0.089,173.7,132.0,8020.8,10022.5,129347,185.4,169.7,118.6,77157,94.4,99.7,62.4
2002-03-01,100.1,99.6,99.1,99.7,98.9,97.6,110.3,99.6,99.3,0.089,174.7,132.0,7259.0,11054.8,129955,185.3,169.9,118.6,77170,98.1,99.1,62.6
2002-04-01,100.5,100.6,99.5,100.1,99.3,99.5,108.3,100.2,99.4,0.088,175.8,131.5,9097.6,11471.3,130543,185.2,170.1,118.6,69616,99.9,96.8,61.4
2002-05-01,100.1,100.6,100.0,100.1,99.4,100.7,101.8,99.7,99.6,0.089,175.8,130.9,9846.9,11928.5,131314,185.3,170.2,118.8,67919,99.1,96.9,62.1
2002-06-01,100.5,100.5,99.7,100.2,99.8,100.3,105.6,99.9,99.9,0.095,175.9,131.3,10727.2,11311.3,131695,185.4,170.2,118.9,68997,98.0,96.5,62.3
2002-07-01,100.5,100.1,100.4,100.2,99.3,101.4,105.3,99.7,100.2,0.095,176.1,131.5,11213.2,11292.7,130255,185.4,170.2,119.1,64107,99.5,99.1,62.6
2002-08-01,99.9,100.4,100.4,100.2,99.7,101.8,94.0,100.0,100.5,0.095,176.6,131.3,12671.4,11854.0,130341,185.4,170.2,118.9,80752,102.9,98.7,62.5
2002-09-01,99.0,100.0,101.0,100.5,99.5,99.8,85.1,100.1,100.6,0.095,177.0,136.1,12291.5,11409.2,130859,185.6,170.4,119.0,91584,103.9,96.7,63.0
2002-10-01,98.5,99.1,99.8,100.4,99.5,98.9,82.9,99.5,100.6,0.091,177.3,131.6,11455.0,12657.9,131530,185.6,170.4,119.2,80318,106.8,98.8,64.0
2002-11-01,100.1,99.6,100.2,100.8,102.9,98.9,94.8,100.4,100.7,0.089,177.4,131.6,12569.6,11483.8,131651,185.8,167.2,119.5,68470,105.1,98.6,64.3
2002-12-01,100.8,99.4,100.1,100.8,104.1,101.0,98.7,100.4,101.0,0.089,177.0,132.6,11625.0,10148.1,131242,186.4,167.2,119.5,60568,98.4,98.8,64.5
2003-01-01,101.6,101.1,100.7,101.1,103.5,99.1,103.4,102.4,101.3,0.089,177.7,133.9,11403.497575,10830.471871,128561,186.5,170.0,119.7,60520,108.3,101.3,65.5
2003-02-01,101.5,102.6,100.3,102.4,103.9,96.6,98.6,102.3,101.6,0.089,179.2,134.5,9629.62711,10957.74635,128977,187.9,170.0,119.9,76629,113.0,102.8,66.0
2003-03-01,101.7,103.2,100.0,102.9,104.1,96.1,99.9,102.2,101.8,0.089,180.3,134.8,10110.044562,11782.873584,129474,188.3,170.2,120.9,80268,115.3,101.1,65.0
2003-04-01,101.8,103.3,99.7,102.9,104.4,96.0,98.3,102.3,102.0,0.091,179.8,135.1,11521.852382,11154.76735,130131,189.8,171.1,121.7,77840,106.0,100.4,64.0
2003-05-01,102.1,103.3,100.5,103.0,104.0,98.9,97.7,102.9,102.2,0.092,179.4,135.7,11884.701493,11494.695166,130892,191.8,171.3,121.2,75807,103.7,100.4,63.0
2003-06-01,102.4,103.1,100.5,103.5,104.0,98.9,98.8,103.8,102.3,0.097,179.6,137.1,12127.301429,11419.770253,131221,192.3,171.8,121.8,81121,105.7,94.3,59.4
2003-07-01,102.4,102.1,100.2,103.5,103.6,101.1,97.7,103.8,102.6,0.098,179.6,137.0,13438.63509,11124.660266,129884,192.3,172.0,121.8,92014,106.2,87.8,57.3
2003-08-01,101.5,99.5,100.2,103.9,104.1,100.8,88.8,104.1,102.7,0.098,180.3,137.8,13764.867008,11402.971213,129935,192.9,172.0,121.7,88220,110.7,86.6,57.5
2003-09-01,100.8,98.7,99.8,103.6,104.2,98.2,81.5,105.1,102.9,0.098,181.0,139.0,14747.525418,11816.925777,130590,193.0,172.5,121.9,122916,110.6,89.0,59.8
2003-10-01,100.7,99.9,97.9,103.5,104.7,96.8,81.1,103.5,103.2,0.093,180.7,141.8,16458.317607,12965.721721,131383,194.3,172.6,122.0,114154,105.7,89.7,60.1
2003-11-01,101.7,102.6,97.9,103.5,104.9,97.4,88.6,103.1,103.4,0.09,180.2,141.5,14156.947961,11692.454078,131548,194.5,172.6,122.1,113478,104.4,90.0,61.0
2003-12-01,102.6,101.9,98.4,103.7,105.8,98.3,96.7,104.0,103.6,0.09,179.9,141.1,13192.779263,11416.933039,131368,194.5,172.9,122.2,120061,105.1,89.5,62.3
2004-01-01,102.8,101.5,99.8,104.0,104.6,96.6,98.0,105.0,104.1,0.091,180.9,139.3,14089.015496,11200.697382,128709,195.3,173.4,123.2,123292,107.1,89.6,63.3
2004-02-01,102.6,102.5,99.3,104.6,105.3,94.5,94.7,104.5,104.3,0.091,181.9,140.4,11267.147675,11709.184025,129320,196.5,173.7,123.4,111113,109.5,90.1,66.7
2004-03-01,102.7,103.2,98.7,105.1,105.8,94.4,96.3,103.7,104.1,0.091,182.9,142.4,13800.119971,13593.840264,130361,196.6,174.6,124.4,132518,110.6,93.3,68.2
2004-04-01,102.5,102.6,98.5,104.7,106.8,95.5,91.5,103.8,104.5,0.091,183.5,146.1,14744.78415,12575.919962,131477,196.4,176.0,124.7,127105,112.8,94.0,67.7
2004-05-01,103.4,104.3,99.0,105.9,106.8,100.2,91.8,104.1,104.8,0.093,184.7,149.1,15067.110923,13049.68255,132380,197.3,177.3,125.3,118626,120.5,95.8,67.7
2004-06-01,104.4,108.5,99.1,106.1,106.9,102.2,93.4,104.4,104.9,0.099,185.3,148.6,16887.762591,13849.957397,132824,198.0,177.3,125.6,97544,119.4,95.9,67.6
2004-07-01,104.4,109.1,100.1,106.1,107.3,102.1,89.3,104.6,105.2,0.099,184.9,146.5,17562.099879,12213.055187,131664,198.4,177.2,126.4,126218,117.5,94.0,68.1
2004-08-01,104.1,109.9,99.8,106.2,107.1,102.3,83.8,104.4,105.5,0.1,185.0,144.6,18067.867052,13278.740489,131685,199.0,178.2,126.6,106562,117.6,94.6,67.6
2004-09-01,103.7,109.3,98.9,106.3,107.3,99.8,80.1,104.5,105.6,0.099,185.4,143.8,18386.945745,13520.859201,132398,198.8,178.5,128.0,92320,117.0,91.9,66.3
2004-10-01,104.2,108.2,99.1,106.0,108.3,101.1,85.2,104.5,105.9,0.094,186.5,143.5,19718.157481,14475.085708,133380,202.7,178.8,128.9,119778,119.5,89.2,66.5
2004-11-01,105.2,107.5,98.4,106.4,108.6,101.3,97.6,105.0,106.3,0.092,186.8,143.3,19678.992143,13908.861718,133630,206.4,180.5,129.9,112658,117.1,86.7,65.5
2004-12-01,105.7,107.6,98.0,106.6,108.7,101.5,103.3,104.6,106.6,0.092,186.0,144.2,17412.030829,12525.636996,133399,207.7,182.5,131.2,115971,113.6,88.5,65.7
2005-01-01,105.4,108.2,98.6,106.9,108.2,99.7,94.5,106.6,106.8,0.094,186.3,144.7,17885.84061,12073.877538,130695,210.2,185.0,131.9,101900,115.0,89.2,66.7
2005-02-01,105.2,108.6,99.0,108.1,108.4,97.0,91.2,106.3,107.0,0.094,187.3,145.0,16937.594812,12607.086223,131519,211.5,185.8,132.0,101367,117.5,91.1,67.3
2005-03-01,105.6,109.2,98.9,109.7,108.7,94.8,93.5,107.0,107.2,0.094,188.6,146.0,16184.944952,14114.386986,132358,215.1,190.0,133.7,113559,121.0,88.8,68.4
2005-04-01,106.6,108.6,98.8,111.4,110.3,95.6,97.8,108.1,107.7,0.095,190.2,146.3,18148.45816,14281.680962,133571,218.1,190.7,135.0,101641,124.9,87.8,67.8
2005-05-01,106.8,108.1,99.8,111.4,110.2,99.3,98.9,107.1,107.8,0.097,190.0,147.1,19053.18688,14413.456593,134384,224.9,191.8,138.7,92258,122.5,88.2,67.7
2005-06-01,107.2,108.9,99.7,112.1,109.5,101.7,98.2,107.2,108.1,0.104,190.1,146.4,20976.701857,14848.634031,135053,224.8,192.7,139.2,81758,124.1,87.7,67.4
2005-07-01,106.9,108.0,99.8,111.8,110.0,102.4,94.5,107.0,108.5,0.105,191.0,146.3,21272.66946,12710.198843,133993,227.3,193.3,139.3,106970,128.3,87.9,67.0
2005-08-01,106.8,108.3,100.4,112.3,109.6,101.1,90.7,108.0,108.5,0.105,192.1,146.0,22421.292348,14895.582203,134244,235.5,193.4,140.8,97845,132.2,92.1,67.5
2005-09-01,105.8,108.0,99.5,112.0,109.7,96.5,85.3,106.9,108.8,0.106,195.0,146.3,23294.481679,14517.596941,134869,241.8,194.1,142.5,109823,142.1,89.6,66.8
2005-10-01,106.2,107.8,98.6,111.6,110.7,98.5,86.1,106.9,109.1,0.102,195.2,146.7,24382.852726,15720.302085,135599,245.7,195.1,145.7,126619,135.6,88.9,67.7
2005-11-01,106.7,107.8,98.4,111.9,110.5,98.2,92.9,107.1,109.3,0.102,193.4,146.1,22426.128316,15499.125225,136158,256.5,200.3,148.4,127174,127.4,87.2,69.5
2005-12-01,107.5,107.4,97.3,112.3,111.5,101.2,99.3,106.3,109.6,0.102,192.5,146.2,20485.952995,14426.686454,135954,262.7,201.8,148.4,125661,125.2,88.1,70.9
2006-01-01,108.4,107.1,97.4,112.7,110.0,100.4,108.5,108.5,110.0,0.108,194.0,146.4,21382.505907,15227.898733,133302,265.5,202.5,147.2,124671,132.7,87.6,72.4
2006-02-01,108.2,107.5,97.8,113.6,111.9,98.2,103.0,108.4,110.2,0.108,194.2,145.1,17905.353467,14820.116001,134229,263.1,204.8,146.3,121353,127.1,87.5,72.6
2006-03-01,108.2,107.6,96.9,114.1,112.5,96.9,97.7,109.9,110.5,0.109,195.3,145.2,20531.25833,17363.410599,135209,268.5,205.6,148.3,128806,130.0,87.7,73.9
2006-04-01,108.1,106.5,96.4,114.7,112.8,95.6,98.2,109.5,110.7,0.109,197.2,144.1,21459.069933,15665.302854,136124,275.8,206.3,148.6,126297,138.9,87.3,77.7
2006-05-01,108.7,106.8,97.1,115.8,113.1,99.2,98.2,109.8,111.0,0.11,198.2,144.7,22317.635131,17154.567504,136927,278.3,209.1,150.5,108907,139.8,88.6,82.8
2006-06-01,109.2,107.5,97.9,116.0,113.7,101.5,98.7,109.6,111.5,0.118,198.6,146.4,23989.699396,17787.312952,137432,285.1,210.4,153.1,129730,138.4,89.6,79.7
2006-07-01,109.2,107.1,98.6,115.5,114.5,106.1,98.2,108.8,110.7,0.118,199.2,147.4,24632.010765,15464.493723,136256,290.1,211.2,154.9,136346,142.0,89.4,83.4
2006-08-01,109.2,108.2,98.4,116.3,114.2,105.0,95.2,109.1,110.9,0.118,199.6,147.5,26713.335235,18038.733072,136462,295.5,212.0,155.1,129120,141.7,92.8,81.4
2006-09-01,108.8,109.4,98.5,116.7,113.5,102.1,91.7,108.6,111.1,0.118,198.4,147.9,27570.617915,16897.474172,137129,296.9,212.5,155.6,114213,128.8,92.1,80.8
2006-10-01,109.2,108.8,98.4,116.2,114.6,103.0,96.8,107.9,111.5,0.112,197.0,147.6,29388.601739,17515.223528,137831,297.1,216.2,155.5,140962,123.8,90.6,84.6
2006-11-01,110.1,109.6,99.7,117.3,115.7,103.6,97.4,108.8,112.3,0.11,196.8,149.0,27775.079221,17246.552982,138217,298.8,216.3,152.5,140453,123.8,91.5,84.5
2006-12-01,109.9,109.1,98.7,116.9,116.6,103.9,96.8,108.3,112.4,0.11,197.2,149.8,24109.185573,15072.072916,138107,299.0,216.5,151.2,145538,127.1,91.8,87.4
2007-01-01,110.9,109.4,99.2,118.0,116.0,106.2,101.8,109.6,112.6,0.113,197.559,151.6,25640.562672,15373.414782,135317,304.5,220.4,151.8,132321,125.2,93.1,86.8
2007-02-01,112.6,110.6,99.8,119.4,117.5,109.4,111.3,110.7,113.0,0.113,198.544,153.8,23038.880362,15142.800964,136008,305.3,222.2,152.5,112411,127.1,96.0,88.2
2007-03-01,112.2,110.9,100.0,119.6,116.7,106.0,108.9,110.9,113.1,0.113,200.612,155.8,22723.044235,18190.608555,136907,304.5,223.2,151.2,122056,135.9,97.9,91.6
2007-04-01,112.2,111.2,99.7,119.5,118.4,104.8,108.3,110.0,113.3,0.113,202.13,156.9,24241.522773,16254.884744,137712,303.9,224.7,152.5,128132,139.1,98.0,94.6
2007-05-01,112.5,111.7,100.5,120.5,117.3,107.6,105.6,110.5,113.6,0.115,203.661,158.7,25290.574442,18018.864706,138654,306.4,224.7,154.0,129550,142.0,98.0,94.9
2007-06-01,112.6,112.4,100.8,120.3,117.5,108.6,102.2,110.6,114.1,0.122,203.906,160.3,27070.961198,17977.44685,139156,305.3,225.7,157.3,127213,140.1,97.6,93.7
2007-07-01,112.3,112.3,101.0,120.2,118.1,107.9,97.9,110.1,114.7,0.122,203.7,160.4,28601.170814,16896.927079,137760,302.1,227.3,157.2,129276,139.6,96.9,92.6
2007-08-01,111.8,112.0,101.2,120.2,118.2,106.8,92.1,110.2,114.8,0.121,203.199,160.3,28424.501435,19115.288345,137872,304.2,227.5,159.1,142747,136.4,103.7,89.4
2007-09-01,110.9,111.8,100.2,120.6,116.5,103.1,85.9,110.1,114.8,0.121,203.889,160.8,29418.96253,17810.06128,138435,302.7,227.6,160.8,136003,136.6,106.2,87.1
2007-10-01,110.7,110.6,100.5,119.8,118.0,102.2,86.5,109.4,114.9,0.117,204.338,160.7,31555.406402,19855.795397,139181,303.2,227.5,161.4,144620,134.5,104.2,87.4
2007-11-01,111.3,110.8,99.0,120.2,121.4,103.0,89.6,109.2,115.0,0.115,205.891,161.4,29780.718791,19356.110665,139494,306.7,227.7,163.4,149816,136.5,105.0,84.5
2007-12-01,111.7,110.0,98.9,119.7,122.1,102.9,93.5,109.5,115.4,0.115,205.777,162.8,25656.56128,16721.763421,139279,308.6,228.1,165.1,156429,138.2,104.1,85.5
2008-01-01,112.4,111.1,99.5,121.3,124.3,105.0,98.6,108.2,114.6,0.116,206.744,165.8,26193.032145,17054.489904,136252,314.9,230.1,169.6,147165,139.0,104.8,88.7
2008-02-01,112.8,111.1,100.6,122.4,125.6,100.5,96.9,111.1,115.2,0.116,207.254,167.5,24095.886455,17674.548616,136770,317.2,233.2,169.1,143025,139.4,109.2,91.1
2008-03-01,112.6,110.9,100.6,122.9,127.0,99.8,94.1,110.7,115.2,0.116,209.147,169.8,22440.24177,17707.143614,137361,320.4,240.7,169.6,157355,143.2,110.3,92.7
2008-04-01,113.5,110.8,100.7,123.6,130.1,101.0,94.5,112.1,115.5,0.118,210.698,171.2,25951.666996,19364.867919,137894,330.2,242.3,170.6,137049,150.2,112.4,92.5
2008-05-01,114.6,111.7,100.8,124.5,132.6,105.4,99.2,111.4,115.9,0.12,212.788,174.0,27634.532443,18837.19048,138470,332.4,242.7,174.4,139315,158.4,115.2,91.4
2008-06-01,115.8,112.8,100.9,124.6,132.9,107.5,104.1,111.8,116.9,0.128,215.223,176.1,27930.640534,19179.862394,138665,338.2,244.8,178.0,140895,165.3,118.8,90.5
2008-07-01,116.5,113.3,100.9,124.5,135.2,109.1,106.2,112.0,117.3,0.131,216.304,180.3,31247.270669,19238.036767,137184,354.2,246.9,181.3,144321,169.1,120.5,91.0
2008-08-01,116.8,115.0,101.2,124.8,135.8,110.5,99.3,113.2,117.9,0.132,215.247,180.5,31823.697889,19522.811944,137077,377.2,247.8,183.3,126328,164.0,116.3,89.4
2008-09-01,117.1,115.6,101.8,125.7,134.6,110.3,95.3,115.3,118.5,0.13,214.935,179.2,33078.730631,17926.202129,137130,395.1,248.5,182.6,154031,161.5,113.4,87.6
2008-10-01,117.4,114.6,101.7,126.2,136.7,110.2,95.4,115.7,118.8,0.126,212.182,176.4,34032.388283,19695.697705,137424,401.2,249.0,179.5,168982,147.5,113.5,81.7
2008-11-01,119.5,117.4,103.6,126.7,137.1,114.3,110.1,115.9,119.0,0.123,207.296,173.4,28265.02503,15471.647011,136744,400.8,249.9,176.1,158086,130.7,112.2,78.6
2008-12-01,119.8,116.1,102.6,126.9,137.2,114.6,113.9,116.6,119.1,0.124,204.813,171.1,25079.514978,14269.120451,135713,397.4,250.2,171.3,165730,123.0,110.1,76.3
2009-01-01,120.6,117.1,104.8,127.6,137.3,115.6,115.4,117.6,119.6,0.126,205.7,170.1,24743.457402,12464.880319,132021,385.2,249.8,166.8,155605,123.8,108.6,76.2
2009-02-01,121.2,117.9,108.0,129.2,137.8,112.0,117.7,119.6,119.9,0.126,206.708,168.7,18845.49521,12379.800932,131792,379.8,250.1,164.6,149154,127.2,109.5,75.9
2009-03-01,121.5,119.3,108.2,129.8,137.7,111.7,114.9,120.8,120.0,0.126,207.218,167.6,21224.713513,13929.609237,131659,369.8,250.2,163.1,167960,127.1,110.8,78.2
2009-04-01,121.6,118.6,107.3,129.5,138.7,112.5,114.7,120.4,120.4,0.125,207.925,168.6,21920.595248,13715.716078,131842,360.3,249.6,162.8,153150,123.9,110.9,79.8
2009-05-01,121.9,119.0,107.9,128.9,137.9,115.5,113.9,121.5,120.5,0.126,208.774,170.5,22734.147846,13317.530768,132114,354.5,250.8,162.8,138734,129.4,110.7,78.8
2009-06-01,122.2,119.9,108.4,129.4,137.6,115.8,113.6,121.2,121.1,0.132,210.972,171.4,23972.774237,14011.452216,131933,342.0,246.8,163.9,142469,133.9,108.9,79.3
2009-07-01,122.3,119.7,109.7,128.7,138.2,116.9,113.5,120.9,121.3,0.131,210.526,169.7,25671.084409,14081.690768,130337,343.3,249.9,164.6,158527,129.6,107.5,78.9
2009-08-01,121.5,119.1,110.6,128.1,137.6,113.2,106.2,122.0,121.6,0.13,211.156,169.7,25798.119656,15060.457572,130216,346.6,246.8,167.2,145801,132.6,104.1,79.8
2009-09-01,120.4,118.6,109.4,128.9,136.9,109.4,97.7,120.8,121.8,0.13,211.322,169.5,27893.916592,16130.041851,130571,344.3,246.7,167.3,144419,131.3,99.0,79.1
2009-10-01,120.1,117.0,109.7,128.3,138.5,110.0,95.7,120.3,122.0,0.126,211.549,168.3,29557.782865,17289.890373,131172,350.5,246.9,167.7,135433,128.8,97.4,79.0
2009-11-01,121.5,118.1,109.2,129.3,137.4,112.5,107.3,121.0,122.2,0.124,212.003,169.1,27541.720775,17185.834189,131220,347.8,246.8,168.2,164176,132.4,96.6,81.2
2009-12-01,121.8,116.9,109.5,129.3,139.0,111.9,112.2,120.4,122.5,0.124,211.703,171.2,26470.075735,17087.468278,130673,345.2,246.8,168.3,155368,130.3,100.2,82.1
2010-01-01,122.3,116.8,109.5,129.6,138.4,112.3,110.9,123.4,122.7,0.124,212.568,172.2,25215.919006,16089.401311,127804,347.2,246.9,170.4,177930,133.9,100.0,84.2
2010-02-01,122.7,117.7,108.7,131.0,139.5,110.5,110.4,124.0,123.0,0.123,212.544,172.4,23342.777514,16459.3035,128240,348.5,247.4,171.2,170754,132.3,100.7,83.6
2010-03-01,123.1,117.4,108.4,130.3,138.9,112.2,113.2,125.2,123.1,0.125,213.525,172.6,24292.213197,20089.473382,129073,356.4,246.2,172.5,208994,134.5,100.6,84.4
2010-04-01,122.8,117.7,108.6,129.9,137.6,109.3,116.6,123.9,123.2,0.126,213.958,173.6,25920.188141,18594.241149,130195,354.4,246.9,172.7,193466,136.0,101.4,87.1
2010-05-01,122.9,118.7,108.7,130.0,137.6,111.4,115.2,123.4,123.1,0.127,214.124,175.8,29052.438345,19419.170358,131313,354.7,247.0,174.7,189016,137.4,104.0,85.6
2010-06-01,123.0,119.0,109.1,130.1,138.5,112.3,113.8,122.9,123.3,0.132,213.839,174.6,32843.100035,20049.051276,131431,359.6,247.3,176.1,200514,135.7,101.9,83.2
2010-07-01,123.7,120.0,109.5,130.0,139.0,113.9,111.0,124.5,124.7,0.133,213.898,174.6,33266.833594,18213.816319,130094,367.8,246.8,175.9,221371,139.8,102.6,84.9
2010-08-01,123.5,119.8,110.6,130.5,139.4,113.2,107.6,124.3,124.7,0.133,214.205,175.3,35375.288431,20252.186868,130158,373.1,246.8,174.8,192227,139.2,109.0,87.8
2010-09-01,122.9,120.5,109.1,130.6,138.4,111.1,100.9,125.3,124.3,0.132,214.306,177.3,35196.698854,19907.979417,130650,372.3,247.2,175.1,219424,138.7,109.6,90.3
2010-10-01,122.7,120.0,107.5,129.8,139.5,111.1,99.5,124.6,124.7,0.127,214.623,178.2,35083.299437,21024.033325,131624,373.3,247.5,175.6,239345,140.5,108.4,92.7
2010-11-01,123.3,120.2,108.0,130.0,138.5,112.6,104.1,124.6,125.2,0.125,214.75,179.4,34564.293893,20530.272158,131930,374.2,246.5,175.5,239870,141.3,107.9,92.9
2010-12-01,123.9,121.4,106.4,130.2,140.2,113.8,108.8,123.3,125.4,0.125,215.262,179.8,30799.583148,19356.693943,131622,379.5,248.1,176.9,243497,144.0,110.0,96.2
2011-01-01,124.9,121.5,107.9,130.8,139.4,114.8,112.1,126.0,126.0,0.125,216.4,181.1,31377.353746,19606.415988,128760,390.8,248.5,180.2,221745,146.0,113.7,98.9
2011-02-01,125.3,121.7,107.6,132.9,141.9,112.1,115.8,124.8,126.2,0.125,217.535,184.6,27244.735813,19053.573913,129576,393.5,249.3,181.6,213452,146.3,117.3,103.0
2011-03-01,127.2,123.3,108.2,134.2,142.8,110.7,128.3,128.1,126.4,0.127,220.024,187.8,27599.666857,23269.530509,130482,389.9,249.4,184.7,257356,151.7,120.2,101.0
2011-04-01,126.9,124.2,107.6,133.1,145.6,110.9,120.3,127.8,126.6,0.127,221.743,190.8,29580.282706,21359.695548,131698,400.8,251.0,188.4,236522,159.2,121.7,102.6
2011-05-01,127.7,125.1,109.0,134.2,146.3,115.0,119.2,128.1,127.1,0.129,222.954,191.2,32788.071613,22970.201508,132382,427.3,251.9,192.1,228137,160.2,119.2,100.1
2011-06-01,128.3,126.0,110.6,134.1,147.1,115.7,121.4,128.2,127.4,0.134,222.522,191.8,34374.830793,22714.761359,132871,431.2,254.6,193.3,229920,157.0,120.1,101.0
2011-07-01,129.0,126.6,109.7,134.0,147.3,120.4,121.7,129.0,127.5,0.135,222.686,193.4,35152.243254,21091.268234,131599,445.9,255.4,193.2,246415,157.9,121.4,101.5
2011-08-01,128.9,126.6,111.4,134.9,147.9,119.3,114.9,129.7,128.1,0.135,223.326,195.5,37374.136523,23152.520693,131870,451.3,255.5,192.2,196189,157.9,124.0,102.5
2011-09-01,128.2,127.8,110.1,134.9,146.8,116.5,110.6,129.0,128.1,0.135,223.688,196.4,36418.64286,22303.510283,132617,452.0,256.2,192.2,260222,156.0,123.8,101.1
2011-10-01,128.0,126.2,109.0,135.0,148.4,116.5,107.4,129.3,128.6,0.13,223.043,194.4,37824.071703,22853.67643,133540,453.4,256.2,191.7,262678,156.9,124.2,97.8
2011-11-01,129.2,127.7,108.9,134.8,149.3,118.3,114.8,129.9,128.9,0.128,222.813,194.8,36764.911636,23146.761421,133876,451.5,256.3,191.6,268876,154.1,124.7,97.4
2011-12-01,129.3,127.8,108.4,134.7,148.6,120.4,118.2,127.9,129.0,0.127,222.166,194.2,32872.285127,21351.680072,133701,454.3,256.4,191.5,299750,152.7,123.5,94.7
2012-01-01,130.2,129.4,110.7,135.1,148.8,119.1,120.0,130.2,129.5,0.128,223.216,194.9,34417.54042,21503.850119,131094,450.4,257.5,193.4,284893,155.5,124.6,96.5
2012-02-01,130.4,130.4,112.5,135.7,149.0,117.4,118.5,131.3,129.7,0.128,224.317,194.9,28105.186419,22617.235501,132050,447.6,257.9,194.6,264928,156.9,125.8,97.9
2012-03-01,130.0,130.4,111.2,136.3,149.9,114.7,113.3,131.7,129.8,0.127,226.304,195.7,31431.348931,25114.970644,132954,450.0,258.4,194.9,300042,159.5,126.0,97.2
2012-04-01,130.1,130.3,112.5,135.2,151.0,115.2,111.7,132.2,130.1,0.127,227.012,196.0,33016.253834,22757.374163,133836,450.4,260.7,196.4,275158,161.0,124.3,95.9
2012-05-01,130.9,132.7,112.5,136.0,149.4,121.0,113.3,131.5,130.3,0.129,226.6,196.6,34937.829923,24815.00065,134648,449.5,261.0,200.5,236879,157.7,124.2,94.7
2012-06-01,130.9,131.8,112.3,135.6,149.6,119.8,116.4,130.4,130.6,0.135,226.036,197.1,35949.359451,23513.912415,134986,454.0,261.4,200.2,216348,155.7,126.1,95.6
2012-07-01,131.7,133.3,112.8,136.4,150.2,122.6,117.0,131.6,130.6,0.133,225.568,198.2,37930.755206,22526.284391,133778,452.6,261.8,198.7,261171,156.0,127.6,95.7
2012-08-01,131.7,133.8,113.6,136.7,151.7,120.3,112.6,132.8,130.9,0.133,227.056,200.6,37280.629144,23763.800403,134156,448.2,261.9,196.9,216581,159.2,127.4,94.5
2012-09-01,130.3,132.6,111.6,136.3,149.9,117.4,107.1,130.9,131.0,0.133,228.184,202.1,37891.823059,22151.09406,134783,448.0,261.9,197.4,270501,160.6,126.2,96.8
2012-10-01,130.5,132.6,110.8,135.3,152.4,119.7,106.4,130.1,131.3,0.128,227.974,202.4,40257.083524,24817.644447,135633,447.5,261.9,199.9,284900,159.5,127.7,96.1
2012-11-01,131.4,133.2,111.2,136.3,151.4,123.1,110.0,130.7,131.6,0.127,226.595,202.6,39543.693182,23731.326201,136023,446.1,262.3,201.1,255546,153.8,129.3,95.4
2012-12-01,131.2,133.4,109.7,135.5,151.6,123.6,113.3,128.1,131.8,0.127,225.889,201.7,34857.579544,20281.146552,135947,441.5,262.3,201.0,282006,151.9,129.7,96.6
2013-01-01,131.6,133.2,110.7,135.6,151.0,122.8,115.7,129.1,132.1,0.129,226.52,200.6,37193.658803,21555.691063,133063,435.6,263.5,203.3,243475,152.8,130.6,96.8
2013-02-01,132.9,134.5,111.8,137.5,152.5,123.2,121.6,130.0,132.6,0.129,228.677,200.6,32742.677585,22070.216153,134102,434.1,263.6,203.2,230567,160.1,132.6,97.9
2013-03-01,132.4,134.2,111.4,136.4,152.0,121.4,119.1,130.2,132.7,0.128,229.323,200.9,27294.067203,23152.280405,134901,433.2,263.9,203.4,261608,159.9,132.5,96.4
2013-04-01,132.1,134.5,111.0,136.3,153.4,120.3,117.7,130.5,131.7,0.128,228.949,200.6,33131.926306,24364.137517,135905,434.1,264.0,205.3,252302,158.0,132.6,93.5
2013-05-01,132.6,134.5,113.8,137.1,152.8,122.6,118.5,130.7,131.8,0.131,229.399,201.7,36617.62364,24484.250823,136797,435.0,263.2,204.9,192378,159.3,134.7,94.1
2013-06-01,132.5,134.7,115.1,135.8,152.2,122.4,120.6,129.7,132.1,0.137,230.002,202.7,35885.978832,22927.614985,137209,437.8,263.2,203.9,209070,162.1,136.5,94.2
2013-07-01,132.7,135.2,115.9,135.6,152.2,123.2,119.6,130.0,132.5,0.137,230.084,203.2,38800.430628,23545.906453,136034,436.6,263.2,203.8,218066,164.2,133.1,93.7
2013-08-01,133.0,135.9,116.8,136.3,153.3,122.6,116.0,131.3,132.8,0.137,230.359,202.3,39161.299515,23988.341411,136471,428.6,263.6,203.6,152453,163.0,129.5,94.0
2013-09-01,131.9,135.2,116.2,135.1,151.4,120.2,112.7,129.9,132.9,0.137,230.537,202.4,40144.392508,23303.262723,137077,427.4,263.8,204.2,245685,163.0,125.5,92.3
2013-10-01,131.7,134.8,116.4,134.7,152.0,121.3,109.2,129.8,133.2,0.132,229.735,201.0,41845.472131,25314.928284,138001,430.1,264.1,204.9,275937,157.0,124.6,91.3
2013-11-01,132.8,135.7,116.4,134.7,151.8,123.6,119.5,129.4,133.2,0.13,229.133,200.3,40112.279565,23723.34888,138525,431.4,264.4,205.3,267181,157.4,121.5,90.7
2013-12-01,132.5,135.0,116.3,134.0,151.4,123.6,119.1,128.1,133.6,0.131,229.174,200.7,37500.212876,22126.061545,138274,433.3,264.7,204.8,277087,158.9,121.7,91.0
2014-01-01,133.0,135.1,120.1,134.7,150.1,123.1,120.7,129.6,133.8,0.134,230.04,201.4,38377.19956,22021.433933,135471,431.4,266.8,206.4,260230,160.2,121.5,92.6
2014-02-01,134.3,137.3,120.6,135.8,152.4,127.8,123.5,129.2,134.0,0.134,230.871,202.3,30700.352329,22445.225298,136211,432.4,268.4,207.2,234430,162.6,122.3,94.2
2014-03-01,134.4,138.7,123.1,135.7,151.0,126.3,123.9,130.0,134.0,0.135,232.56,205.9,31420.875281,24943.714671,137169,430.8,267.8,207.5,269012,167.2,128.8,96.9
2014-04-01,134.6,140.5,121.5,135.6,151.0,125.9,122.8,129.8,134.5,0.131,233.443,210.9,36450.218795,24577.857296,138306,434.0,267.5,208.7,252672,171.2,132.0,98.0
2014-05-01,135.7,145.2,124.0,135.0,150.8,128.3,125.7,130.1,134.6,0.136,234.216,211.0,38188.13577,25444.440013,139217,433.3,267.5,209.2,255663,172.7,131.9,97.2
2014-06-01,136.4,147.4,125.8,134.9,152.0,128.1,129.4,129.2,135.1,0.143,234.702,211.8,39607.118661,25134.483507,139804,432.2,267.6,208.8,252664,173.0,131.3,97.0
2014-07-01,136.5,147.7,126.1,135.2,151.9,128.4,126.9,129.7,135.3,0.143,234.525,212.9,40319.618346,25309.020948,138727,435.1,267.7,209.0,297961,171.9,131.3,99.1
2014-08-01,135.9,148.5,125.5,135.3,152.7,124.2,119.7,130.6,135.6,0.143,234.03,212.9,40093.817085,24848.981752,139105,435.2,267.8,208.8,243606,168.3,135.3,97.9
2014-09-01,135.5,150.7,124.5,136.4,149.5,123.1,115.1,130.2,135.9,0.141,234.17,212.6,45102.77541,25033.4188,139793,435.1,268.2,208.4,272518,167.4,130.7,95.7
2014-10-01,135.4,151.5,123.3,135.3,150.8,122.7,112.6,130.1,136.1,0.136,233.229,211.8,45335.351722,27565.602131,140848,434.9,268.0,207.9,266855,163.6,132.5,96.4
2014-11-01,136.9,152.2,124.1,136.2,151.8,125.8,123.0,129.9,136.5,0.134,231.551,210.0,42483.529438,24382.019757,141314,432.0,268.0,207.7,232795,156.5,131.9,95.3
2014-12-01,137.4,152.7,121.9,136.0,153.0,125.7,126.4,129.8,136.9,0.135,229.909,208.5,40395.902459,24023.76474,141306,432.2,268.3,206.8,277662,148.7,133.4,95.8
2015-01-01,139.1,153.8,123.6,136.1,151.7,131.2,132.2,132.0,137.5,0.138,228.294,205.1,38589.696731,22261.08611,138491,429.5,268.4,206.5,280998,139.5,134.3,96.2
2015-02-01,139.5,154.3,123.1,136.8,152.7,131.5,132.7,132.3,137.7,0.138,229.421,202.5,31563.988155,22706.549902,139323,424.4,267.9,204.0,241525,145.1,136.1,96.3
2015-03-01,139.5,155.1,123.9,137.2,152.9,129.8,131.0,132.9,137.8,0.136,231.055,201.8,41136.91753,25651.682135,140080,422.2,268.2,200.5,293208,149.8,136.4,96.1
2015-04-01,139.4,156.3,125.2,136.1,154.1,127.4,128.1,133.9,138.1,0.137,231.52,201.2,36121.394467,24704.745498,141264,423.3,268.1,201.0,260152,148.1,137.6,96.0
2015-05-01,140.8,156.7,126.3,137.0,156.0,132.7,132.7,133.7,138.5,0.137,232.908,202.6,39082.029905,24482.502226,142205,423.3,269.7,200.7,251305,152.4,138.0,97.3
2015-06-01,141.0,157.2,126.4,138.1,155.6,132.2,132.0,134.2,138.7,0.143,233.804,204.6,41453.839795,26919.217962,142681,420.9,269.6,200.1,277900,157.5,137.6,96.6
2015-07-01,140.9,156.7,126.1,137.1,156.1,133.6,132.3,133.3,139.0,0.142,233.806,203.5,41215.078176,24804.806979,141729,417.5,267.5,200.5,304422,159.2,138.3,96.4
2015-08-01,140.8,157.8,126.7,136.5,156.4,131.5,127.0,135.0,139.4,0.142,233.366,203.5,44138.055272,24693.76639,141921,421.4,267.4,199.4,259326,156.1,139.4,95.3
2015-09-01,140.3,157.3,127.2,135.8,154.2,131.6,125.1,134.8,139.6,0.141,232.661,201.4,45724.951242,25331.316173,142477,418.7,267.2,198.5,263864,149.3,138.8,94.4
2015-10-01,140.9,159.0,126.2,137.3,155.1,133.9,124.0,134.3,139.8,0.136,232.373,199.5,44309.93252,27672.193708,143626,413.7,267.2,197.1,310917,146.6,135.0,93.4
2015-11-01,141.6,158.1,125.6,136.8,154.9,135.2,133.1,133.7,140.3,0.134,231.721,198.1,41884.774152,24049.508619,144049,412.7,266.9,197.0,297651,146.5,133.1,90.1
2015-12-01,142.5,156.4,124.1,136.7,156.1,138.3,139.7,133.8,140.7,0.133,230.791,195.1,37980.997419,23155.949322,144045,410.0,266.9,197.1,321648,143.4,131.7,89.4
2016-01-01,144.6,156.9,127.7,136.7,156.6,144.9,150.7,134.8,141.0,0.134,231.061,193.4,37126.43412,22337.723342,141072,415.5,266.9,195.2,300084,139.0,134.3,91.3
2016-02-01,145.0,156.8,127.3,137.8,156.2,145.7,150.9,135.6,141.4,0.134,230.972,194.3,36066.892525,23121.746528,141901,410.8,266.7,193.8,308866,134.6,134.9,92.5
2016-03-01,144.5,160.0,127.4,136.8,155.6,141.7,146.6,135.9,141.4,0.134,232.209,194.1,29812.326908,24692.111632,142797,407.0,266.7,193.2,329029,138.1,135.6,92.2
2016-04-01,143.8,158.7,129.6,136.7,156.4,138.2,140.7,136.4,141.8,0.134,233.438,194.8,32920.204539,24985.773651,143893,403.6,266.4,193.6,265914,143.4,133.7,91.2
2016-05-01,143.3,159.1,130.6,136.6,156.6,137.6,134.5,136.0,142.1,0.133,234.436,195.7,37513.726589,24761.062479,144540,405.2,266.4,194.2,306390,146.9,136.4,92.8
2016-06-01,142.8,156.7,131.9,135.5,155.2,137.4,135.8,135.2,142.3,0.138,235.289,197.5,38539.190214,24809.622976,145205,405.7,266.4,195.2,306037,150.6,137.1,93.9
2016-07-01,143.2,158.4,132.9,135.8,155.4,135.9,135.2,135.8,142.7,0.139,234.771,197.3,39438.857738,22944.587756,144232,406.7,266.4,196.1,346477,147.4,133.0,95.1
2016-08-01,142.3,157.5,132.8,136.7,155.3,130.9,129.4,136.1,142.9,0.139,234.904,196.2,43221.774205,25544.937654,144485,409.6,265.2,196.4,290544,147.0,127.8,93.1
2016-09-01,140.4,156.7,132.0,134.6,151.5,129.7,122.9,133.3,143.1,0.139,235.495,196.1,42020.928547,25122.16115,145150,410.0,265.2,197.3,339091,147.3,124.7,91.5
2016-10-01,139.9,156.3,129.4,133.7,151.9,127.0,120.8,133.2,143.5,0.134,235.732,194.6,43798.098424,26358.862675,146032,411.6,265.2,197.1,349516,150.2,124.6,90.7
2016-11-01,140.6,155.0,131.2,133.5,149.6,130.8,128.1,133.3,143.8,0.131,235.215,193.4,42602.631733,25358.0766,146465,412.1,265.7,197.7,349242,146.8,125.1,93.0
2016-12-01,140.6,154.8,130.3,133.6,149.7,131.1,129.3,132.3,144.0,0.133,235.39,194.5,39358.926061,23463.940217,146252,411.2,265.7,198.6,365225,149.1,128.7,94.0
2017-01-01,141.5,154.3,132.8,134.5,150.4,133.6,130.9,133.4,144.3,0.134,236.854,195.2,41335.553396,23458.559937,143376,410.4,265.3,199.8,346346,155.8,129.5,96.3
2017-02-01,141.7,154.2,132.0,133.9,150.5,132.5,132.9,133.9,144.7,0.135,237.477,195.5,32784.957412,23806.874965,144405,410.2,265.4,200.8,329866,151.1,130.9,98.2
2017-03-01,141.8,155.2,134.5,134.2,150.7,129.9,133.9,134.3,144.8,0.134,237.656,196.7,34161.993661,27920.627811,145062,412.3,265.4,201.7,358861,149.8,132.8,98.5
2017-04-01,142.2,155.4,133.5,134.7,151.6,131.8,132.9,134.1,145.3,0.135,238.432,197.2,37441.870879,25017.467801,146086,416.9,265.5,201.8,328580,157.2,132.4,98.7
2017-05-01,143.1,155.9,136.2,134.3,151.2,136.5,136.3,134.3,145.5,0.137,238.609,198.9,41756.844722,27032.582237,146924,417.7,265.4,202.1,310778,151.8,135.4,99.4
2017-06-01,143.6,156.5,137.4,133.6,151.7,137.4,139.4,134.0,145.9,0.142,238.813,201.3,42258.078621,27153.754084,147566,418.5,265.4,202.3,321671,148.7,136.4,99.6
2017-07-01,144.1,158.4,137.9,133.5,152.3,139.6,137.8,134.3,146.4,0.143,238.617,200.3,43561.110857,24514.74541,146464,420.9,265.1,202.3,327751,147.8,136.3,98.6
2017-08-01,143.6,159.3,137.3,134.0,153.0,135.6,132.6,134.6,146.6,0.142,239.448,200.3,45782.311949,26924.36987,146782,419.4,265.1,202.2,275594,150.4,132.9,98.3
2017-09-01,142.4,158.5,136.4,133.1,150.8,132.0,126.3,134.3,146.9,0.142,240.939,198.5,45405.051275,25731.991377,147169,422.4,265.0,202.8,333206,154.5,128.7,95.4
2017-10-01,141.7,156.5,134.3,132.8,152.9,127.6,122.9,134.2,147.6,0.137,240.573,198.0,48133.149629,28572.107216,148182,421.3,265.9,205.0,385406,151.7,128.6,96.9
2017-11-01,142.9,158.0,134.8,132.8,151.6,130.2,132.0,133.8,148.0,0.136,240.666,196.9,48104.793415,27481.066952,148758,419.5,265.8,206.2,358596,157.9,130.3,98.6
2017-12-01,143.4,157.3,134.4,133.7,152.3,132.3,136.5,132.4,148.2,0.136,240.526,196.6,44439.382241,25052.592836,148509,428.6,265.8,207.0,369068,155.8,129.2,98.7
2018-01-01,144.7,156.2,136.5,134.0,151.0,136.2,139.9,134.5,149.6,0.135,241.919,196.6,45681.310362,25788.215741,145412,428.1,267.4,208.2,339976,159.5,129.9,100.2
2018-02-01,144.7,156.7,136.2,134.1,152.0,132.4,139.9,134.7,150.5,0.135,242.988,197.2,38956.173961,25777.142669,146649,430.7,267.3,208.9,302001,159.1,130.1,101.4
2018-03-01,144.2,156.0,136.5,133.8,151.1,130.3,137.4,134.1,151.1,0.135,243.463,198.9,38273.829291,29754.137946,147352,436.2,267.5,211.0,369137,161.0,130.7,100.9
2018-04-01,144.8,158.2,137.0,133.7,151.5,130.5,137.0,134.8,151.8,0.134,244.607,199.4,38227.767574,27895.040348,148329,441.8,267.5,212.3,352397,167.1,129.6,99.8
2018-05-01,144.6,156.3,137.2,133.6,151.6,133.1,135.4,133.4,152.1,0.136,245.77,201.1,43866.578304,29209.179529,149264,445.8,267.5,213.0,343755,169.4,131.3,100.7
2018-06-01,145.6,157.6,138.1,133.3,151.2,136.3,140.1,134.0,152.4,0.139,246.196,200.2,44524.005052,29349.892896,149930,449.6,267.3,214.3,334184,167.2,132.9,103.2
2018-07-01,146.1,158.7,138.2,133.5,151.3,138.7,140.4,133.9,152.9,0.139,246.155,198.8,47009.750007,27999.48831,148767,454.5,267.4,214.7,379276,168.8,133.8,101.2
2018-08-01,145.9,159.7,138.1,134.3,151.8,135.8,136.6,133.9,153.2,0.139,246.336,197.7,47796.194112,30885.907159,149236,457.2,268.5,215.4,333324,167.2,130.2,97.4
2018-09-01,144.9,159.4,136.4,134.6,149.6,131.6,133.6,133.6,153.2,0.138,246.565,197.1,49938.049895,28984.790343,149545,457.2,269.0,217.6,305492,166.3,128.2,96.3
2018-10-01,144.6,157.6,135.7,133.6,152.3,128.7,133.2,133.3,153.8,0.136,247.038,197.4,52081.070497,31636.756798,150553,458.4,269.0,217.9,338867,163.7,129.5,98.5
2018-11-01,146.1,158.8,137.8,134.9,152.2,131.8,141.8,133.0,154.1,0.134,245.933,197.2,46344.570969,29464.671352,151032,457.6,269.0,218.7,351370,155.8,128.5,97.8
2018-12-01,147.5,158.3,139.5,135.7,153.7,135.5,151.8,133.4,153.9,0.135,244.786,198.0,45814.858502,26935.317419,150831,459.0,268.9,219.0,368101,150.1,127.9,97.5
2019-01-01,148.7,159.8,140.9,135.9,153.8,136.1,154.9,135.4,154.9,0.135,245.133,198.3,41302.50818,27557.995759,147878,459.8,269.3,218.8,359742,148.5,130.1,97.8
2019-02-01,149.3,159.4,142.1,137.6,155.1,136.3,157.2,136.2,154.5,0.136,246.218,198.8,33027.758098,27485.222761,148683,459.4,272.1,218.7,277382,150.1,129.9,98.4
2019-03-01,149.4,158.9,142.5,137.1,154.1,137.8,155.5,136.8,155.3,0.135,247.768,199.4,31078.662933,31111.754186,149360,456.3,272.1,218.4,313282,159.1,132.1,99.2
2019-04-01,149.0,159.3,140.7,136.3,152.4,136.3,154.4,136.4,155.7,0.135,249.332,201.1,34499.454932,30229.048253,150422,455.3,272.1,220.5,353144,168.2,135.3,101.5
2019-05-01,149.7,160.9,142.7,137.8,154.8,136.1,154.9,136.5,155.9,0.136,249.871,202.0,39023.881706,31907.669816,151093,456.9,272.1,221.4,354617,169.2,135.3,100.6
2019-06-01,150.7,163.8,140.4,136.2,154.4,139.7,160.6,136.3,156.4,0.139,249.747,202.2,38732.97518,30193.358032,151714,465.0,272.3,221.6,318648,160.3,133.6,99.4
2019-07-01,151.6,167.4,142.3,137.7,156.0,136.3,163.0,136.2,156.9,0.14,250.236,202.0,41237.166159,29953.511976,150658,465.4,272.3,221.7,373755,163.4,131.7,98.6
2019-08-01,151.1,167.3,142.1,137.9,156.8,136.2,154.9,136.3,157.4,0.139,250.112,202.2,40955.642945,30887.235941,151094,466.2,272.3,221.3,362351,159.3,132.7,98.9
2019-09-01,150.2,168.2,141.9,138.0,154.2,133.8,148.1,137.1,157.4,0.139,250.251,202.2,39866.673154,29273.757502,151510,465.9,272.3,221.0,335473,158.7,127.6,96.8
2019-10-01,149.9,167.3,143.3,135.5,156.0,135.0,142.7,137.3,158.0,0.136,250.894,201.8,39794.889454,30932.978041,152500,467.1,270.0,221.5,382839,158.9,128.7,97.3
2019-11-01,151.1,167.1,144.6,137.1,156.4,137.9,150.9,137.0,158.1,0.133,250.644,203.2,36172.914882,29060.754817,153095,467.4,270.0,221.6,360183,158.1,129.3,97.1
2019-12-01,151.9,165.9,144.0,138.4,156.9,144.9,154.8,136.0,157.9,0.133,250.452,203.0,33418.149084,27500.296961,152845,467.9,270.0,221.8,395209,158.3,130.5,97.6
2020-01-01,153.5,169.9,144.2,138.8,156.9,142.5,162.4,139.1,158.2,0.134,251.361,202.4,32944.673286,28202.281911,150056,468.3,268.8,223.1,375307,158.6,132.7,100.0
2020-02-01,152.9,168.3,144.3,140.5,157.9,137.1,161.8,138.0,158.3,0.134,251.935,200.9,22576.609689,28903.203952,150967,468.7,268.9,223.2,352268,156.6,132.7,99.4
2020-03-01,152.8,170.4,146.0,140.3,159.6,133.4,158.9,138.7,158.1,0.134,251.375,201.0,19638.123468,29882.071459,149952,467.9,268.9,222.7,386965,140.6,132.7,101.5
2020-04-01,154.0,170.0,144.4,142.8,158.7,138.8,160.3,139.8,159.2,0.133,249.515,201.7,30730.147843,15771.982737,130253,467.5,269.5,221.7,370176,128.3,130.8,99.9
2020-05-01,154.3,173.5,149.0,142.8,160.2,138.3,157.9,139.1,159.3,0.134,249.521,216.3,36318.738261,14857.386976,133422,465.2,269.5,219.9,375880,137.0,134.7,101.3
2020-06-01,154.8,177.0,145.7,142.1,158.9,139.0,163.1,137.8,159.5,0.137,251.054,204.4,37286.885658,25672.078884,138507,464.7,269.5,218.6,382121,146.2,133.2,101.4
2020-07-01,155.0,175.5,144.5,141.2,156.9,141.7,165.4,138.0,160.2,0.137,252.636,202.1,40469.812982,28878.18955,139105,462.0,269.5,218.4,355098,149.7,132.7,102.2
2020-08-01,153.8,170.4,146.8,142.3,157.8,140.9,158.3,136.0,160.7,0.137,253.597,201.5,40598.942662,29555.632641,140727,462.7,269.5,219.4,363424,149.3,133.1,109.5
2020-09-01,152.6,168.8,143.5,140.8,155.1,138.1,153.2,137.0,160.9,0.137,254.004,201.8,41003.217161,29788.03202,141957,462.9,269.5,219.9,339884,149.8,134.4,109.6
2020-10-01,153.3,170.2,143.6,140.5,156.6,140.3,153.1,137.4,161.5,0.135,254.076,203.2,44654.266193,32785.496819,143564,462.8,270.3,220.1,400909,149.4,137.3,110.1
2020-11-01,153.9,170.9,145.0,141.6,155.2,139.6,156.8,138.1,161.6,0.136,253.826,205.0,44700.409933,29819.707574,144116,464.7,270.3,220.4,395613,149.1,138.2,110.0
2020-12-01,153.6,170.0,144.7,141.5,156.4,140.0,157.1,136.5,161.6,0.136,254.081,204.6,41626.191515,29360.853468,143604,464.3,270.3,221.4,397850,152.0,139.5,110.9
2021-01-01,155.0,171.9,143.4,141.6,154.2,140.9,162.5,139.0,162.6,0.136,255.296,205.0,38835.275419,28976.451284,140974,467.2,270.3,223.2,394315,154.3,143.0,114.4
2021-02-01,155.6,169.5,143.9,143.1,157.1,143.4,163.8,139.5,162.9,0.137,256.843,208.6,33816.75994,27201.783374,142129,468.9,270.1,224.4,346410,160.4,148.0,117.2
2021-03-01,155.5,170.2,144.9,144.9,156.8,142.4,157.4,141.5,162.6,0.138,258.935,211.8,39934.039704,33313.889483,143308,478.7,270.1,226.8,416849,167.4,153.0,117.6
2021-04-01,155.4,173.5,145.1,146.1,156.2,141.9,151.1,140.5,163.2,0.139,261.237,217.7,37371.138998,31991.844406,144402,489.8,270.1,228.4,391000,170.2,158.7,121.4
2021-05-01,156.6,175.4,147.6,146.6,157.8,143.9,153.8,141.6,163.5,0.14,263.612,223.9,38486.525451,31108.854912,145392,490.9,270.1,230.3,357446,173.2,159.3,125.9
2021-06-01,156.8,176.7,146.2,145.3,157.7,144.5,153.4,142.2,163.9,0.142,266.412,228.9,39779.270246,32776.616579,146626,493.6,273.8,231.0,362131,174.7,164.6,127.1
2021-07-01,157.6,180.9,146.6,146.4,157.9,141.7,154.8,141.9,165.2,0.143,267.789,225.335,40290.914463,31818.084797,146619,501.212,275.043,232.41,362458,179.2,167.9,129.8
2021-08-01,158.0,182.1,146.8,148.3,158.5,142.5,152.2,141.7,165.9,0.144,268.387,229.188,42897.843401,31957.126193,147159,508.391,275.621,233.491,287295,180.2,164.2,128.1
2021-09-01,158.5,184.8,147.1,148.0,158.1,141.5,150.0,144.3,165.9,0.144,269.086,231.889,47350.944635,31829.475316,147917,509.515,275.623,234.583,320564,179.9,167.5,127.8
2021-10-01,159.2,187.1,149.3,146.6,159.3,141.7,149.4,144.4,167.1,0.142,271.552,229.355,47873.453886,34138.925977,149605,527.871,277.234,236.297,360223,187.5,168.0,127.8
2021-11-01,160.7,186.3,148.6,146.7,161.6,144.2,161.4,144.2,167.8,0.142,273.042,229.493,48234.758989,34470.179273,150543,527.774,278.296,237.879,325474,188.4,174.3,130.9
2021-12-01,161.6,185.3,149.1,145.9,164.1,147.4,163.3,145.4,168.2,0.142,273.925,229.617,49375.341266,32986.107656,150740,528.583,278.941,238.886,293945,184.2,176.3,131.4
2022-01-01,163.9,189.3,151.7,148.0,164.9,150.7,166.4,148.0,169.2,0.147,276.296,234.274,47674.157983,33155.619505,147932,532.807,285.23,240.995,271629,190.0,186.3,132.8
2022-02-01,166.0,189.3,152.3,153.0,167.6,152.3,167.8,151.6,170.5,0.148,278.943,238.775,42245.83809,32507.559725,149606,534.905,285.339,241.782,262732,199.0,196.1,136.9
2022-03-01,167.5,188.0,153.6,157.2,172.2,154.1,165.9,154.2,171.4,0.15,283.176,242.416,47280.580403,40013.719324,150411,541.179,285.584,243.482,308449,213.9,202.5,146.0
2022-04-01,169.0,191.1,154.4,157.6,173.8,153.6,163.4,156.7,174.0,0.151,284.575,249.122,41732.3836,38517.005188,151434,566.067,285.584,249.784,293812,215.1,206.1,147.2
2022-05-01,170.4,191.2,160.2,158.2,173.8,157.4,169.5,157.1,174.6,0.154,288.022,253.635,43779.036802,39445.510893,152264,565.297,288.584,254.679,247535,233.4,207.0,145.1
2022-06-01,170.6,190.8,161.1,157.8,175.5,156.6,168.5,156.9,175.5,0.16,292.542,256.04,48487.115859,39122.762916,153175,600.159,289.708,255.971,276389,242.5,212.5,141.2
2022-07-01,172.1,192.0,160.1,159.4,178.7,156.5,169.8,158.2,177.3,0.164,292.219,256.595,46571.576655,37687.531146,152813,617.613,290.022,259.024,324439,229.4,207.9,134.2
2022-08-01,173.5,193.9,159.5,159.4,182.4,158.5,168.2,161.7,178.1,0.167,291.629,256.454,50386.763469,39780.910597,153208,620.629,290.125,258.055,261540,214.5,193.6,134.0
2022-09-01,174.8,198.8,158.3,162.8,183.5,157.7,169.0,162.8,178.4,0.167,291.854,255.916,49273.976584,39197.973411,153730,636.911,291.546,258.332,331683,205.1,190.3,129.8
2022-10-01,175.2,197.4,160.5,162.6,186.3,154.2,168.3,163.6,180.0,0.166,293.003,254.032,44671.192909,40144.372069,154936,646.279,303.764,256.928,366915,217.9,191.6,130.2
2022-11-01,177.3,197.9,160.7,164.3,186.9,158.4,180.7,164.6,180.7,0.163,292.495,256.049,36921.592295,36643.679848,155519,648.561,304.13,258.981,361145,214.6,195.1,131.6
2022-12-01,177.9,196.5,161.5,163.4,188.3,161.7,185.6,163.3,181.2,0.165,291.051,254.159,37235.035665,35815.569471,155211,647.355,304.16,258.83,345687,197.7,192.9,134.5
2023-01-01,181.0,203.1,162.0,166.8,189.1,165.3,191.5,166.0,183.0,0.168,293.565,255.188,38180.465386,36895.405811,152688,644.653,306.699,261.529,364031,200.3,194.0,135.1
2023-02-01,182.1,201.0,163.6,167.7,191.6,169.0,191.1,168.2,183.7,0.168,295.057,252.191,30579.241655,35678.640092,153817,641.294,306.7,259.191,336866,197.9,194.3,136.2
2023-03-01,182.4,200.4,163.5,169.5,195.4,166.4,185.7,171.5,183.7,0.166,296.021,254.266,30773.867762,42793.405279,154253,641.721,307.977,258.719,384817,199.2,196.1,137.5
2023-04-01,183.1,203.9,164.8,168.7,196.7,167.4,179.3,172.5,185.2,0.165,297.73,253.399,33021.842535,38054.994275,155201,635.493,309.193,258.207,371693,206.0,195.3,139.9
2023-05-01,184.6,203.2,166.5,170.2,198.9,168.6,185.6,173.5,186.4,0.165,298.382,253.938,35875.016522,41339.552129,156132,636.061,309.201,255.864,323217,204.4,194.4,136.2
2023-06-01,184.8,204.0,166.0,169.8,197.7,172.4,183.0,173.0,187.0,0.17,299.394,253.425,34296.534832,40988.584861,156842,637.573,309.227,254.981,300078,207.2,189.5,134.1
2023-07-01,185.5,206.7,164.3,170.8,199.3,166.6,185.2,173.8,188.1,0.169,299.899,253.273,36086.342727,38900.908583,155981,635.425,309.237,254.812,402886,210.7,191.2,135.8
2023-08-01,185.3,206.6,165.1,168.8,197.9,164.6,182.5,174.9,189.0,0.17,301.551,254.485,36705.300917,41698.966182,156355,634.873,309.237,255.906,347606,218.4,195.0,136.6
2023-09-01,185.2,207.5,165.1,169.1,196.7,165.9,180.9,173.7,189.3,0.171,302.257,255.774,40239.225309,39509.220025,156845,627.385,311.535,257.632,390460,216.2,191.2,135.8
2023-10-01,185.0,206.2,163.8,168.1,197.6,164.1,176.5,175.3,190.2,0.169,302.071,255.302,41556.933141,42897.39595,157878,630.503,311.535,260.697,411664,206.2,191.3,134.2
2023-11-01,186.2,207.7,162.0,170.0,197.9,167.1,186.7,173.1,190.7,0.168,301.224,252.883,35478.105496,39844.044126,158347,631.275,311.681,261.657,386867,202.3,187.1,135.1
2023-12-01,186.8,207.4,160.4,168.9,197.9,170.7,188.6,173.5,191.4,0.169,300.728,253.713,34092.133468,36614.848384,158269,636.23,317.83,261.52,402183,197.0,184.1,132.4
2024-01-01,188.1,208.8,163.1,169.3,197.0,172.3,194.6,174.5,192.4,0.173,302.201,251.917,35793.583054,38042.320835,155432,638.964,323.511,264.276,398507,194.9,182.1,132.8
