index,food_cpi: Food,food_cpi: Meat,"food_cpi: Fish, seafood and other marine products",food_cpi: Dairy products and eggs,food_cpi: Bakery and cereal products (excluding baby food),"food_cpi: Fruit, fruit preparations and nuts",food_cpi: Vegetables and vegetable preparations,food_cpi: Other food products and non-alcoholic beverages,food_cpi: Food purchased from restaurants,excaus,pcu32533253,wtisplc,enso,energy_cpi,fppi_total,rmpi_total,commodity_food,commodity_fertilizer
1986-01-01,67.3,65.1,60.6,70.9,69.3,76.0,76.0,77.5,59.1,1.407,97.9,22.945,-0.4,69.4,77.5,47.5,46.12,30.05
1986-02-01,66.9,64.2,61.3,70.8,70.3,77.6,68.4,78.1,59.1,1.4043,98.5,15.442,-0.34,69.4,77.4,47.5,44.79,29.26
1986-03-01,67.0,64.2,61.3,71.1,70.6,79.2,66.2,78.6,59.3,1.4009,98.8,12.618,-0.4,67.1,76.4,47.6,45.4,29.52
1986-04-01,67.7,63.6,61.4,71.0,71.3,82.2,71.1,79.5,59.7,1.3879,98.7,12.847,-0.53,62.6,75.3,47.3,45.51,28.63
1986-05-01,68.2,64.0,61.9,71.4,71.2,83.5,75.3,79.8,59.9,1.3757,98.5,15.444,-0.26,61.0,75.9,47.6,43.92,27.89
1986-06-01,68.4,64.9,62.0,71.1,71.1,83.1,74.1,79.9,60.0,1.3899,98.5,13.469,0.01,60.8,76.8,47.9,42.61,27.41
1986-07-01,69.2,66.5,62.2,71.3,71.7,84.8,75.7,80.2,60.6,1.3808,97.0,11.575,0.41,60.6,78.4,48.2,40.65,26.09
1986-08-01,69.5,67.8,62.7,71.5,71.9,86.7,71.9,80.2,60.9,1.3885,95.7,15.092,0.97,60.4,76.0,48.5,39.9,26.45
1986-09-01,69.9,71.3,63.1,71.8,71.7,83.8,66.6,80.8,60.9,1.3873,95.0,14.913,1.29,59.6,76.0,48.7,39.65,25.39
1986-10-01,70.2,71.5,63.6,71.8,71.1,82.9,70.7,81.0,61.3,1.3885,93.6,14.852,0.56,59.1,76.6,48.4,40.7,25.32
1986-11-01,70.6,72.1,65.3,72.1,71.6,78.9,78.0,79.9,61.6,1.3863,93.7,15.207,0.64,59.7,77.1,48.9,41.23,25.09
1986-12-01,70.5,72.9,65.9,72.5,72.2,76.1,75.9,78.8,61.7,1.3801,93.3,16.076,1.06,59.9,75.7,48.6,40.52,25.12
1987-01-01,71.2,72.8,67.1,72.5,72.6,77.4,79.6,81.0,62.1,1.3606,93.2,18.656,1.03,60.7,73.7,48.8,42.48,25.18
1987-02-01,71.2,71.0,67.5,72.8,72.3,79.4,82.7,81.1,62.1,1.334,95.4,17.726,1.16,62.0,73.6,48.6,43.08,26.4
1987-03-01,71.2,70.5,67.6,72.4,72.8,79.6,81.3,81.9,62.3,1.3194,97.0,18.305,1.57,63.2,73.1,48.5,43.24,27.01
1987-04-01,71.2,71.2,67.6,72.2,72.6,79.3,80.9,81.3,62.3,1.3192,98.8,18.643,1.74,63.6,74.1,49.3,43.88,27.86
1987-05-01,71.8,72.0,67.8,72.4,73.2,82.6,84.3,79.8,62.7,1.3411,97.8,19.415,1.96,63.7,76.4,51.2,46.4,29.29
1987-06-01,72.6,73.0,67.9,72.4,72.6,88.2,90.6,79.3,62.3,1.3387,96.9,20.034,2.07,64.4,77.7,51.6,45.94,29.69
1987-07-01,72.8,73.4,68.4,72.4,73.7,87.8,88.5,79.8,62.7,1.3262,97.3,21.355,1.88,64.7,77.6,51.5,44.34,30.6
1987-08-01,72.1,74.6,69.0,72.9,73.6,85.9,71.5,80.3,62.9,1.3256,98.1,20.274,1.46,65.0,78.5,52.0,43.36,30.58
1987-09-01,71.7,73.8,69.3,73.5,73.3,83.0,70.1,80.2,63.1,1.3154,99.2,19.526,1.26,65.5,78.0,52.2,45.94,30.21
1987-10-01,71.8,74.3,70.3,73.1,73.1,81.6,72.0,79.9,63.4,1.3097,99.4,19.848,1.18,65.3,76.4,52.4,46.82,31.04
1987-11-01,72.1,73.8,70.3,73.2,73.6,80.9,78.4,79.7,63.6,1.3167,99.7,18.92,0.9,65.5,75.8,52.4,48.95,30.95
1987-12-01,72.1,72.3,70.4,73.1,73.7,78.6,84.6,78.3,63.7,1.3075,101.0,17.241,0.79,65.5,75.4,53.5,51.0,31.35
1988-01-01,72.8,72.9,71.4,73.4,74.4,78.6,85.8,81.1,64.1,1.2855,103.0,17.16,0.63,65.5,76.0,53.5,53.4,32.1
1988-02-01,72.6,72.0,72.0,73.8,74.3,81.5,81.4,81.4,64.4,1.2682,105.6,16.765,0.33,64.6,76.1,52.5,52.29,32.82
1988-03-01,72.5,72.3,72.6,74.1,74.6,81.6,75.3,81.3,64.5,1.2492,106.7,16.217,0.17,64.1,75.6,53.0,52.43,33.92
1988-04-01,72.8,72.2,72.9,74.4,74.9,82.6,77.5,81.5,64.8,1.2353,106.6,17.875,-0.01,64.8,76.4,53.1,53.13,32.84
1988-05-01,73.3,72.0,73.7,75.4,74.9,85.4,80.1,80.5,65.3,1.2373,105.8,17.438,-0.39,65.4,77.4,53.9,54.41,34.72
1988-06-01,73.9,72.9,73.8,75.5,75.9,90.3,79.2,80.9,65.4,1.2176,105.5,16.53,-1.17,65.2,78.7,54.5,63.2,34.92
1988-07-01,74.6,73.6,74.3,75.9,75.9,91.0,81.2,81.3,65.9,1.2075,106.1,15.498,-1.78,65.3,78.4,54.4,64.0,34.92
1988-08-01,74.8,73.8,75.2,76.3,76.3,92.2,78.2,82.4,66.2,1.2237,106.4,15.524,-1.81,64.2,84.9,53.4,60.5,38.4
1988-09-01,74.6,73.8,76.0,76.5,76.1,91.4,75.0,82.3,66.4,1.2267,107.0,14.467,-1.8,64.3,85.9,53.5,61.79,38.21
1988-10-01,74.6,73.6,77.1,76.4,76.8,88.1,75.4,82.8,66.7,1.2055,108.0,13.798,-1.59,63.9,85.8,53.9,60.5,38.42
1988-11-01,74.3,72.9,77.2,76.3,76.8,84.6,76.3,82.7,67.0,1.2186,110.0,13.977,-1.7,63.3,84.8,54.2,59.55,38.42
1988-12-01,74.1,72.9,77.0,76.4,76.7,80.3,78.5,81.0,67.2,1.1962,111.5,16.266,-1.55,63.1,85.2,54.4,59.97,36.99
1989-01-01,74.9,73.5,77.2,77.1,76.9,79.4,83.0,83.4,67.6,1.1913,113.8,17.983,-1.12,63.6,85.2,54.7,58.75,36.99
1989-02-01,75.6,73.6,77.2,77.2,76.8,78.7,90.8,84.0,67.8,1.1891,114.6,17.826,-1.1,64.0,85.7,54.2,58.82,37.59
1989-03-01,75.6,74.0,77.0,76.9,77.3,80.9,84.2,85.0,68.1,1.1954,115.4,19.445,-1.24,64.4,85.9,55.1,61.45,37.19
1989-04-01,75.9,74.4,77.6,77.0,77.5,82.1,85.3,84.5,68.3,1.1888,114.3,21.04,-1.09,65.0,85.8,54.5,61.16,36.05
1989-05-01,76.4,73.8,77.7,77.3,77.2,83.6,92.4,84.2,68.6,1.1925,112.7,20.032,-1.03,67.5,86.2,54.0,61.44,35.63
1989-06-01,76.9,74.5,77.7,77.4,77.4,84.5,96.6,84.2,68.7,1.1986,109.8,20.005,-0.99,67.9,86.1,53.8,60.04,35.15
1989-07-01,77.6,75.7,77.9,77.5,78.1,86.3,95.7,85.1,69.5,1.1891,106.5,19.644,-1.08,68.1,86.6,53.3,59.2,35.15
1989-08-01,77.1,75.6,78.4,77.7,78.5,88.1,82.8,85.5,69.6,1.1758,105.2,18.522,-0.66,68.1,84.5,53.7,56.41,30.48
1989-09-01,76.8,76.5,77.8,78.4,78.2,85.3,74.9,86.2,69.9,1.1828,106.0,19.594,-0.53,68.0,82.8,52.9,56.88,30.48
1989-10-01,77.1,76.8,76.6,79.0,79.3,84.1,77.9,85.3,70.1,1.1749,104.7,20.091,-0.49,67.8,83.0,52.8,57.38,28.71
1989-11-01,77.0,75.9,76.3,79.2,79.1,81.3,82.4,84.8,70.4,1.1697,105.0,19.82,-0.36,68.1,82.9,51.8,56.85,30.39
1989-12-01,76.6,76.6,75.5,79.2,79.8,81.0,75.3,83.6,70.5,1.1613,105.2,21.088,-0.07,67.8,83.1,51.1,55.95,32.11
1990-01-01,78.5,77.8,76.3,79.5,80.3,81.4,93.1,86.0,70.9,1.172,105.2,22.641,0.13,69.4,81.9,50.7,56.55,32.1
1990-02-01,79.2,76.4,76.6,80.0,80.5,83.6,102.4,86.9,71.0,1.1965,106.4,22.108,0.45,70.2,82.8,51.7,56.08,32.49
1990-03-01,79.4,77.1,76.1,79.7,80.7,87.3,98.0,86.9,71.3,1.18,106.0,20.418,0.61,70.8,83.8,52.8,55.87,33.1
1990-04-01,78.8,77.9,75.8,79.5,81.2,85.9,84.8,87.6,71.7,1.1641,107.3,18.582,0.17,71.4,84.2,52.6,56.39,33.73
1990-05-01,79.0,78.4,76.2,79.0,80.6,88.1,84.8,87.0,72.2,1.1747,107.0,18.237,0.08,72.2,85.5,53.5,56.06,33.18
1990-06-01,80.1,80.8,76.9,79.2,81.0,92.8,88.7,86.9,72.2,1.173,106.2,16.871,0.05,72.6,86.0,53.2,54.54,33.4
1990-07-01,80.6,81.1,76.6,79.2,80.8,96.4,88.5,87.7,72.8,1.157,106.8,18.638,0.13,72.4,85.5,53.3,54.44,33.45
1990-08-01,79.9,80.4,76.9,79.5,80.4,96.0,79.4,87.1,73.0,1.1448,107.7,27.174,0.02,72.6,80.2,53.2,53.81,34.84
1990-09-01,79.7,81.5,77.2,81.4,81.0,90.5,72.4,87.8,73.1,1.1583,109.2,33.687,0.22,73.4,79.0,52.7,53.48,31.86
1990-10-01,80.1,81.9,77.0,81.7,81.5,86.7,78.6,87.8,73.6,1.16,111.2,35.922,-0.07,76.7,79.6,51.8,53.41,38.73
1990-11-01,80.2,81.3,76.6,81.9,81.8,85.9,82.1,87.1,73.9,1.1635,112.8,32.3,0.12,79.3,78.3,51.2,52.6,40.04
1990-12-01,79.9,81.9,77.0,82.2,82.3,85.6,77.5,84.3,74.2,1.1603,112.8,27.337,0.31,79.2,78.2,50.8,52.96,40.36
1991-01-01,83.2,82.1,78.3,82.2,82.6,92.7,83.2,89.4,79.5,1.156,112.8,24.959,0.19,82.6,78.0,51.1,53.96,40.97
1991-02-01,83.2,81.4,78.0,82.2,81.7,95.2,83.7,89.2,79.6,1.1549,113.0,20.523,0.08,77.9,78.4,51.2,54.92,41.1
1991-03-01,83.5,80.9,78.0,83.3,82.2,99.2,80.7,89.5,79.8,1.1572,113.0,19.86,0.2,75.4,78.4,51.0,55.83,39.96
1991-04-01,83.8,80.0,77.8,82.8,82.0,98.4,89.8,89.4,80.0,1.1535,113.0,20.823,0.2,74.1,78.3,50.8,54.39,40.25
1991-05-01,84.0,79.4,78.8,82.6,81.0,100.3,93.7,88.7,80.3,1.1499,112.4,21.24,0.35,76.3,78.9,50.4,53.11,39.06
1991-06-01,85.5,80.5,79.1,82.6,81.8,102.9,110.5,88.7,80.3,1.1439,111.9,20.195,0.97,76.5,78.7,50.3,53.22,38.57
1991-07-01,84.9,80.5,79.2,82.7,81.1,105.4,100.3,88.3,80.4,1.1493,111.7,21.42,0.91,77.5,77.1,49.9,52.83,38.13
1991-08-01,84.0,80.3,79.8,82.6,81.2,105.6,83.2,88.6,80.6,1.1452,112.1,21.688,0.37,77.3,78.0,49.5,54.01,37.88
1991-09-01,82.9,79.9,79.9,82.2,81.1,100.8,74.0,87.7,80.7,1.137,111.5,21.857,0.54,77.8,76.7,48.8,53.9,37.62
1991-10-01,82.1,79.0,79.2,82.2,81.4,93.0,72.1,87.5,80.9,1.1279,111.1,23.228,0.97,76.3,76.0,48.5,54.41,37.54
1991-11-01,82.3,79.3,78.0,82.9,81.5,89.9,79.8,85.9,81.1,1.1302,110.3,22.465,1.04,76.3,74.9,47.6,54.32,37.75
1991-12-01,81.7,78.6,77.4,83.0,81.6,85.9,77.7,84.2,81.2,1.1467,110.1,19.517,1.23,75.4,74.2,47.8,54.28,37.39
1992-01-01,82.4,78.6,78.7,83.1,81.2,87.4,81.9,86.2,81.4,1.1571,110.0,18.82,1.68,77.6,74.0,48.2,55.67,36.05
1992-02-01,82.5,78.2,78.7,83.1,81.0,88.1,86.9,84.8,81.5,1.1825,110.4,18.995,1.58,75.6,75.9,49.7,55.46,35.78
1992-03-01,82.9,77.9,79.0,82.8,81.5,90.0,92.2,84.7,81.6,1.1928,110.7,18.916,1.71,75.1,76.1,50.1,55.55,35.69
1992-04-01,83.2,78.1,79.1,82.7,81.6,89.9,95.2,85.2,81.6,1.1874,110.9,20.243,1.97,75.2,75.9,50.5,54.07,35.7
1992-05-01,83.0,78.5,80.0,83.0,82.1,91.9,86.4,85.0,81.7,1.1991,111.4,20.94,1.68,76.3,76.9,51.3,54.16,35.72
1992-06-01,83.7,79.1,80.5,83.3,82.6,96.9,87.4,85.5,81.7,1.196,111.3,22.375,1.51,77.5,77.3,51.6,54.82,35.72
1992-07-01,83.5,78.2,82.2,83.0,82.9,96.5,86.5,85.9,82.0,1.1924,110.0,21.759,0.62,79.0,76.0,51.7,53.74,35.72
1992-08-01,83.4,78.6,82.4,83.3,82.9,98.8,80.0,85.6,82.1,1.1907,109.1,21.35,-0.02,78.1,77.7,51.3,53.82,35.95
1992-09-01,83.0,78.8,82.9,83.5,83.1,95.2,77.0,85.5,82.1,1.2225,109.1,21.902,0.4,77.6,78.7,52.0,53.34,36.05
1992-10-01,83.0,79.0,84.1,83.6,83.0,89.8,78.5,85.5,82.4,1.2453,109.1,21.688,0.67,77.5,78.1,51.9,51.71,35.6
1992-11-01,83.1,79.6,83.2,83.8,83.2,86.4,83.3,85.6,82.4,1.2674,108.9,20.342,0.62,78.3,79.2,52.0,52.14,34.26
1992-12-01,83.4,80.1,83.1,83.7,83.6,86.1,84.9,85.9,82.5,1.2725,108.7,19.407,0.73,78.2,79.9,53.2,51.99,33.71
1993-01-01,84.1,80.8,84.6,84.0,83.3,87.4,89.9,86.3,82.7,1.2779,109.7,19.075,0.79,78.6,80.5,53.5,53.52,33.47
1993-02-01,84.5,81.6,84.7,83.1,83.3,89.0,92.4,87.1,82.7,1.2602,109.6,20.053,0.89,78.2,81.7,54.4,53.33,33.42
1993-03-01,84.2,80.6,85.2,82.4,82.9,85.9,96.5,86.3,82.7,1.2471,109.8,20.347,0.77,77.6,81.8,55.2,54.11,30.49
1993-04-01,84.0,80.5,85.2,82.6,82.9,86.7,93.1,86.2,82.7,1.2621,109.6,20.27,0.98,77.7,81.7,55.9,53.76,29.67
1993-05-01,84.9,81.5,85.4,82.4,82.6,87.4,102.4,86.3,83.0,1.2698,109.3,19.94,1.47,78.2,82.0,57.0,53.04,29.55
1993-06-01,84.9,81.9,85.4,82.5,83.2,87.6,99.4,87.0,83.0,1.2789,109.4,19.07,1.51,78.9,81.9,57.4,51.26,29.44
1993-07-01,84.9,82.6,85.6,82.5,83.9,89.3,93.5,87.1,83.0,1.282,109.3,17.866,0.9,78.6,80.5,57.5,54.05,29.42
1993-08-01,84.5,82.0,85.7,82.6,83.8,91.4,85.2,87.7,83.1,1.308,108.1,18.009,0.6,78.1,84.1,57.2,53.47,29.55
1993-09-01,84.1,82.2,85.4,82.7,83.2,91.9,78.6,87.3,83.0,1.3215,108.4,17.514,0.61,78.4,84.8,57.0,53.54,29.55
1993-10-01,84.2,81.8,85.4,82.5,84.0,91.9,80.5,87.1,83.2,1.3263,109.4,18.145,0.96,78.0,84.5,56.5,54.14,29.76
1993-11-01,84.5,82.0,84.2,82.7,84.1,90.6,87.3,86.8,83.2,1.3174,112.0,16.699,0.7,78.0,83.5,56.6,56.65,30.09
1993-12-01,84.9,83.1,83.6,83.0,84.4,87.8,91.1,86.7,83.3,1.3308,112.4,14.51,0.27,77.1,83.8,57.6,58.59,31.05
1994-01-01,85.2,82.5,84.3,83.3,84.4,86.9,95.4,87.2,83.5,1.3173,113.8,15.0,-0.01,76.4,86.2,58.7,59.93,31.19
1994-02-01,84.9,82.9,84.5,82.8,84.4,87.6,88.0,87.6,83.6,1.3424,115.6,14.78,-0.21,77.3,87.9,60.3,59.73,31.22
1994-03-01,84.3,82.3,84.5,80.2,84.4,86.4,86.8,87.2,83.8,1.3644,116.3,14.66,-0.23,77.5,87.9,61.1,58.36,33.21
1994-04-01,84.6,81.8,84.8,82.6,85.2,86.3,86.8,87.7,83.9,1.383,118.7,16.38,0.01,77.4,87.6,61.5,57.21,34.05
1994-05-01,84.6,82.1,84.6,82.0,84.5,88.1,89.1,86.7,83.7,1.3808,119.8,17.88,-0.03,78.1,86.0,62.5,56.62,34.19
1994-06-01,84.9,82.2,83.5,82.4,84.7,87.4,93.2,86.3,83.7,1.3836,119.4,19.07,0.25,79.2,84.7,62.6,56.25,34.19
1994-07-01,85.3,81.9,84.7,82.8,85.0,91.0,93.7,87.1,84.0,1.3826,120.1,19.65,0.96,79.9,83.4,63.1,55.55,34.62
1994-08-01,85.1,81.9,85.2,82.7,84.8,94.6,83.4,88.2,84.2,1.3783,120.3,18.38,0.87,80.6,83.8,64.1,57.06,31.97
1994-09-01,84.5,82.2,86.0,83.0,84.9,90.9,73.5,89.3,84.4,1.354,120.8,17.46,1.1,79.8,88.1,63.8,58.96,31.97
1994-10-01,84.8,82.2,85.8,82.7,85.7,87.5,75.9,90.7,84.5,1.3503,122.5,17.71,1.52,78.2,86.3,64.5,57.61,32.21
1994-11-01,84.9,80.8,86.0,83.4,85.5,85.5,82.9,91.2,84.6,1.3647,123.9,18.1,1.01,79.5,86.4,65.9,59.15,32.66
1994-12-01,85.1,80.5,86.8,84.0,86.2,82.5,86.4,91.8,84.7,1.3893,124.1,17.16,0.91,78.8,87.5,67.0,61.21,32.66
1995-01-01,86.4,80.9,87.1,84.5,86.8,86.7,92.5,94.4,84.9,1.4132,125.8,17.99,0.82,78.5,88.6,69.4,59.86,43.1
1995-02-01,86.9,81.8,87.7,84.7,88.0,86.3,92.5,95.5,85.0,1.4005,128.1,18.53,0.54,78.7,90.8,69.6,61.23,45.63
1995-03-01,86.9,82.2,87.7,84.8,88.0,84.9,91.9,94.9,85.1,1.4077,130.6,18.55,0.17,79.2,90.6,69.8,60.61,47.6
1995-04-01,87.8,82.6,87.9,85.2,89.0,86.7,101.1,94.5,85.3,1.3762,131.5,19.87,0.13,79.5,88.5,69.4,59.39,49.57
1995-05-01,87.3,81.6,88.4,85.2,87.7,87.8,94.2,94.7,85.6,1.3609,131.5,19.74,0.14,81.3,87.2,68.9,59.57,42.98
1995-06-01,87.4,81.8,88.4,85.2,88.0,87.2,97.1,94.2,85.7,1.3775,130.5,18.42,0.01,81.2,90.3,70.0,61.79,33.11
1995-07-01,87.4,82.7,88.4,85.3,87.4,90.9,91.4,94.3,85.9,1.3612,129.3,17.3,-0.29,80.6,90.9,70.7,65.26,33.43
1995-08-01,86.6,83.1,88.6,85.0,87.8,91.3,76.0,94.8,86.1,1.3552,128.1,18.03,-0.7,79.5,92.8,69.7,63.81,33.43
1995-09-01,86.4,83.4,88.8,85.5,88.9,87.7,71.8,94.9,86.2,1.3509,128.4,18.23,-0.94,79.7,94.6,67.7,64.4,33.43
1995-10-01,86.4,83.3,89.0,85.6,89.9,86.7,71.8,94.9,86.2,1.3458,128.8,17.44,-0.74,78.8,92.6,66.2,66.3,33.57
1995-11-01,86.4,82.7,88.7,85.9,90.0,86.8,73.2,94.6,86.2,1.3534,130.8,17.99,-0.77,78.5,94.3,66.7,66.7,34.18
1995-12-01,86.8,82.5,88.1,85.7,91.5,86.7,78.2,94.2,86.2,1.3693,132.5,19.04,-0.9,79.5,94.6,67.3,67.01,34.28
1996-01-01,87.2,82.7,88.4,86.3,90.3,87.5,79.9,95.5,86.4,1.3669,135.0,18.88,-0.85,79.5,96.1,66.7,67.39,34.28
1996-02-01,87.3,83.3,88.4,86.7,91.1,86.5,77.4,95.8,86.6,1.3752,135.6,19.07,-0.8,79.3,97.1,67.5,68.66,34.66
1996-03-01,87.4,83.3,87.7,86.6,91.1,88.7,79.1,95.3,86.7,1.3656,136.9,21.36,-0.66,80.6,97.2,67.7,68.65,34.9
1996-04-01,88.3,83.8,87.0,86.3,91.6,89.9,88.1,95.3,86.8,1.3592,135.9,23.57,-0.76,81.7,97.5,67.9,72.23,44.98
1996-05-01,87.9,83.8,87.0,86.2,90.8,89.6,83.4,95.6,86.8,1.3693,134.0,21.25,-0.85,84.3,98.0,69.4,73.07,46.28
1996-06-01,88.5,85.0,87.0,86.3,90.8,92.4,85.6,95.1,87.1,1.3658,132.3,20.45,-0.91,83.1,100.1,68.0,70.95,46.72
1996-07-01,88.3,84.7,87.0,86.5,90.4,91.0,84.1,95.2,87.2,1.3697,130.4,21.32,-0.83,81.0,99.1,68.0,69.96,48.45
1996-08-01,88.0,85.5,87.2,86.3,91.2,91.9,77.3,94.8,87.2,1.3722,130.8,21.96,-0.64,81.1,98.2,68.2,68.96,48.92
1996-09-01,87.7,86.9,87.3,87.1,92.7,89.9,67.8,94.9,87.3,1.3694,131.8,23.99,-0.31,81.7,96.0,67.0,66.54,48.28
1996-10-01,88.3,86.8,87.6,87.9,94.1,91.0,70.4,94.9,87.6,1.3508,132.5,24.9,-0.37,83.4,93.6,66.0,63.12,47.03
1996-11-01,88.9,86.9,87.3,88.5,94.1,89.9,77.8,95.5,87.7,1.3381,132.6,23.71,-0.34,83.3,90.8,65.9,62.83,47.08
1996-12-01,88.7,86.4,87.1,88.9,95.2,91.1,75.0,94.1,87.7,1.3622,133.3,25.39,-0.47,83.8,91.4,66.5,63.21,47.35
1997-01-01,89.1,86.8,88.0,89.1,94.4,90.6,79.4,95.0,87.7,1.3494,133.3,25.17,-0.65,84.4,90.3,67.0,65.38,47.17
1997-02-01,89.4,86.8,87.1,89.1,95.1,87.8,82.5,95.4,88.0,1.3556,132.5,22.21,-0.72,84.9,91.7,67.8,66.25,45.24
1997-03-01,89.4,86.4,87.3,89.2,95.1,87.6,83.4,95.2,88.1,1.3725,132.8,20.99,-0.3,84.5,93.1,68.2,67.52,43.47
1997-04-01,89.0,86.4,87.3,89.1,94.2,88.1,81.5,94.7,88.0,1.3942,133.3,19.72,0.15,83.1,93.5,68.3,66.46,41.42
1997-05-01,89.4,87.1,87.6,89.3,93.1,91.8,81.0,94.8,88.2,1.3804,133.2,20.83,0.71,83.2,94.3,69.4,63.67,37.86
1997-06-01,89.7,88.2,87.3,89.0,93.2,90.1,85.4,94.3,88.6,1.3843,131.4,19.17,2.34,83.6,91.6,69.0,61.31,37.19
1997-07-01,90.1,88.3,87.7,89.4,93.2,90.8,88.2,94.6,88.7,1.3775,131.3,19.63,2.26,82.9,89.6,68.8,59.99,37.66
1997-08-01,89.5,88.7,87.4,89.4,92.5,89.5,80.6,94.6,88.8,1.3905,131.2,19.93,2.26,84.6,95.3,68.6,60.04,35.97
1997-09-01,88.9,88.4,87.4,89.6,93.2,88.0,73.0,93.6,88.9,1.3872,131.4,19.79,2.2,84.9,93.4,67.0,60.3,33.93
1997-10-01,88.9,87.7,87.8,89.6,95.0,87.1,73.0,94.8,88.9,1.3869,131.2,21.26,2.06,84.2,92.6,65.8,60.62,33.86
1997-11-01,89.8,87.8,88.4,90.1,95.4,87.4,82.0,94.4,89.1,1.4128,131.0,20.17,2.14,83.2,91.3,65.1,61.57,34.6
1997-12-01,89.7,87.6,88.2,90.1,95.5,86.7,81.3,94.1,89.4,1.4271,130.4,18.32,2.11,82.9,90.9,63.5,60.57,34.69
1998-01-01,91.2,87.0,88.4,90.3,94.5,88.7,97.4,95.8,89.7,1.4409,130.7,16.71,2.3,82.3,89.6,62.8,60.06,34.15
1998-02-01,90.5,86.4,88.4,90.7,94.7,87.5,88.9,96.1,89.8,1.4334,130.3,16.06,2.45,80.8,90.5,62.6,59.95,32.9
1998-03-01,90.7,85.8,88.3,91.0,94.2,87.2,93.9,95.8,89.8,1.4166,130.4,15.02,2.27,79.9,90.3,61.9,59.08,33.9
1998-04-01,90.5,84.7,88.4,91.4,94.3,87.1,92.4,95.9,90.0,1.4298,129.6,15.44,2.61,80.0,90.9,62.5,60.2,36.19
1998-05-01,90.9,84.5,89.7,91.6,92.9,92.1,93.6,95.9,90.1,1.4452,129.3,14.86,2.33,81.2,92.4,62.6,59.46,35.62
1998-06-01,91.6,86.0,90.0,91.9,93.1,94.6,95.0,96.1,90.2,1.4655,129.3,13.66,0.42,81.1,92.0,61.4,57.42,34.74
1998-07-01,91.3,86.6,90.5,91.7,92.8,93.2,91.9,95.8,90.4,1.4869,128.8,14.08,-1.53,80.4,88.2,60.7,56.84,34.4
1998-08-01,90.8,87.4,90.3,91.7,92.7,94.3,81.4,95.9,90.5,1.5346,128.9,13.36,-1.82,80.3,86.8,60.3,54.35,34.19
1998-09-01,90.1,86.9,90.8,91.9,93.2,91.3,74.8,95.7,90.8,1.5218,126.4,14.95,-1.4,79.1,86.1,59.1,54.16,33.78
1998-10-01,90.2,85.5,91.9,91.8,94.2,91.3,78.2,95.4,90.8,1.5452,127.0,14.39,-1.29,80.8,87.1,59.3,54.82,32.58
1998-11-01,91.2,87.0,92.3,92.3,94.8,93.0,84.2,95.8,90.8,1.5404,126.0,12.85,-1.34,80.3,85.3,59.3,56.49,31.64
1998-12-01,91.2,85.9,92.4,92.1,95.4,93.1,85.5,95.5,90.9,1.5433,125.2,11.28,-1.29,79.4,83.6,58.4,54.73,30.9
1999-01-01,92.3,85.6,93.1,92.2,95.4,97.7,92.3,96.9,91.1,1.5194,125.1,12.47,-1.28,79.5,85.8,59.3,55.02,30.69
1999-02-01,91.8,85.7,94.0,92.2,95.7,92.6,89.9,97.0,91.3,1.4977,123.8,12.01,-1.2,78.9,86.8,59.3,51.59,31.81
1999-03-01,92.0,85.9,94.3,92.8,94.7,91.7,92.1,97.1,91.4,1.5176,124.5,14.66,-1.15,80.0,86.8,59.4,49.78,33.91
1999-04-01,92.2,85.1,94.7,92.7,95.3,95.4,90.7,97.0,91.7,1.4881,124.6,17.34,-1.16,83.0,86.5,59.6,49.03,32.34
1999-05-01,92.4,86.3,95.7,92.6,93.9,97.7,90.3,96.4,91.8,1.4611,122.2,17.75,-1.33,83.6,87.2,60.4,47.72,32.4
1999-06-01,92.7,86.5,95.4,92.4,93.6,96.8,94.1,97.4,91.9,1.4695,123.3,17.89,-1.26,83.0,86.7,59.7,46.62,32.16
1999-07-01,92.5,87.4,96.2,92.5,93.7,95.5,91.1,96.9,92.0,1.489,122.6,20.07,-1.18,84.8,85.4,59.8,44.5,31.57
1999-08-01,91.8,87.4,96.0,92.3,93.3,94.2,82.2,97.0,92.3,1.4932,123.0,21.26,-1.03,87.8,86.1,60.8,46.47,31.85
1999-09-01,91.2,87.7,96.1,92.3,93.7,91.0,76.7,97.4,92.3,1.4771,122.8,23.88,-1.16,89.0,81.2,60.6,47.59,31.89
1999-10-01,91.4,86.8,96.0,92.4,95.2,90.0,78.2,97.2,92.7,1.4776,123.6,22.64,-1.33,90.1,82.8,60.9,47.14,31.45
1999-11-01,92.0,87.8,95.9,92.5,95.4,91.4,81.1,96.9,93.0,1.4674,121.4,24.97,-1.33,89.3,83.8,61.3,46.34,31.14
1999-12-01,92.2,88.1,96.4,92.4,96.4,91.5,83.6,96.2,93.0,1.4722,121.6,26.08,-1.43,91.3,84.1,62.3,45.86,31.26
2000-01-01,92.1,87.7,95.7,92.3,93.7,89.7,87.4,97.1,93.1,1.4486,122.7,27.18,-1.25,91.5,85.4,62.5,47.44,32.77
2000-02-01,91.9,87.9,95.1,93.2,93.4,89.0,82.7,97.6,93.2,1.4512,123.9,29.35,-1.26,94.2,86.7,62.6,47.91,34.59
2000-03-01,92.3,88.9,94.6,93.6,93.9,87.8,84.9,97.8,93.4,1.4608,123.0,29.89,-1.37,97.9,88.3,63.2,47.33,34.39
2000-04-01,92.5,89.5,94.8,93.6,94.0,87.9,86.1,97.4,93.6,1.4689,123.1,25.74,-0.9,94.3,90.0,63.6,47.98,33.6
2000-05-01,93.2,90.2,96.0,93.9,93.8,90.2,90.5,97.2,93.6,1.4957,123.5,28.78,-0.93,95.4,89.9,63.8,47.47,34.71
2000-06-01,93.8,90.9,96.1,93.8,94.2,92.0,93.3,97.8,93.9,1.477,122.4,31.83,-1.18,99.1,88.4,62.9,46.46,36.74
2000-07-01,94.3,92.3,96.1,94.2,94.4,93.4,94.7,97.0,94.0,1.4778,124.1,29.77,-0.61,99.9,87.0,62.6,44.95,39.24
2000-08-01,94.0,92.6,96.8,94.2,94.4,93.0,89.0,97.1,94.4,1.4828,124.5,31.22,-0.08,98.2,87.6,63.1,45.16,41.03
2000-09-01,93.3,92.4,96.4,94.6,94.2,90.4,81.5,97.3,94.5,1.4864,125.9,33.88,-0.35,102.5,86.8,63.1,46.06,38.24
2000-10-01,93.1,91.9,96.3,94.3,94.7,89.7,81.4,96.8,94.6,1.5125,127.6,33.08,-0.52,103.8,87.1,63.0,46.41,37.78
2000-11-01,93.9,92.3,96.8,94.7,95.3,91.3,86.4,97.3,94.7,1.5426,127.7,34.4,-0.86,105.4,87.7,62.8,46.87,35.4
2000-12-01,95.1,92.6,97.5,94.7,96.4,94.6,97.5,96.7,94.9,1.5219,130.3,28.46,-0.79,103.7,89.1,63.5,48.58,34.92
2001-01-01,95.3,94.3,98.1,95.1,95.4,93.6,92.7,98.5,95.3,1.5032,138.7,29.58,-0.83,101.0,88.4,63.1,48.59,38.5
2001-02-01,96.1,95.4,98.9,96.5,96.1,92.9,96.3,98.7,95.5,1.5216,139.5,29.61,-0.86,100.2,91.4,64.1,48.1,36.24
2001-03-01,96.9,97.3,99.2,97.1,96.1,92.9,100.4,98.9,95.7,1.5587,139.5,27.24,-0.78,101.5,94.4,65.5,47.75,35.33
2001-04-01,97.2,98.1,98.8,96.9,96.2,97.2,97.7,99.2,95.9,1.5578,137.7,27.41,-0.55,105.2,94.0,64.8,47.16,34.82
2001-05-01,98.0,99.5,99.3,97.4,96.7,100.0,99.2,99.2,96.2,1.5411,134.1,28.64,-0.51,110.7,94.2,64.0,47.82,33.15
2001-06-01,98.2,99.9,99.5,97.7,97.1,100.0,98.5,98.9,96.7,1.5245,131.4,27.6,-0.73,109.3,94.4,62.1,48.32,33.33
2001-07-01,98.6,100.0,99.9,97.5,98.0,99.8,99.6,99.4,97.3,1.5308,129.7,26.45,0.04,102.7,94.4,62.3,52.12,33.4
2001-08-01,97.9,99.8,100.2,97.4,98.1,99.2,90.0,99.2,97.7,1.5399,128.0,27.47,0.38,102.9,96.1,61.4,51.83,33.65
2001-09-01,97.2,100.3,100.4,97.5,97.8,96.1,82.6,99.3,97.9,1.5679,127.2,25.88,-0.06,105.7,97.3,60.9,49.42,34.44
2001-10-01,97.0,99.4,99.9,97.2,98.3,95.7,82.1,99.4,98.1,1.5717,126.5,22.21,-0.22,101.0,95.7,60.5,46.79,34.67
2001-11-01,97.5,99.4,99.6,97.4,98.6,97.0,86.2,99.0,98.3,1.5922,126.5,19.67,-0.28,92.2,95.4,60.8,48.44,35.05
2001-12-01,98.6,99.3,99.8,97.4,99.0,101.4,94.7,98.8,98.6,1.5788,124.9,19.33,0.06,91.9,95.2,60.2,48.47,35.77
2002-01-01,99.7,99.7,99.8,97.8,98.4,101.4,104.8,99.9,99.1,1.5997,126.2,19.67,0.09,94.0,97.5,61.4,48.8,36.2
2002-02-01,100.3,100.3,99.9,99.1,99.2,98.8,108.4,100.6,99.2,1.5964,126.3,20.74,-0.26,94.4,99.7,62.4,48.1,35.95
2002-03-01,100.1,99.6,99.1,99.7,98.9,97.6,110.3,99.6,99.3,1.5877,126.7,24.42,-0.2,98.1,99.1,62.6,48.87,34.61
2002-04-01,100.5,100.6,99.5,100.1,99.3,99.5,108.3,100.2,99.4,1.5815,126.5,26.27,-0.36,99.9,96.8,61.4,48.53,33.47
2002-05-01,100.1,100.6,100.0,100.1,99.4,100.7,101.8,99.7,99.6,1.5502,126.6,27.02,-0.14,99.1,96.9,62.1,49.53,33.82
2002-06-01,100.5,100.5,99.7,100.2,99.8,100.3,105.6,99.9,99.9,1.5318,127.2,25.52,0.34,98.0,96.5,62.3,51.16,34.45
2002-07-01,100.5,100.1,100.4,100.2,99.3,101.4,105.3,99.7,100.2,1.5456,127.0,26.94,0.44,99.5,99.1,62.6,52.61,34.57
2002-08-01,99.9,100.4,100.4,100.2,99.7,101.8,94.0,100.0,100.5,1.5694,127.3,28.38,1.01,102.9,98.7,62.5,53.27,36.45
2002-09-01,99.0,100.0,101.0,100.5,99.5,99.8,85.1,100.1,100.6,1.5761,127.6,29.67,0.88,103.9,96.7,63.0,55.11,34.86
2002-10-01,98.5,99.1,99.8,100.4,99.5,98.9,82.9,99.5,100.6,1.578,127.3,28.85,0.84,106.8,98.8,64.0,55.11,34.61
2002-11-01,100.1,99.6,100.2,100.8,102.9,98.9,94.8,100.4,100.7,1.5715,126.9,26.27,0.84,105.1,98.6,64.3,54.71,34.55
2002-12-01,100.8,99.4,100.1,100.8,104.1,101.0,98.7,100.4,101.0,1.5592,127.8,29.42,0.91,98.4,98.8,64.5,55.79,35.54
2003-01-01,101.6,101.1,100.7,101.1,103.5,99.1,103.4,102.4,101.3,1.5414,129.4,32.94,0.82,108.3,101.3,65.5,55.69,37.19
2003-02-01,101.5,102.6,100.3,102.4,103.9,96.6,98.6,102.3,101.6,1.5121,131.2,35.87,0.63,113.0,102.8,66.0,55.25,40.49
2003-03-01,101.7,103.2,100.0,102.9,104.1,96.1,99.9,102.2,101.8,1.4761,136.6,33.55,0.53,115.3,101.1,65.0,54.87,41.9
2003-04-01,101.8,103.3,99.7,102.9,104.4,96.0,98.3,102.3,102.0,1.4582,138.0,28.25,-0.11,106.0,100.4,64.0,54.29,39.06
2003-05-01,102.1,103.3,100.5,103.0,104.0,98.9,97.7,102.9,102.2,1.384,137.4,28.14,-0.61,103.7,100.4,63.0,54.21,40.48
2003-06-01,102.4,103.1,100.5,103.5,104.0,98.9,98.8,103.8,102.3,1.3525,135.3,30.72,-0.1,105.7,94.3,59.4,53.99,41.44
2003-07-01,102.4,102.1,100.2,103.5,103.6,101.1,97.7,103.8,102.6,1.3821,134.5,30.76,0.01,106.2,87.8,57.3,52.78,42.85
2003-08-01,101.5,99.5,100.2,103.9,104.1,100.8,88.8,104.1,102.7,1.3963,135.2,31.59,0.05,110.7,86.6,57.5,53.85,42.62
2003-09-01,100.8,98.7,99.8,103.6,104.2,98.2,81.5,105.1,102.9,1.3634,135.6,28.29,0.18,110.6,89.0,59.8,55.55,43.59
2003-10-01,100.7,99.9,97.9,103.5,104.7,96.8,81.1,103.5,103.2,1.3221,136.7,30.33,0.28,105.7,89.7,60.1,59.75,44.72
2003-11-01,101.7,102.6,97.9,103.5,104.9,97.4,88.6,103.1,103.4,1.313,136.9,31.09,0.3,104.4,90.0,61.0,62.15,45.08
2003-12-01,102.6,101.9,98.4,103.7,105.8,98.3,96.7,104.0,103.6,1.3128,137.2,32.15,0.14,105.1,89.5,62.3,61.85,45.91
2004-01-01,102.8,101.5,99.8,104.0,104.6,96.6,98.0,105.0,104.1,1.2958,138.7,34.27,0.19,107.1,89.6,63.3,63.92,46.53
2004-02-01,102.6,102.5,99.3,104.6,105.3,94.5,94.7,104.5,104.3,1.3299,141.1,34.74,-0.05,109.5,90.1,66.7,66.17,43.16
2004-03-01,102.7,103.2,98.7,105.1,105.8,94.4,96.3,103.7,104.1,1.3286,142.8,36.76,-0.43,110.6,93.3,68.2,69.8,42.61
2004-04-01,102.5,102.6,98.5,104.7,106.8,95.5,91.5,103.8,104.5,1.342,142.7,36.69,-0.23,112.8,94.0,67.7,69.11,42.3
2004-05-01,103.4,104.3,99.0,105.9,106.8,100.2,91.8,104.1,104.8,1.3789,141.8,40.28,-0.46,120.5,95.8,67.7,66.53,43.38
2004-06-01,104.4,108.5,99.1,106.1,106.9,102.2,93.4,104.4,104.9,1.3578,141.6,38.02,-0.39,119.4,95.9,67.6,64.2,46.58
2004-07-01,104.4,109.1,100.1,106.1,107.3,102.1,89.3,104.6,105.2,1.3225,141.5,40.69,0.46,117.5,94.0,68.1,62.56,51.2
2004-08-01,104.1,109.9,99.8,106.2,107.1,102.3,83.8,104.4,105.5,1.3127,142.1,44.94,0.77,117.6,94.6,67.6,61.13,53.82
2004-09-01,103.7,109.3,98.9,106.3,107.3,99.8,80.1,104.5,105.6,1.2881,143.2,45.95,0.59,117.0,91.9,66.3,60.82,58.02
2004-10-01,104.2,108.2,99.1,106.0,108.3,101.1,85.2,104.5,105.9,1.2469,144.6,53.13,0.4,119.5,89.2,66.5,59.69,61.61
2004-11-01,105.2,107.5,98.4,106.4,108.6,101.3,97.6,105.0,106.3,1.1968,146.1,48.46,0.56,117.1,86.7,65.5,59.44,59.6
2004-12-01,105.7,107.6,98.0,106.6,108.7,101.5,103.3,104.6,106.6,1.2189,146.7,43.33,0.48,113.6,88.5,65.7,59.77,54.26
2005-01-01,105.4,108.2,98.6,106.9,108.2,99.7,94.5,106.6,106.8,1.2248,148.0,46.84,0.09,115.0,89.2,66.7,60.03,54.16
2005-02-01,105.2,108.6,99.0,108.1,108.4,97.0,91.2,106.3,107.0,1.2401,147.5,47.97,0.61,117.5,91.1,67.3,62.14,54.33
2005-03-01,105.6,109.2,98.9,109.7,108.7,94.8,93.5,107.0,107.2,1.216,147.1,54.31,0.83,121.0,88.8,68.4,65.28,58.82
2005-04-01,106.6,108.6,98.8,111.4,110.3,95.6,97.8,108.1,107.7,1.2359,148.1,53.04,0.14,124.9,87.8,67.8,63.29,62.4
2005-05-01,106.8,108.1,99.8,111.4,110.2,99.3,98.9,107.1,107.8,1.2555,148.7,49.83,0.19,122.5,88.2,67.7,62.73,64.36
2005-06-01,107.2,108.9,99.7,112.1,109.5,101.7,98.2,107.2,108.1,1.2402,149.9,56.26,0.2,124.1,87.7,67.4,62.36,58.84
2005-07-01,106.9,108.0,99.8,111.8,110.0,102.4,94.5,107.0,108.5,1.2229,150.1,58.7,-0.0,128.3,87.9,67.0,61.94,59.46
2005-08-01,106.8,108.3,100.4,112.3,109.6,101.1,90.7,108.0,108.5,1.2043,151.0,64.97,0.01,132.2,92.1,67.5,61.02,57.55
2005-09-01,105.8,108.0,99.5,112.0,109.7,96.5,85.3,106.9,108.8,1.1777,153.5,65.57,-0.02,142.1,89.6,66.8,61.98,57.8
2005-10-01,106.2,107.8,98.6,111.6,110.7,98.5,86.1,106.9,109.1,1.1774,155.8,62.37,-0.66,135.6,88.9,67.7,63.13,58.53
2005-11-01,106.7,107.8,98.4,111.9,110.5,98.2,92.9,107.1,109.3,1.1815,157.3,58.3,-0.7,127.4,87.2,69.5,62.02,62.23
2005-12-01,107.5,107.4,97.3,112.3,111.5,101.2,99.3,106.3,109.6,1.1615,158.9,59.43,-0.7,125.2,88.1,70.9,63.66,59.21
2006-01-01,108.4,107.1,97.4,112.7,110.0,100.4,108.5,108.5,110.0,1.1572,161.0,65.51,-0.64,132.7,87.6,72.4,64.75,57.55
2006-02-01,108.2,107.5,97.8,113.6,111.9,98.2,103.0,108.4,110.2,1.1489,158.8,61.63,-0.48,127.1,87.5,72.6,67.44,59.21
2006-03-01,108.2,107.6,96.9,114.1,112.5,96.9,97.7,109.9,110.5,1.1573,157.3,62.9,-0.62,130.0,87.7,73.9,66.2,63.37
2006-04-01,108.1,106.5,96.4,114.7,112.8,95.6,98.2,109.5,110.7,1.1441,156.8,69.69,-0.84,138.9,87.3,77.7,65.83,63.99
2006-05-01,108.7,106.8,97.1,115.8,113.1,99.2,98.2,109.8,111.0,1.11,157.0,70.94,-0.42,139.8,88.6,82.8,68.17,61.41
2006-06-01,109.2,107.5,97.9,116.0,113.7,101.5,98.7,109.6,111.5,1.1137,156.9,70.96,-0.18,138.4,89.6,79.7,65.78,58.62
2006-07-01,109.2,107.1,98.6,115.5,114.5,106.1,98.2,108.8,110.7,1.1294,156.0,74.41,0.21,142.0,89.4,83.4,66.92,58.37
2006-08-01,109.2,108.2,98.4,116.3,114.2,105.0,95.2,109.1,110.9,1.1182,154.9,73.05,0.59,141.7,92.8,81.4,66.57,60.3
2006-09-01,108.8,109.4,98.5,116.7,113.5,102.1,91.7,108.6,111.1,1.1161,154.7,63.87,0.65,128.8,92.1,80.8,66.42,60.96
2006-10-01,109.2,108.8,98.4,116.2,114.6,103.0,96.8,107.9,111.5,1.1285,154.6,58.88,0.77,123.8,90.6,84.6,69.33,60.11
2006-11-01,110.1,109.6,99.7,117.3,115.7,103.6,97.4,108.8,112.3,1.1359,155.3,59.37,1.0,123.8,91.5,84.5,72.58,62.71
2006-12-01,109.9,109.1,98.7,116.9,116.6,103.9,96.8,108.3,112.4,1.1532,156.0,62.03,0.64,127.1,91.8,87.4,72.89,66.39
2007-01-01,110.9,109.4,99.2,118.0,116.0,106.2,101.8,109.6,112.6,1.1763,159.9,54.57,0.64,125.2,93.1,86.8,73.53,68.41
2007-02-01,112.6,110.6,99.8,119.4,117.5,109.4,111.3,110.7,113.0,1.171,167.0,59.26,0.39,127.1,96.0,88.2,75.94,73.75
2007-03-01,112.2,110.9,100.0,119.6,116.7,106.0,108.9,110.9,113.1,1.1682,177.0,60.56,-0.19,135.9,97.9,91.6,75.64,78.68
2007-04-01,112.2,111.2,99.7,119.5,118.4,104.8,108.3,110.0,113.3,1.135,182.0,63.97,-0.32,139.1,98.0,94.6,75.45,77.38
2007-05-01,112.5,111.7,100.5,120.5,117.3,107.6,105.6,110.5,113.6,1.0951,181.1,63.46,-0.41,142.0,98.0,94.9,77.93,79.84
2007-06-01,112.6,112.4,100.8,120.3,117.5,108.6,102.2,110.6,114.1,1.0651,181.0,67.48,-0.83,140.1,97.6,93.7,81.53,80.62
2007-07-01,112.3,112.3,101.0,120.2,118.1,107.9,97.9,110.1,114.7,1.0502,181.5,74.18,-0.75,139.6,96.9,92.6,83.37,77.42
2007-08-01,111.8,112.0,101.2,120.2,118.2,106.8,92.1,110.2,114.8,1.0579,181.1,72.39,-0.9,136.4,103.7,89.4,84.7,77.43
2007-09-01,110.9,111.8,100.2,120.6,116.5,103.1,85.9,110.1,114.8,1.0267,180.9,79.93,-1.06,136.6,106.2,87.1,89.44,87.13
2007-10-01,110.7,110.6,100.5,119.8,118.0,102.2,86.5,109.4,114.9,0.9754,182.4,86.2,-1.13,134.5,104.2,87.4,92.78,92.91
2007-11-01,111.3,110.8,99.0,120.2,121.4,103.0,89.6,109.2,115.0,0.9672,185.8,94.62,-1.12,136.5,105.0,84.5,96.24,100.18
2007-12-01,111.7,110.0,98.9,119.7,122.1,102.9,93.5,109.5,115.4,1.0021,193.5,91.73,-1.19,138.2,104.1,85.5,99.85,106.56
2008-01-01,112.4,111.1,99.5,121.3,124.3,105.0,98.6,108.2,114.6,1.0099,203.3,92.95,-1.06,139.0,104.8,88.7,106.22,109.92
2008-02-01,112.8,111.1,100.6,122.4,125.6,100.5,96.9,111.1,115.2,0.9986,211.4,95.35,-1.27,139.4,109.2,91.1,116.07,114.34
2008-03-01,112.6,110.9,100.6,122.9,127.0,99.8,94.1,110.7,115.2,1.0029,223.5,105.56,-1.52,143.2,110.3,92.7,123.94,128.77
2008-04-01,113.5,110.8,100.7,123.6,130.1,101.0,94.5,112.1,115.5,1.0137,242.3,112.57,-1.11,150.2,112.4,92.5,127.58,174.07
2008-05-01,114.6,111.7,100.8,124.5,132.6,105.4,99.2,111.4,115.9,0.9993,257.7,125.39,-0.99,158.4,115.2,91.4,127.28,213.04
2008-06-01,115.8,112.8,100.9,124.6,132.9,107.5,104.1,111.8,116.9,1.0166,287.2,133.93,-0.8,165.3,118.8,90.5,131.17,214.57
2008-07-01,116.5,113.3,100.9,124.5,135.2,109.1,106.2,112.0,117.3,1.013,307.2,133.44,-0.78,169.1,120.5,91.0,128.05,239.64
2008-08-01,116.8,115.0,101.2,124.8,135.8,110.5,99.3,113.2,117.9,1.0535,332.5,116.61,-1.01,164.0,116.3,89.4,116.1,256.06
2008-09-01,117.1,115.6,101.8,125.7,134.6,110.3,95.3,115.3,118.5,1.0582,340.9,103.9,-1.02,161.5,113.4,87.6,108.7,245.37
2008-10-01,117.4,114.6,101.7,126.2,136.7,110.2,95.4,115.7,118.8,1.1847,343.7,76.65,-1.08,147.5,113.5,81.7,91.16,242.16
2008-11-01,119.5,117.4,103.6,126.7,137.1,114.3,110.1,115.9,119.0,1.2171,316.4,57.44,-0.98,130.7,112.2,78.6,85.32,180.65
2008-12-01,119.8,116.1,102.6,126.9,137.2,114.6,113.9,116.6,119.1,1.2337,277.7,41.02,-1.01,123.0,110.1,76.3,82.23,162.44
2009-01-01,120.6,117.1,104.8,127.6,137.3,115.6,115.4,117.6,119.6,1.2248,253.3,41.74,-1.01,123.8,108.6,76.2,88.64,164.15
2009-02-01,121.2,117.9,108.0,129.2,137.8,112.0,117.7,119.6,119.9,1.2452,216.8,39.16,-0.85,127.2,109.5,75.9,87.7,165.59
2009-03-01,121.5,119.3,108.2,129.8,137.7,111.7,114.9,120.8,120.0,1.2645,214.5,47.98,-0.95,127.1,110.8,78.2,87.29,168.55
2009-04-01,121.6,118.6,107.3,129.5,138.7,112.5,114.7,120.4,120.4,1.2242,217.3,49.79,-0.81,123.9,110.9,79.8,90.58,142.71
2009-05-01,121.9,119.0,107.9,128.9,137.9,115.5,113.9,121.5,120.5,1.1528,205.9,59.16,-0.72,129.4,110.7,78.8,96.59,132.29
2009-06-01,122.2,119.9,108.4,129.4,137.6,115.8,113.6,121.2,121.1,1.1264,188.3,69.68,-0.05,133.9,108.9,79.3,96.93,119.84
2009-07-01,122.3,119.7,109.7,128.7,138.2,116.9,113.5,120.9,121.3,1.1229,183.3,64.09,0.56,129.6,107.5,78.9,92.17,99.31
2009-08-01,121.5,119.1,110.6,128.1,137.6,113.2,106.2,122.0,121.6,1.0872,180.2,71.06,0.56,132.6,104.1,79.8,95.6,95.28
2009-09-01,120.4,118.6,109.4,128.9,136.9,109.4,97.7,120.8,121.8,1.0816,178.8,69.46,0.42,131.3,99.0,79.1,92.48,86.17
2009-10-01,120.1,117.0,109.7,128.3,138.5,110.0,95.7,120.3,122.0,1.0547,179.4,75.82,0.56,128.8,97.4,79.0,93.55,87.76
2009-11-01,121.5,118.1,109.2,129.3,137.4,112.5,107.3,121.0,122.2,1.0593,181.6,78.08,1.04,132.4,96.6,81.2,96.77,87.97
2009-12-01,121.8,116.9,109.5,129.3,139.0,111.9,112.2,120.4,122.5,1.0537,186.5,74.3,0.95,130.3,100.2,82.1,97.55,90.82
2010-01-01,122.3,116.8,109.5,129.6,138.4,112.3,110.9,123.4,122.7,1.0438,184.7,78.22,0.93,133.9,100.0,84.2,98.46,92.95
2010-02-01,122.7,117.7,108.7,131.0,139.5,110.5,110.4,124.0,123.0,1.0572,189.9,76.42,1.28,132.3,100.7,83.6,95.37,96.69
2010-03-01,123.1,117.4,108.4,130.3,138.9,112.2,113.2,125.2,123.1,1.0229,194.8,81.24,1.33,134.5,100.6,84.4,92.6,95.0
2010-04-01,122.8,117.7,108.6,129.9,137.6,109.3,116.6,123.9,123.2,1.0052,198.9,84.48,0.49,136.0,101.4,87.1,91.71,92.46
2010-05-01,122.9,118.7,108.7,130.0,137.6,111.4,115.2,123.4,123.1,1.0403,201.3,73.84,-0.12,137.4,104.0,85.6,90.39,88.18
2010-06-01,123.0,119.0,109.1,130.1,138.5,112.3,113.8,122.9,123.3,1.0376,199.1,75.35,-1.29,135.7,101.9,83.2,89.11,85.4
2010-07-01,123.7,120.0,109.5,130.0,139.0,113.9,111.0,124.5,124.7,1.0422,197.4,76.37,-2.43,139.8,102.6,84.9,93.82,92.29
2010-08-01,123.5,119.8,110.6,130.5,139.4,113.2,107.6,124.3,124.7,1.0404,198.0,76.82,-2.38,139.2,109.0,87.8,99.27,98.26
2010-09-01,122.9,120.5,109.1,130.6,138.4,111.1,100.9,125.3,124.3,1.033,202.1,75.31,-2.26,138.7,109.6,90.3,104.65,107.42
2010-10-01,122.7,120.0,107.5,129.8,139.5,111.1,99.5,124.6,124.7,1.0179,207.6,81.9,-2.16,140.5,108.4,92.7,110.38,112.35
2010-11-01,123.3,120.2,108.0,130.0,138.5,112.6,104.1,124.6,125.2,1.0129,211.9,84.14,-2.01,141.3,107.9,92.9,113.97,118.16
2010-12-01,123.9,121.4,106.4,130.2,140.2,113.8,108.8,123.3,125.4,1.0081,216.2,89.04,-1.86,144.0,110.0,96.2,120.27,120.83
2011-01-01,124.9,121.5,107.9,130.8,139.4,114.8,112.1,126.0,126.0,0.9939,234.7,89.42,-1.77,146.0,113.7,98.9,125.15,120.67
2011-02-01,125.3,121.7,107.6,132.9,141.9,112.1,115.8,124.8,126.2,0.9876,228.1,89.58,-1.59,146.3,117.3,103.0,129.26,115.48
2011-03-01,127.2,123.3,108.2,134.2,142.8,110.7,128.3,128.1,126.4,0.9766,235.7,102.94,-1.75,151.7,120.2,101.0,123.63,111.73
2011-04-01,126.9,124.2,107.6,133.1,145.6,110.9,120.3,127.8,126.6,0.958,241.2,110.04,-1.69,159.2,121.7,102.6,125.11,110.52
2011-05-01,127.7,125.1,109.0,134.2,146.3,115.0,119.2,128.1,127.1,0.968,239.7,101.33,-1.23,160.2,119.2,100.1,123.29,108.36
2011-06-01,128.3,126.0,110.6,134.1,147.1,115.7,121.4,128.2,127.4,0.9766,238.9,96.29,-1.02,157.0,120.1,101.0,123.31,146.02
2011-07-01,129.0,126.6,109.7,134.0,147.3,120.4,121.7,129.0,127.5,0.9553,241.5,97.19,-0.75,157.9,121.4,101.5,123.99,153.45
2011-08-01,128.9,126.6,111.4,134.9,147.9,119.3,114.9,129.7,128.1,0.9817,242.4,86.33,-0.81,157.9,124.0,102.5,125.49,155.85
2011-09-01,128.2,127.8,110.1,134.9,146.8,116.5,110.6,129.0,128.1,1.0025,245.9,85.61,-1.08,156.0,123.8,101.1,123.28,160.61
2011-10-01,128.0,126.2,109.0,135.0,148.4,116.5,107.4,129.3,128.6,1.0198,251.2,86.41,-1.3,156.9,124.2,97.8,117.0,160.82
2011-11-01,129.2,127.7,108.9,134.8,149.3,118.3,114.8,129.9,128.9,1.0248,254.6,97.21,-1.14,154.1,124.7,97.4,116.13,158.79
2011-12-01,129.3,127.8,108.4,134.7,148.6,120.4,118.2,127.9,129.0,1.0235,253.4,98.57,-1.18,152.7,123.5,94.7,114.0,149.11
2012-01-01,130.2,129.4,110.7,135.1,148.8,119.1,120.0,130.2,129.5,1.013,249.8,100.24,-1.07,155.5,124.6,96.5,115.96,138.56
2012-02-01,130.4,130.4,112.5,135.7,149.0,117.4,118.5,131.3,129.7,0.9967,248.6,102.25,-0.68,156.9,125.8,97.9,119.07,139.33
2012-03-01,130.0,130.4,111.2,136.3,149.9,114.7,113.3,131.7,129.8,0.9938,247.0,106.19,-0.58,159.5,126.0,97.2,122.54,136.91
2012-04-01,130.1,130.3,112.5,135.2,151.0,115.2,111.7,132.2,130.1,0.9928,246.5,103.33,-0.38,161.0,124.3,95.9,123.15,154.34
2012-05-01,130.9,132.7,112.5,136.0,149.4,121.0,113.3,131.5,130.3,1.0097,249.4,94.7,-0.32,157.7,124.2,94.7,120.58,161.1
2012-06-01,130.9,131.8,112.3,135.6,149.6,119.8,116.4,130.4,130.6,1.028,250.0,82.41,-0.28,155.7,126.1,95.6,119.92,152.75
2012-07-01,131.7,133.3,112.8,136.4,150.2,122.6,117.0,131.6,130.6,1.0142,249.7,87.93,0.34,156.0,127.6,95.7,132.12,118.64
2012-08-01,131.7,133.8,113.6,136.7,151.7,120.3,112.6,132.8,130.9,0.9924,245.1,94.16,-0.02,159.2,127.4,94.5,132.36,140.41
2012-09-01,130.3,132.6,111.6,136.3,149.9,117.4,107.1,130.9,131.0,0.9783,245.9,94.72,-0.29,160.6,126.2,96.8,131.08,140.68
2012-10-01,130.5,132.6,110.8,135.3,152.4,119.7,106.4,130.1,131.3,0.9872,247.9,89.57,-0.19,159.5,127.7,96.1,126.46,134.99
2012-11-01,131.4,133.2,111.2,136.3,151.4,123.1,110.0,130.7,131.6,0.997,248.2,86.66,-0.03,153.8,129.3,95.4,123.83,138.42
2012-12-01,131.2,133.4,109.7,135.5,151.6,123.6,113.3,128.1,131.8,0.9898,246.9,88.25,-0.03,151.9,129.7,96.6,122.75,136.62
2013-01-01,131.6,133.2,110.7,135.6,151.0,122.8,115.7,129.1,132.1,0.9921,246.3,94.69,-0.06,152.8,130.6,96.8,121.25,131.82
2013-02-01,132.9,134.5,111.8,137.5,152.5,123.2,121.6,130.0,132.6,1.0098,246.9,95.32,-0.08,160.1,132.6,97.9,120.76,136.41
2013-03-01,132.4,134.2,111.4,136.4,152.0,121.4,119.1,130.2,132.7,1.0244,248.1,93.05,-0.12,159.9,132.5,96.4,120.02,129.71
2013-04-01,132.1,134.5,111.0,136.3,153.4,120.3,117.7,130.5,131.7,1.0187,249.6,92.07,-0.35,158.0,132.6,93.5,116.43,117.32
2013-05-01,132.6,134.5,113.8,137.1,152.8,122.6,118.5,130.7,131.8,1.0196,251.1,94.8,-0.68,159.3,134.7,94.1,116.73,123.66
2013-06-01,132.5,134.7,115.1,135.8,152.2,122.4,120.6,129.7,132.1,1.0314,247.5,95.8,-1.14,162.1,136.5,94.2,117.55,114.45
2013-07-01,132.7,135.2,115.9,135.6,152.2,123.2,119.6,130.0,132.5,1.0402,239.7,104.61,-0.79,164.2,133.1,93.7,114.42,110.33
2013-08-01,133.0,135.9,116.8,136.3,153.3,122.6,116.0,131.3,132.8,1.0407,230.9,106.57,-0.45,163.0,129.5,94.0,110.29,107.23
2013-09-01,131.9,135.2,116.2,135.1,151.4,120.2,112.7,129.9,132.9,1.0342,229.8,106.29,-0.33,163.0,125.5,92.3,109.85,102.14
2013-10-01,131.7,134.8,116.4,134.7,152.0,121.3,109.2,129.8,133.2,1.0363,229.1,100.54,-0.13,157.0,124.6,91.3,110.08,98.31
2013-11-01,132.8,135.7,116.4,134.7,151.8,123.6,119.5,129.4,133.2,1.0486,228.4,93.86,-0.16,157.4,121.5,90.7,109.16,99.75
2013-12-01,132.5,135.0,116.3,134.0,151.4,123.6,119.1,128.1,133.6,1.0639,226.8,97.63,-0.34,158.9,121.7,91.0,108.57,101.25
2014-01-01,133.0,135.1,120.1,134.7,150.1,123.1,120.7,129.6,133.8,1.094,227.0,94.62,-0.5,160.2,121.5,92.6,106.52,105.67
2014-02-01,134.3,137.3,120.6,135.8,152.4,127.8,123.5,129.2,134.0,1.1054,232.2,100.82,-0.42,162.6,122.3,94.2,108.29,105.61
2014-03-01,134.4,138.7,123.1,135.7,151.0,126.3,123.9,130.0,134.0,1.1107,235.5,100.8,-0.05,167.2,128.8,96.9,113.83,102.6
2014-04-01,134.6,140.5,121.5,135.6,151.0,125.9,122.8,129.8,134.5,1.0992,240.3,102.07,-0.16,171.2,132.0,98.0,112.31,94.91
2014-05-01,135.7,145.2,124.0,135.0,150.8,128.3,125.7,130.1,134.6,1.0894,243.7,102.18,-0.17,172.7,131.9,97.2,112.05,96.03
2014-06-01,136.4,147.4,125.8,134.9,152.0,128.1,129.4,129.2,135.1,1.083,240.0,105.79,0.0,173.0,131.3,97.0,109.0,99.5
2014-07-01,136.5,147.7,126.1,135.2,151.9,128.4,126.9,129.7,135.3,1.0739,233.8,103.59,0.42,171.9,131.3,99.1,105.68,100.48
2014-08-01,135.9,148.5,125.5,135.3,152.7,124.2,119.7,130.6,135.6,1.0926,233.4,96.54,0.23,168.3,135.3,97.9,103.8,101.44
2014-09-01,135.5,150.7,124.5,136.4,149.5,123.1,115.1,130.2,135.9,1.1011,234.4,93.21,-0.09,167.4,130.7,95.7,100.27,102.79
2014-10-01,135.4,151.5,123.3,135.3,150.8,122.7,112.6,130.1,136.1,1.1212,234.2,84.4,0.12,163.6,132.5,96.4,99.54,103.53
2014-11-01,136.9,152.2,124.1,136.2,151.8,125.8,123.0,129.9,136.5,1.1325,234.1,75.79,0.37,156.5,131.9,95.3,101.22,103.35
2014-12-01,137.4,152.7,121.9,136.0,153.0,125.7,126.4,129.8,136.9,1.1532,233.9,59.29,0.35,148.7,133.4,95.8,99.69,101.78
2015-01-01,139.1,153.8,123.6,136.1,151.7,131.2,132.2,132.0,137.5,1.2122,232.7,47.22,0.23,139.5,134.3,96.2,97.15,101.36
2015-02-01,139.5,154.3,123.1,136.8,152.7,131.5,132.7,132.3,137.7,1.2499,233.5,50.58,0.06,145.1,136.1,96.3,94.29,101.7
2015-03-01,139.5,155.1,123.9,137.2,152.9,129.8,131.0,132.9,137.8,1.2618,233.2,47.82,0.15,149.8,136.4,96.1,92.43,100.88
2015-04-01,139.4,156.3,125.2,136.1,154.1,127.4,128.1,133.9,138.1,1.2337,235.1,54.45,0.31,148.1,137.6,96.0,91.47,95.16
2015-05-01,140.8,156.7,126.3,137.0,156.0,132.7,132.7,133.7,138.5,1.2176,234.5,59.27,0.95,152.4,138.0,97.3,89.67,95.41
2015-06-01,141.0,157.2,126.4,138.1,155.6,132.2,132.0,134.2,138.7,1.2365,235.2,59.82,1.9,157.5,137.6,96.6,88.9,100.19
2015-07-01,140.9,156.7,126.1,137.1,156.1,133.6,132.3,133.3,139.0,1.2863,230.0,50.9,1.79,159.2,138.3,96.4,89.92,99.81
2015-08-01,140.8,157.8,126.7,136.5,156.4,131.5,127.0,135.0,139.4,1.3147,228.9,42.87,1.95,156.1,139.4,95.3,84.68,98.44
2015-09-01,140.3,157.3,127.2,135.8,154.2,131.6,125.1,134.8,139.6,1.3266,230.5,45.48,2.24,149.3,138.8,94.4,82.89,99.61
2015-10-01,140.9,159.0,126.2,137.3,155.1,133.9,124.0,134.3,139.8,1.3072,227.2,46.22,2.15,146.6,135.0,93.4,84.24,95.47
2015-11-01,141.6,158.1,125.6,136.8,154.9,135.2,133.1,133.7,140.3,1.3279,226.7,42.44,1.94,146.5,133.1,90.1,82.91,96.56
2015-12-01,142.5,156.4,124.1,136.7,156.1,138.3,139.7,133.8,140.7,1.3713,226.2,37.19,1.93,143.4,131.7,89.4,83.03,96.25
2016-01-01,144.6,156.9,127.7,136.7,156.6,144.9,150.7,134.8,141.0,1.4208,222.9,31.68,1.94,139.0,134.3,91.3,83.11,90.32
2016-02-01,145.0,156.8,127.3,137.8,156.2,145.7,150.9,135.6,141.4,1.3797,218.3,30.32,1.81,134.6,134.9,92.5,83.82,80.3
2016-03-01,144.5,160.0,127.4,136.8,155.6,141.7,146.6,135.9,141.4,1.3226,217.3,37.55,1.32,138.1,135.6,92.2,85.85,82.0
2016-04-01,143.8,158.7,129.6,136.7,156.4,138.2,140.7,136.4,141.8,1.2818,218.7,40.75,1.33,143.4,133.7,91.2,88.46,81.36
2016-05-01,143.3,159.1,130.6,136.6,156.6,137.6,134.5,136.0,142.1,1.2945,218.5,46.71,1.24,146.9,136.4,92.8,92.47,81.09
2016-06-01,142.8,156.7,131.9,135.5,155.2,137.4,135.8,135.2,142.3,1.2894,217.5,48.76,0.36,150.6,137.1,93.9,96.83,72.54
2016-07-01,143.2,158.4,132.9,135.8,155.4,135.9,135.2,135.8,142.7,1.3052,211.6,44.65,-0.53,147.4,133.0,95.1,93.32,76.65
2016-08-01,142.3,157.5,132.8,136.7,155.3,130.9,129.4,136.1,142.9,1.2998,207.0,44.72,-0.27,147.0,127.8,93.1,91.55,72.69
2016-09-01,140.4,156.7,132.0,134.6,151.5,129.7,122.9,133.3,143.1,1.3108,204.0,45.18,-0.29,147.3,124.7,91.5,90.54,73.05
2016-10-01,139.9,156.3,129.4,133.7,151.9,127.0,120.8,133.2,143.5,1.3251,204.0,49.78,-0.54,150.2,124.6,90.7,89.35,72.97
2016-11-01,140.6,155.0,131.2,133.5,149.6,130.8,128.1,133.3,143.8,1.3434,203.5,45.66,-0.48,146.8,125.1,93.0,89.92,74.51
2016-12-01,140.6,154.8,130.3,133.6,149.7,131.1,129.3,132.3,144.0,1.3339,202.2,51.97,-0.37,149.1,128.7,94.0,90.29,75.03
2017-01-01,141.5,154.3,132.8,134.5,150.4,133.6,130.9,133.4,144.3,1.3183,202.8,52.5,-0.43,155.8,129.5,96.3,92.13,76.79
2017-02-01,141.7,154.2,132.0,133.9,150.5,132.5,132.9,133.9,144.7,1.3109,209.2,53.47,-0.42,151.1,130.9,98.2,91.74,76.75
2017-03-01,141.8,155.2,134.5,134.2,150.7,129.9,133.9,134.3,144.8,1.3387,211.4,49.33,-0.58,149.8,132.8,98.5,90.41,76.45
2017-04-01,142.2,155.4,133.5,134.7,151.6,131.8,132.9,134.1,145.3,1.3437,213.2,51.06,-0.19,157.2,132.4,98.7,89.42,73.74
2017-05-01,143.1,155.9,136.2,134.3,151.2,136.5,136.3,134.3,145.5,1.3606,209.8,48.48,0.19,151.8,135.4,99.4,91.82,68.51
2017-06-01,143.6,156.5,137.4,133.6,151.7,137.4,139.4,134.0,145.9,1.3295,210.4,45.18,-0.24,148.7,136.4,99.6,91.52,70.26
2017-07-01,144.1,158.4,137.9,133.5,152.3,139.6,137.8,134.3,146.4,1.269,206.7,46.63,-0.63,147.8,136.3,98.6,91.68,68.92
2017-08-01,143.6,159.3,137.3,134.0,153.0,135.6,132.6,134.6,146.6,1.2608,203.6,48.04,-0.73,150.4,132.9,98.3,88.5,70.75
2017-09-01,142.4,158.5,136.4,133.1,150.8,132.0,126.3,134.3,146.9,1.2279,204.1,49.82,-0.74,154.5,128.7,95.4,89.21,74.08
2017-10-01,141.7,156.5,134.3,132.8,152.9,127.6,122.9,134.2,147.6,1.2607,204.8,51.58,-0.59,151.7,128.6,96.9,88.6,78.09
2017-11-01,142.9,158.0,134.8,132.8,151.6,130.2,132.0,133.8,148.0,1.2773,209.8,56.64,-0.62,157.9,130.3,98.6,89.19,82.68
2017-12-01,143.4,157.3,134.4,133.7,152.3,132.3,136.5,132.4,148.2,1.2769,214.8,57.88,-0.74,155.8,129.2,98.7,88.2,74.1
2018-01-01,144.7,156.2,136.5,134.0,151.0,136.2,139.9,134.5,149.6,1.2429,215.6,63.7,-0.79,159.5,129.9,100.2,90.64,75.45
2018-02-01,144.7,156.7,136.2,134.1,152.0,132.4,139.9,134.7,150.5,1.2588,220.2,62.23,-0.71,159.1,130.1,101.4,92.92,77.7
2018-03-01,144.2,156.0,136.5,133.8,151.1,130.3,137.4,134.1,151.1,1.2933,224.8,62.73,-0.8,161.0,130.7,100.9,94.0,78.28
2018-04-01,144.8,158.2,137.0,133.7,151.5,130.5,137.0,134.8,151.8,1.2732,224.1,66.25,-1.32,167.1,129.6,99.8,96.09,78.59
2018-05-01,144.6,156.3,137.2,133.6,151.6,133.1,135.4,133.4,152.1,1.2866,223.5,69.98,-0.94,169.4,131.3,100.7,96.79,77.4
2018-06-01,145.6,157.6,138.1,133.3,151.2,136.3,140.1,134.0,152.4,1.3125,223.4,67.87,-0.52,167.2,132.9,103.2,93.38,78.03
2018-07-01,146.1,158.7,138.2,133.5,151.3,138.7,140.4,133.9,152.9,1.3133,220.4,70.98,-0.05,168.8,133.8,101.2,89.97,82.64
2018-08-01,145.9,159.7,138.1,134.3,151.8,135.8,136.6,133.9,153.2,1.3042,221.2,68.06,0.46,167.2,130.2,97.4,88.71,84.57
2018-09-01,144.9,159.4,136.4,134.6,149.6,131.6,133.6,133.6,153.2,1.3034,219.3,70.23,0.62,166.3,128.2,96.3,85.62,86.7
2018-10-01,144.6,157.6,135.7,133.6,152.3,128.7,133.2,133.3,153.8,1.3004,221.5,70.75,0.52,163.7,129.5,98.5,86.37,88.15
2018-11-01,146.1,158.8,137.8,134.9,152.2,131.8,141.8,133.0,154.1,1.3205,233.9,56.96,0.33,155.8,128.5,97.8,84.81,93.12
2018-12-01,147.5,158.3,139.5,135.7,153.7,135.5,151.8,133.4,153.9,1.3436,234.4,49.52,0.18,150.1,127.9,97.5,86.08,89.43
2019-01-01,148.7,159.8,140.9,135.9,153.8,136.1,154.9,135.4,154.9,1.33,236.6,51.38,0.09,148.5,130.1,97.8,86.97,86.82
2019-02-01,149.3,159.4,142.1,137.6,155.1,136.3,157.2,136.2,154.5,1.3209,235.8,54.95,0.5,150.1,129.9,98.4,87.45,84.84
2019-03-01,149.4,158.9,142.5,137.1,154.1,137.8,155.5,136.8,155.3,1.3371,233.9,58.15,0.76,159.1,132.1,99.2,86.2,84.28
2019-04-01,149.0,159.3,140.7,136.3,152.4,136.3,154.4,136.4,155.7,1.3378,231.6,63.86,0.3,168.2,135.3,101.5,85.97,84.71
2019-05-01,149.7,160.9,142.7,137.8,154.8,136.1,154.9,136.5,155.9,1.346,230.3,60.83,0.23,169.2,135.3,100.6,84.99,84.42
2019-06-01,150.7,163.8,140.4,136.2,154.4,139.7,160.6,136.3,156.4,1.3289,229.8,54.66,0.35,160.3,133.6,99.4,88.06,83.78
2019-07-01,151.6,167.4,142.3,137.7,156.0,136.3,163.0,136.2,156.9,1.3105,227.4,57.35,0.3,163.4,131.7,98.6,86.86,82.71
2019-08-01,151.1,167.3,142.1,137.9,156.8,136.2,154.9,136.3,157.4,1.3273,217.6,54.81,0.32,159.3,132.7,98.9,84.69,81.75
2019-09-01,150.2,168.2,141.9,138.0,154.2,133.8,148.1,137.1,157.4,1.3241,210.9,56.95,0.16,158.7,127.6,96.8,84.21,77.84
2019-10-01,149.9,167.3,143.3,135.5,156.0,135.0,142.7,137.3,158.0,1.3189,214.2,53.96,0.31,158.9,128.7,97.3,86.3,77.73
2019-11-01,151.1,167.1,144.6,137.1,156.4,137.9,150.9,137.0,158.1,1.3237,211.8,57.03,0.47,158.1,129.3,97.1,89.91,75.04
2019-12-01,151.9,165.9,144.0,138.4,156.9,144.9,154.8,136.0,157.9,1.3169,208.0,59.88,0.36,158.3,130.5,97.6,92.17,72.63
2020-01-01,153.5,169.9,144.2,138.8,156.9,142.5,162.4,139.1,158.2,1.3089,208.3,57.52,0.25,158.6,132.7,100.0,93.87,72.28
2020-02-01,152.9,168.3,144.3,140.5,157.9,137.1,161.8,138.0,158.3,1.3286,207.7,50.54,0.26,156.6,132.7,99.4,90.51,70.94
2020-03-01,152.8,170.4,146.0,140.3,159.6,133.4,158.9,138.7,158.1,1.396,208.1,29.21,0.13,140.6,132.7,101.5,88.03,72.73
2020-04-01,154.0,170.0,144.4,142.8,158.7,138.8,160.3,139.8,159.2,1.4048,209.5,16.55,-0.15,128.3,130.8,99.9,85.62,72.21
2020-05-01,154.3,173.5,149.0,142.8,160.2,138.3,157.9,139.1,159.3,1.3972,212.1,28.56,-0.23,137.0,134.7,101.3,85.43,67.82
2020-06-01,154.8,177.0,145.7,142.1,158.9,139.0,163.1,137.8,159.5,1.3552,211.3,38.31,-0.68,146.2,133.2,101.4,88.32,68.24
2020-07-01,155.0,175.5,144.5,141.2,156.9,141.7,165.4,138.0,160.2,1.3497,209.8,40.71,-0.94,149.7,132.7,102.2,89.2,71.96
2020-08-01,153.8,170.4,146.8,142.3,157.8,140.9,158.3,136.0,160.7,1.3229,209.8,42.34,-0.96,149.3,133.1,109.5,91.17,78.25
2020-09-01,152.6,168.8,143.5,140.8,155.1,138.1,153.2,137.0,160.9,1.323,211.8,39.63,-1.15,149.8,134.4,109.6,95.16,79.6
2020-10-01,153.3,170.2,143.6,140.5,156.6,140.3,153.1,137.4,161.5,1.3218,213.1,39.4,-1.17,149.4,137.3,110.1,98.8,79.78
2020-11-01,153.9,170.9,145.0,141.6,155.2,139.6,156.8,138.1,161.6,1.3073,217.5,40.94,-1.13,149.1,138.2,110.0,104.0,80.02
2020-12-01,153.6,170.0,144.7,141.5,156.4,140.0,157.1,136.5,161.6,1.2809,219.3,47.02,-1.14,152.0,139.5,110.9,107.34,81.49
2021-01-01,155.0,171.9,143.4,141.6,154.2,140.9,162.5,139.0,162.6,1.2725,223.0,52.0,-1.2,154.3,143.0,114.4,115.02,86.17
2021-02-01,155.6,169.5,143.9,143.1,157.1,143.4,163.8,139.5,162.9,1.2696,226.0,59.04,-0.96,160.4,148.0,117.2,116.63,105.41
2021-03-01,155.5,170.2,144.9,144.9,156.8,142.4,157.4,141.5,162.6,1.2569,235.9,62.33,-0.79,167.4,153.0,117.6,115.31,111.34
2021-04-01,155.4,173.5,145.1,146.1,156.2,141.9,151.1,140.5,163.2,1.2494,242.7,61.72,-0.95,170.2,158.7,121.4,119.84,110.22
2021-05-01,156.6,175.4,147.6,146.6,157.8,143.9,153.8,141.6,163.5,1.2125,250.0,65.17,-1.07,173.2,159.3,125.9,127.64,116.71
2021-06-01,156.8,176.7,146.2,145.3,157.7,144.5,153.4,142.2,163.9,1.222,262.3,71.38,-1.05,174.7,164.6,127.1,123.38,135.52
2021-07-01,157.6,180.9,146.6,146.4,157.9,141.7,154.8,141.9,165.2,1.253,267.083,72.49,-1.44,179.2,167.9,129.8,122.28,153.04
2021-08-01,158.0,182.1,146.8,148.3,158.5,142.5,152.2,141.7,165.9,1.2599,270.628,67.73,-1.29,180.2,164.2,128.1,122.92,159.47
2021-09-01,158.5,184.8,147.1,148.0,158.1,141.5,150.0,144.3,165.9,1.2671,276.246,71.65,-1.38,179.9,167.5,127.8,120.31,160.71
2021-10-01,159.2,187.1,149.3,146.6,159.3,141.7,149.4,144.4,167.1,1.2434,291.006,81.48,-1.46,187.5,168.0,127.8,121.93,205.53
2021-11-01,160.7,186.3,148.6,146.7,161.6,144.2,161.4,144.2,167.8,1.2567,303.163,79.15,-1.39,188.4,174.3,130.9,122.95,240.01
2021-12-01,161.6,185.3,149.1,145.9,164.1,147.4,163.3,145.4,168.2,1.28,317.252,71.71,-1.2,184.2,176.3,131.4,122.9,243.55
2022-01-01,163.9,189.3,151.7,148.0,164.9,150.7,166.4,148.0,169.2,1.2622,325.57,83.22,-1.01,190.0,186.3,132.8,128.69,234.71
2022-02-01,166.0,189.3,152.3,153.0,167.6,152.3,167.8,151.6,170.5,1.2711,331.104,91.64,-0.98,199.0,196.1,136.9,136.57,220.68
2022-03-01,167.5,188.0,153.6,157.2,172.2,154.1,165.9,154.2,171.4,1.266,344.036,108.5,-1.31,213.9,202.5,146.0,152.0,257.68
2022-04-01,169.0,191.1,154.4,157.6,173.8,153.6,163.4,156.7,174.0,1.2628,382.08,101.78,-1.61,215.1,206.1,147.2,152.88,293.73
2022-05-01,170.4,191.2,160.2,158.2,173.8,157.4,169.5,157.1,174.6,1.2859,379.307,109.55,-1.63,233.4,207.0,145.1,153.07,259.92
2022-06-01,170.6,190.8,161.1,157.8,175.5,156.6,168.5,156.9,175.5,1.2804,373.24,114.84,-1.9,242.5,212.5,141.2,145.42,252.97
2022-07-01,172.1,192.0,160.1,159.4,178.7,156.5,169.8,158.2,177.3,1.2936,359.918,101.62,-2.17,229.4,207.9,134.2,132.69,240.38
2022-08-01,173.5,193.9,159.5,159.4,182.4,158.5,168.2,161.7,178.1,1.2917,363.04,93.67,-1.75,214.5,193.6,134.0,131.47,229.63
2022-09-01,174.8,198.8,158.3,162.8,183.5,157.7,169.0,162.8,178.4,1.3339,356.137,84.26,-1.73,205.1,190.3,129.8,131.25,232.72
2022-10-01,175.2,197.4,160.5,162.6,186.3,154.2,168.3,163.6,180.0,1.3689,350.596,87.55,-1.73,217.9,191.6,130.2,132.16,217.9
2022-11-01,177.3,197.9,160.7,164.3,186.9,158.4,180.7,164.6,180.7,1.3457,356.243,84.37,-1.53,214.6,195.1,131.6,131.69,201.87
2022-12-01,177.9,196.5,161.5,163.4,188.3,161.7,185.6,163.3,181.2,1.3585,343.675,76.44,-1.28,197.7,192.9,134.5,129.54,186.64
2023-01-01,181.0,203.1,162.0,166.8,189.1,165.3,191.5,166.0,183.0,1.3422,334.825,78.12,-1.11,200.3,194.0,135.1,130.03,174.66
2023-02-01,182.1,201.0,163.6,167.7,191.6,169.0,191.1,168.2,183.7,1.3454,326.458,76.83,-0.91,197.9,194.3,136.2,131.02,163.96
2023-03-01,182.4,200.4,163.5,169.5,195.4,166.4,185.7,171.5,183.7,1.3683,320.0,73.28,-0.76,199.2,196.1,137.5,127.57,158.04
2023-04-01,183.1,203.9,164.8,168.7,196.7,167.4,179.3,172.5,185.2,1.3484,307.621,79.45,-0.37,206.0,195.3,139.9,130.95,155.97
2023-05-01,184.6,203.2,166.5,170.2,198.9,168.6,185.6,173.5,186.4,1.3517,298.741,71.58,-0.05,204.4,194.4,136.2,126.89,152.47
2023-06-01,184.8,204.0,166.0,169.8,197.7,172.4,183.0,173.0,187.0,1.3286,285.27,70.25,0.43,207.2,189.5,134.1,122.56,138.29
2023-07-01,185.5,206.7,164.3,170.8,199.3,166.6,185.2,173.8,188.1,1.3211,271.168,76.07,0.5,210.7,191.2,135.8,123.93,145.65
2023-08-01,185.3,206.6,165.1,168.8,197.9,164.6,182.5,174.9,189.0,1.3478,271.549,81.39,0.51,218.4,195.0,136.6,121.67,157.58
2023-09-01,185.2,207.5,165.1,169.1,196.7,165.9,180.9,173.7,189.3,1.3531,265.876,89.43,0.69,216.2,191.2,135.8,124.46,157.52
2023-10-01,185.0,206.2,163.8,168.1,197.6,164.1,176.5,175.3,190.2,1.3712,272.008,85.64,0.48,206.2,191.3,134.2,122.57,161.78
2023-11-01,186.2,207.7,162.0,170.0,197.9,167.1,186.7,173.1,190.7,1.3707,273.152,77.69,0.91,202.3,187.1,135.1,123.67,157.16
2023-12-01,186.8,207.4,160.4,168.9,197.9,170.7,188.6,173.5,191.4,1.3416,277.5,71.9,1.13,197.0,184.1,132.4,120.01,119.36
2024-01-01,188.1,208.8,163.1,169.3,197.0,172.3,194.6,174.5,192.4,1.3423,277.05,74.15,0.71,194.9,182.1,132.8,118.38,115.93
