index,food_cpi: Food,food_cpi: Meat,"food_cpi: Fish, seafood and other marine products",food_cpi: Dairy products and eggs,food_cpi: Bakery and cereal products (excluding baby food),"food_cpi: Fruit, fruit preparations and nuts",food_cpi: Vegetables and vegetable preparations,food_cpi: Other food products and non-alcoholic beverages,food_cpi: Food purchased from restaurants,cwur0000sa0,excaus,fedfunds,fmpi,impca,irltlt01cam156n,pcu32533253,canola_oil,energy_cpi,pdsi_total,fppi_total,milk_sold_total,work_stop_total,rmpi_total,commodity_food,commodity_fertilizer
1986-01-01,67.3,65.1,60.6,70.9,69.3,76.0,76.0,77.5,59.1,108.9,1.407,,99.8,5680.7,10.042,97.9,41775,69.4,1.9662499999999998,77.5,576001,128,47.5,46.12,30.05
1986-02-01,66.9,64.2,61.3,70.8,70.3,77.6,68.4,78.1,59.1,108.5,1.4043,,99.2,5659.5,9.9675,98.5,42026,69.4,2.25625,77.4,527618,146,47.5,44.79,29.26
1986-03-01,67.0,64.2,61.3,71.1,70.6,79.2,66.2,78.6,59.3,107.9,1.4009,,99.0,5922.9,9.4025,98.8,51905,67.1,1.5412500000000002,76.4,606383,144,47.6,45.4,29.52
1986-04-01,67.7,63.6,61.4,71.0,71.3,82.2,71.1,79.5,59.7,107.6,1.3879,,98.6,5821.1,8.847999999999999,98.7,36129,62.6,1.3237499999999998,75.3,634262,157,47.3,45.51,28.63
1986-05-01,68.2,64.0,61.9,71.4,71.2,83.5,75.3,79.8,59.9,107.9,1.3757,,99.3,5922.5,8.9325,98.5,33969,61.0,1.4568750000000001,75.9,682766,180,47.6,43.92,27.89
1986-06-01,68.4,64.9,62.0,71.1,71.1,83.1,74.1,79.9,60.0,108.4,1.3899,,99.6,5711.7,9.12,98.5,37553,60.8,1.329375,76.8,679855,191,47.9,42.61,27.41
1986-07-01,69.2,66.5,62.2,71.3,71.7,84.8,75.7,80.2,60.6,108.4,1.3808,6.56,101.0,5475.6,8.872,97.0,42512,60.6,1.569375,78.4,666721,168,48.2,40.65,26.09
1986-08-01,69.5,67.8,62.7,71.5,71.9,86.7,71.9,80.2,60.9,108.6,1.3885,6.17,101.7,5224.8,8.825,95.7,31164,60.4,1.7756250000000002,76.0,648481,168,48.5,39.9,26.45
1986-09-01,69.9,71.3,63.1,71.8,71.7,83.8,66.6,80.8,60.9,109.1,1.3873,5.89,101.5,5571.6,9.0025,95.0,49102,59.6,2.9006249999999993,76.0,599453,157,48.7,39.65,25.39
1986-10-01,70.2,71.5,63.6,71.8,71.1,82.9,70.7,81.0,61.3,109.1,1.3885,5.85,101.3,5719.0,9.166,93.6,56215,59.1,3.385,76.6,575174,147,48.4,40.7,25.32
1986-11-01,70.6,72.1,65.3,72.1,71.6,78.9,78.0,79.9,61.6,109.2,1.3863,6.04,101.5,6681.4,8.9025,93.7,53802,59.7,3.5787499999999994,77.1,535884,139,48.9,41.23,25.09
1986-12-01,70.5,72.9,65.9,72.5,72.2,76.1,75.9,78.8,61.7,109.3,1.3801,6.91,101.4,4861.9,8.666,93.3,60197,59.9,3.0062500000000005,75.7,572576,138,48.6,40.52,25.12
1987-01-01,71.2,72.8,67.1,72.5,72.6,77.4,79.6,81.0,62.1,110.0,1.3606,6.43,100.9,5429.9,8.33,93.2,57699,60.7,1.8387499999999999,73.7,584348,125,48.8,42.48,25.18
1987-02-01,71.2,71.0,67.5,72.8,72.3,79.4,82.7,81.1,62.1,110.5,1.334,6.1,101.1,5929.3,8.4575,95.4,51907,62.0,1.6112499999999996,73.6,534680,127,48.6,43.08,26.4
1987-03-01,71.2,70.5,67.6,72.4,72.8,79.6,81.3,81.9,62.3,111.0,1.3194,6.13,101.0,5986.0,8.2825,97.0,59122,63.2,1.7156250000000002,73.1,616898,130,48.5,43.24,27.01
1987-04-01,71.2,71.2,67.6,72.2,72.6,79.3,80.9,81.3,62.3,111.6,1.3192,6.37,102.0,5814.4,8.828,98.8,52915,63.6,-0.278125,74.1,641950,134,49.3,43.88,27.86
1987-05-01,71.8,72.0,67.8,72.4,73.2,82.6,84.3,79.8,62.7,111.9,1.3411,6.85,103.3,5916.0,9.5925,97.8,57228,63.7,-0.23374999999999985,76.4,686639,159,51.2,46.4,29.29
1987-06-01,72.6,73.0,67.9,72.4,72.6,88.2,90.6,79.3,62.3,112.4,1.3387,6.73,103.4,6100.8,9.3325,96.9,57655,64.4,-0.609375,77.7,678881,151,51.6,45.94,29.69
1987-07-01,72.8,73.4,68.4,72.4,73.7,87.8,88.5,79.8,62.7,112.7,1.3262,6.58,103.5,5321.9,9.574,97.3,46147,64.7,0.03562500000000007,77.6,656506,136,51.5,44.34,30.6
1987-08-01,72.1,74.6,69.0,72.9,73.6,85.9,71.5,80.3,62.9,113.3,1.3256,6.73,103.4,5069.0,10.095,98.1,30153,65.0,0.5393749999999999,78.5,648012,147,52.0,43.36,30.58
1987-09-01,71.7,73.8,69.3,73.5,73.3,83.0,70.1,80.2,63.1,113.8,1.3154,7.22,103.2,6094.7,10.722,99.2,52004,65.5,-0.24562499999999993,78.0,597695,140,52.2,45.94,30.21
1987-10-01,71.8,74.3,70.3,73.1,73.1,81.6,72.0,79.9,63.4,114.1,1.3097,7.29,103.1,6573.0,10.4375,99.4,59641,65.3,-0.7043750000000001,76.4,588717,137,52.4,46.82,31.04
1987-11-01,72.1,73.8,70.3,73.2,73.6,80.9,78.4,79.7,63.6,114.3,1.3167,6.69,103.1,6723.1,9.875,99.7,64219,65.5,-0.6075,75.8,553534,110,52.4,48.95,30.95
1987-12-01,72.1,72.3,70.4,73.1,73.7,78.6,84.6,78.3,63.7,114.2,1.3075,6.77,103.4,6126.8,10.122,101.0,61550,65.5,0.04812500000000005,75.4,590005,101,53.5,51.0,31.35
1988-01-01,72.8,72.9,71.4,73.4,74.4,78.6,85.8,81.1,64.1,114.5,1.2855,6.83,103.9,5973.5,9.715,103.0,60888,65.5,-0.05624999999999996,76.0,600578,108,53.5,53.4,32.1
1988-02-01,72.6,72.0,72.0,73.8,74.3,81.5,81.4,81.4,64.4,114.7,1.2682,6.58,104.0,6603.4,9.2,105.6,62191,64.6,-0.5025,76.1,576423,113,52.5,52.29,32.82
1988-03-01,72.5,72.3,72.6,74.1,74.6,81.6,75.3,81.3,64.5,115.1,1.2492,6.58,104.7,7296.5,9.422,106.7,59798,64.1,-0.7956249999999999,75.6,638770,129,53.0,52.43,33.92
1988-04-01,72.8,72.2,72.9,74.4,74.9,82.6,77.5,81.5,64.8,115.7,1.2353,6.87,105.0,6842.5,9.6925,106.6,55150,64.8,-1.1343750000000001,76.4,652655,128,53.1,53.13,32.84
1988-05-01,73.3,72.0,73.7,75.4,74.9,85.4,80.1,80.5,65.3,116.2,1.2373,7.09,105.5,7235.5,9.9425,105.8,44382,65.4,-1.99125,77.4,695221,135,53.9,54.41,34.72
1988-06-01,73.9,72.9,73.8,75.5,75.9,90.3,79.2,80.9,65.4,116.7,1.2176,7.51,107.3,7488.0,9.722,105.5,57650,65.2,-3.1137500000000005,78.7,695182,139,54.5,63.2,34.92
1988-07-01,74.6,73.6,74.3,75.9,75.9,91.0,81.2,81.3,65.9,117.2,1.2075,7.75,108.5,5736.2,9.9,106.1,46099,65.3,-3.49,78.4,683011,123,54.4,64.0,34.92
1988-08-01,74.8,73.8,75.2,76.3,76.3,92.2,78.2,82.4,66.2,117.7,1.2237,8.01,108.4,6308.5,10.242,106.4,29618,64.2,-3.8237500000000004,84.9,661159,124,53.4,60.5,38.4
1988-09-01,74.6,73.8,76.0,76.5,76.1,91.4,75.0,82.3,66.4,118.5,1.2267,8.19,109.5,6976.6,10.15,107.0,51671,64.3,-3.4306250000000005,85.9,621923,133,53.5,61.79,38.21
1988-10-01,74.6,73.6,77.1,76.4,76.8,88.1,75.4,82.8,66.7,118.9,1.2055,8.3,109.6,7338.5,9.8475,108.0,53380,63.9,-3.6381250000000005,85.8,602706,122,53.9,60.5,38.42
1988-11-01,74.3,72.9,77.2,76.3,76.8,84.6,76.3,82.7,67.0,119.0,1.2186,8.35,109.6,7122.0,10.02,110.0,50950,63.3,-2.9981250000000004,84.8,572231,113,54.2,59.55,38.42
1988-12-01,74.1,72.9,77.0,76.4,76.7,80.3,78.5,81.0,67.2,119.2,1.1962,8.76,109.5,6476.8,10.1175,111.5,44193,63.1,-3.0962500000000004,85.2,607941,97,54.4,59.97,36.99
1989-01-01,74.9,73.5,77.2,77.1,76.9,79.4,83.0,83.4,67.6,119.7,1.1913,9.12,110.8,7411.2,10.1271428571429,113.8,39339,63.6,-3.0106249999999997,85.2,615969,101,54.7,58.75,36.99
1989-02-01,75.6,73.6,77.2,77.2,76.8,78.7,90.8,84.0,67.8,120.2,1.1891,9.36,110.9,7190.5,10.2555,114.6,37859,64.0,-2.3618750000000004,85.7,563585,113,54.2,58.82,37.59
1989-03-01,75.6,74.0,77.0,76.9,77.3,80.9,84.2,85.0,68.1,120.8,1.1954,9.85,111.9,7697.0,10.563181818181802,115.4,41825,64.4,-2.155,85.9,641831,143,55.1,61.45,37.19
1989-04-01,75.9,74.4,77.6,77.0,77.5,82.1,85.3,84.5,68.3,121.8,1.1888,9.84,111.6,7580.9,10.326,114.3,39164,65.0,-2.5275,85.8,644553,146,54.5,61.16,36.05
1989-05-01,76.4,73.8,77.7,77.3,77.2,83.6,92.4,84.2,68.6,122.5,1.1925,9.81,112.2,7984.2,9.90045454545455,112.7,57546,67.5,-2.1193750000000002,86.2,681440,159,54.0,61.44,35.63
1989-06-01,76.9,74.5,77.7,77.4,77.4,84.5,96.6,84.2,68.7,122.8,1.1986,9.53,112.1,7639.5,9.43272727272727,109.8,50766,67.9,-1.295625,86.1,655779,153,53.8,60.04,35.15
1989-07-01,77.6,75.7,77.9,77.5,78.1,86.3,95.7,85.1,69.5,123.2,1.1891,9.24,112.5,6114.4,9.3245,106.5,47124,68.1,-1.03125,86.6,637173,144,53.3,59.2,35.15
1989-08-01,77.1,75.6,78.4,77.7,78.5,88.1,82.8,85.5,69.6,123.2,1.1758,8.99,112.3,6825.4,9.35090909090909,105.2,41319,68.1,-0.6875,84.5,625599,126,53.7,56.41,30.48
1989-09-01,76.8,76.5,77.8,78.4,78.2,85.3,74.9,86.2,69.9,123.6,1.1828,9.02,112.4,7133.9,9.5465,106.0,41515,68.0,-0.07374999999999998,82.8,587622,120,52.9,56.88,30.48
1989-10-01,77.1,76.8,76.6,79.0,79.3,84.1,77.9,85.3,70.1,124.2,1.1749,8.84,112.3,7847.2,9.4905,104.7,46756,67.8,-1.159375,83.0,579238,131,52.8,57.38,28.71
1989-11-01,77.0,75.9,76.3,79.2,79.1,81.3,82.4,84.8,70.4,124.4,1.1697,8.55,113.2,7717.5,9.48857142857143,105.0,48214,68.1,-1.5912500000000003,82.9,551577,117,51.8,56.85,30.39
1989-12-01,76.6,76.6,75.5,79.2,79.8,81.0,75.3,83.6,70.5,124.6,1.1613,8.45,113.7,6811.3,9.581052631578949,105.2,46857,67.8,-2.0325,83.1,582554,101,51.1,55.95,32.11
1990-01-01,78.5,77.8,76.3,79.5,80.3,81.4,93.1,86.0,70.9,125.9,1.172,8.23,114.4,6799.0,9.83772727272727,105.2,42589,69.4,-1.76625,81.9,600012,86,50.7,56.55,32.1
1990-02-01,79.2,76.4,76.6,80.0,80.5,83.6,102.4,86.9,71.0,126.4,1.1965,8.24,114.6,6877.7,10.283,106.4,39819,70.2,-0.8625000000000002,82.8,553549,88,51.7,56.08,32.49
1990-03-01,79.4,77.1,76.1,79.7,80.7,87.3,98.0,86.9,71.3,127.1,1.18,8.28,115.2,8275.2,10.8059090909091,106.0,43553,70.8,-0.36874999999999997,83.8,631051,122,52.8,55.87,33.1
1990-04-01,78.8,77.9,75.8,79.5,81.2,85.9,84.8,87.6,71.7,127.3,1.1641,8.26,115.4,7463.4,11.5185,107.3,34985,71.4,-0.50625,84.2,636176,122,52.6,56.39,33.73
1990-05-01,79.0,78.4,76.2,79.0,80.6,88.1,84.8,87.0,72.2,127.5,1.1747,8.18,116.9,8214.6,11.145,107.0,32578,72.2,0.31375,85.5,675359,144,53.5,56.06,33.18
1990-06-01,80.1,80.8,76.9,79.2,81.0,92.8,88.7,86.9,72.2,128.3,1.173,8.29,116.9,8299.1,10.74,106.2,33061,72.6,0.018125000000000002,86.0,666856,150,53.2,54.54,33.4
1990-07-01,80.6,81.1,76.6,79.2,80.8,96.4,88.5,87.7,72.8,128.7,1.157,8.15,117.3,7046.3,10.6542857142857,106.8,31666,72.4,0.31875000000000003,85.5,648866,122,53.3,54.44,33.45
1990-08-01,79.9,80.4,76.9,79.5,80.4,96.0,79.4,87.1,73.0,129.9,1.1448,8.13,117.2,7162.2,10.705,107.7,37622,72.6,0.4018749999999999,80.2,632869,152,53.2,53.81,34.84
1990-09-01,79.7,81.5,77.2,81.4,81.0,90.5,72.4,87.8,73.1,131.1,1.1583,8.2,116.9,7722.5,10.9794736842105,109.2,49996,73.4,-0.19187500000000002,79.0,590780,142,52.7,53.48,31.86
1990-10-01,80.1,81.9,77.0,81.7,81.5,86.7,78.6,87.8,73.6,131.9,1.16,8.11,116.9,8701.4,11.182727272727302,111.2,53979,76.7,-0.0018750000000000155,79.6,578429,158,51.8,53.41,38.73
1990-11-01,80.2,81.3,76.6,81.9,81.8,85.9,82.1,87.1,73.9,132.2,1.1635,7.81,116.4,7995.1,10.6185714285714,112.8,52036,79.3,-0.0875,78.3,551006,145,51.2,52.6,40.04
1990-12-01,79.9,81.9,77.0,82.2,82.3,85.6,77.5,84.3,74.2,132.2,1.1603,7.31,116.3,6823.6,10.2547368421053,112.8,48275,79.2,0.26937500000000003,78.2,580590,94,50.8,52.96,40.36
1991-01-01,83.2,82.1,78.3,82.2,82.6,92.7,83.2,89.4,79.5,132.8,1.156,6.91,116.7,7220.2,10.1163636363636,112.8,45585,82.6,0.05249999999999994,78.0,592652,83,51.1,53.96,40.97
1991-02-01,83.2,81.4,78.0,82.2,81.7,95.2,83.7,89.2,79.6,132.8,1.1549,6.25,116.9,6868.2,9.551,113.0,47283,77.9,-0.365,78.4,544397,112,51.2,54.92,41.1
1991-03-01,83.5,80.9,78.0,83.3,82.2,99.2,80.7,89.5,79.8,133.0,1.1572,6.12,117.2,7523.0,9.621,113.0,49517,75.4,-0.14437499999999998,78.4,615361,114,51.0,55.83,39.96
1991-04-01,83.8,80.0,77.8,82.8,82.0,98.4,89.8,89.4,80.0,133.3,1.1535,5.91,117.1,7844.5,9.52045454545454,113.0,47708,74.1,0.716875,78.3,622731,109,50.8,54.39,40.25
1991-05-01,84.0,79.4,78.8,82.6,81.0,100.3,93.7,88.7,80.3,133.8,1.1499,5.78,116.8,8055.9,9.58181818181818,112.4,50139,76.3,0.880625,78.9,657558,116,50.4,53.11,39.06
1991-06-01,85.5,80.5,79.1,82.6,81.8,102.9,110.5,88.7,80.3,134.1,1.1439,5.9,116.6,7854.6,9.9265,111.9,50521,76.5,-0.230625,78.7,640686,108,50.3,53.22,38.57
1991-07-01,84.9,80.5,79.2,82.7,81.1,105.4,100.3,88.3,80.4,134.3,1.1493,5.82,116.3,6906.3,9.97772727272727,111.7,43820,77.5,-0.41812499999999997,77.1,630845,84,49.9,52.83,38.13
1991-08-01,84.0,80.3,79.8,82.6,81.2,105.6,83.2,88.6,80.6,134.6,1.1452,5.66,116.1,7426.0,9.741428571428573,112.1,37589,77.3,-0.6612500000000001,78.0,624321,97,49.5,54.01,37.88
1991-09-01,82.9,79.9,79.9,82.2,81.1,100.8,74.0,87.7,80.7,135.2,1.137,5.45,115.9,7702.5,9.441,111.5,53985,77.8,-0.629375,76.7,592585,102,48.8,53.9,37.62
1991-10-01,82.1,79.0,79.2,82.2,81.4,93.0,72.1,87.5,80.9,135.4,1.1279,5.21,116.5,8636.3,9.006818181818181,111.1,56961,76.3,0.38125,76.0,586390,95,48.5,54.41,37.54
1991-11-01,82.3,79.3,78.0,82.9,81.5,89.9,79.8,85.9,81.1,135.8,1.1302,4.81,116.2,7943.5,8.5735,110.3,56805,76.3,0.8668750000000002,74.9,564101,85,47.6,54.32,37.75
1991-12-01,81.7,78.6,77.4,83.0,81.6,85.9,77.7,84.2,81.2,135.9,1.1467,4.43,116.0,7082.9,8.4135,110.1,59264,75.4,0.9600000000000001,74.2,597115,73,47.8,54.28,37.39
1992-01-01,82.4,78.6,78.7,83.1,81.2,87.4,81.9,86.2,81.4,136.0,1.1571,4.03,116.0,7169.6,8.14045454545455,110.0,57962,77.6,0.75625,74.0,606748,73,48.2,55.67,36.05
1992-02-01,82.5,78.2,78.7,83.1,81.0,88.1,86.9,84.8,81.5,136.4,1.1825,4.06,116.3,7653.2,8.387,110.4,62775,75.6,0.738125,75.9,565806,86,49.7,55.46,35.78
1992-03-01,82.9,77.9,79.0,82.8,81.5,90.0,92.2,84.7,81.6,137.0,1.1928,3.98,116.5,8576.9,8.745,110.7,60067,75.1,0.44312500000000005,76.1,605643,85,50.1,55.55,35.69
1992-04-01,83.2,78.1,79.1,82.7,81.6,89.9,95.2,85.2,81.6,137.3,1.1874,3.73,116.5,8408.7,8.78857142857143,110.9,64302,75.2,-0.01187500000000001,75.9,594943,90,50.5,54.07,35.7
1992-05-01,83.0,78.5,80.0,83.0,82.1,91.9,86.4,85.0,81.7,137.6,1.1991,3.82,117.3,8479.6,8.545,111.4,57522,76.3,-0.7800000000000001,76.9,608694,88,51.3,54.16,35.72
1992-06-01,83.7,79.1,80.5,83.3,82.6,96.9,87.4,85.5,81.7,138.1,1.196,3.76,117.5,8787.9,8.23863636363636,111.3,62118,77.5,-0.41375,77.3,590155,115,51.6,54.82,35.72
1992-07-01,83.5,78.2,82.2,83.0,82.9,96.5,86.5,85.9,82.0,138.4,1.1924,3.25,117.2,7240.8,7.72681818181818,110.0,71006,79.0,1.63125,76.0,569165,115,51.7,53.74,35.72
1992-08-01,83.4,78.6,82.4,83.3,82.9,98.8,80.0,85.6,82.1,138.8,1.1907,3.3,117.1,7888.1,7.2935,109.1,56868,78.1,1.93125,77.7,578862,94,51.3,53.82,35.95
1992-09-01,83.0,78.8,82.9,83.5,83.1,95.2,77.0,85.5,82.1,139.1,1.2225,3.22,117.2,8624.2,7.47428571428571,109.1,61025,77.6,1.9500000000000002,78.7,548760,86,52.0,53.34,36.05
1992-10-01,83.0,79.0,84.1,83.6,83.0,89.8,78.5,85.5,82.4,139.6,1.2453,3.1,117.0,9100.3,7.67809523809524,109.1,67774,77.5,1.630625,78.1,549947,92,51.9,51.71,35.6
1992-11-01,83.1,79.6,83.2,83.8,83.2,86.4,83.3,85.6,82.4,139.8,1.2674,3.09,116.8,8464.1,7.856,108.9,64289,78.3,2.804375,79.2,524721,98,52.0,52.14,34.26
1992-12-01,83.4,80.1,83.1,83.7,83.6,86.1,84.9,85.9,82.5,139.8,1.2725,2.92,117.2,8236.4,7.86142857142857,108.7,74185,78.2,3.1618749999999998,79.9,559971,88,53.2,51.99,33.71
1993-01-01,84.1,80.8,84.6,84.0,83.3,87.4,89.9,86.3,82.7,140.3,1.2779,3.02,117.5,7909.8,7.968999999999999,109.7,65629,78.6,3.585625,80.5,563098,89,53.5,53.52,33.47
1993-02-01,84.5,81.6,84.7,83.1,83.3,89.0,92.4,87.1,82.7,140.7,1.2602,3.03,117.6,8520.3,7.6585,109.6,65786,78.2,3.5231250000000003,81.7,514963,96,54.4,53.33,33.42
1993-03-01,84.2,80.6,85.2,82.4,82.9,85.9,96.5,86.3,82.7,141.1,1.2471,3.07,117.8,10173.5,7.44391304347826,109.8,72418,77.6,3.3981250000000003,81.8,577938,98,55.2,54.11,30.49
1993-04-01,84.0,80.5,85.2,82.6,82.9,86.7,93.1,86.2,82.7,141.6,1.2621,2.96,118.6,9560.0,7.468571428571429,109.6,65646,77.7,3.524375,81.7,578290,102,55.9,53.76,29.67
1993-05-01,84.9,81.5,85.4,82.4,82.6,87.4,102.4,86.3,83.0,141.9,1.2698,3.0,119.0,9616.3,7.566,109.3,68477,78.2,3.4781250000000004,82.0,609181,113,57.0,53.04,29.55
1993-06-01,84.9,81.9,85.4,82.5,83.2,87.6,99.4,87.0,83.0,142.0,1.2789,3.04,118.9,10094.6,7.455454545454549,109.4,62562,78.9,4.24,81.9,595662,90,57.4,51.26,29.44
1993-07-01,84.9,82.6,85.6,82.5,83.9,89.3,93.5,87.1,83.0,142.1,1.282,3.06,119.1,7845.1,7.20380952380952,109.3,68116,78.6,5.49375,80.5,583815,87,57.5,54.05,29.42
1993-08-01,84.5,82.0,85.7,82.6,83.8,91.4,85.2,87.7,83.1,142.4,1.308,3.03,119.1,8780.9,6.95428571428571,108.1,69186,78.1,5.720625,84.1,575211,83,57.2,53.47,29.55
1993-09-01,84.1,82.2,85.4,82.7,83.2,91.9,78.6,87.3,83.0,142.6,1.3215,3.09,119.0,9717.5,6.881428571428571,108.4,72283,78.4,5.734375000000002,84.8,548761,93,57.0,53.54,29.55
1993-10-01,84.2,81.8,85.4,82.5,84.0,91.9,80.5,87.1,83.2,143.3,1.3263,2.99,119.0,10249.2,6.7975,109.4,77511,78.0,5.375624999999999,84.5,543281,100,56.5,54.14,29.76
1993-11-01,84.5,82.0,84.2,82.7,84.1,90.6,87.3,86.8,83.2,143.4,1.3174,3.02,119.4,9971.5,6.84904761904762,112.0,77634,78.0,5.414375,83.5,530148,95,56.6,56.65,30.09
1993-12-01,84.9,83.1,83.6,83.0,84.4,87.8,91.1,86.7,83.3,143.3,1.3308,2.96,119.8,8777.7,6.69333333333333,112.4,81338,77.1,4.611250000000001,83.8,568689,87,57.6,58.59,31.05
1994-01-01,85.2,82.5,84.3,83.3,84.4,86.9,95.4,87.2,83.5,143.6,1.3173,3.05,120.0,8612.6,6.464,113.8,80485,76.4,4.390000000000001,86.2,578009,84,58.7,59.93,31.19
1994-02-01,84.9,82.9,84.5,82.8,84.4,87.6,88.0,87.6,83.6,144.0,1.3424,3.25,120.5,9074.6,6.7065,115.6,69486,77.3,4.15625,87.9,529989,76,60.3,59.73,31.22
1994-03-01,84.3,82.3,84.5,80.2,84.4,86.4,86.8,87.2,83.8,144.4,1.3644,3.34,121.0,10929.7,7.46565217391304,116.3,79235,77.5,3.3006249999999993,87.9,601233,80,61.1,58.36,33.21
1994-04-01,84.6,81.8,84.8,82.6,85.2,86.3,86.8,87.7,83.9,144.7,1.383,3.56,120.9,10356.8,8.08,118.7,80201,77.4,3.3568749999999996,87.6,601055,98,61.5,57.21,34.05
1994-05-01,84.6,82.1,84.6,82.0,84.5,88.1,89.1,86.7,83.7,144.9,1.3808,4.01,120.6,10662.0,8.44047619047619,119.8,76880,78.1,2.4449999999999994,86.0,631217,106,62.5,56.62,34.19
1994-06-01,84.9,82.2,83.5,82.4,84.7,87.4,93.2,86.3,83.7,145.4,1.3836,4.25,119.8,11346.0,8.99863636363636,119.4,74214,79.2,2.0925000000000002,84.7,616348,89,62.6,56.25,34.19
1994-07-01,85.3,81.9,84.7,82.8,85.0,91.0,93.7,87.1,84.0,145.8,1.3826,4.26,119.7,9058.9,9.1455,120.1,74137,79.9,2.1218750000000006,83.4,602676,85,63.1,55.55,34.62
1994-08-01,85.1,81.9,85.2,82.7,84.8,94.6,83.4,88.2,84.2,146.5,1.3783,4.47,120.1,10954.7,8.896363636363642,120.3,58476,80.6,1.8506250000000006,83.8,594459,82,64.1,57.06,31.97
1994-09-01,84.5,82.2,86.0,83.0,84.9,90.9,73.5,89.3,84.4,146.9,1.354,4.73,119.9,11510.7,8.90285714285714,120.8,85045,79.8,1.3962500000000002,88.1,566500,86,63.8,58.96,31.97
1994-10-01,84.8,82.2,85.8,82.7,85.7,87.5,75.9,90.7,84.5,147.0,1.3503,4.76,119.6,12049.7,9.062,122.5,96839,78.2,1.6718749999999998,86.3,573691,86,64.5,57.61,32.21
1994-11-01,84.9,80.8,86.0,83.4,85.5,85.5,82.9,91.2,84.6,147.3,1.3647,5.29,119.6,12411.9,9.151428571428571,123.9,99868,79.5,2.09,86.4,552096,87,65.9,59.15,32.66
1994-12-01,85.1,80.5,86.8,84.0,86.2,82.5,86.4,91.8,84.7,147.2,1.3893,5.45,119.4,11438.3,9.065,124.1,99558,78.8,1.9299999999999997,87.5,589040,70,67.0,61.21,32.66
1995-01-01,86.4,80.9,87.1,84.5,86.8,86.7,92.5,94.4,84.9,147.8,1.4132,5.53,120.2,11506.1,9.34952380952381,125.8,104304,78.5,2.2731250000000003,88.6,602711,70,69.4,59.86,43.1
1995-02-01,86.9,81.8,87.7,84.7,88.0,86.3,92.5,95.5,85.0,148.3,1.4005,5.92,120.8,11413.1,8.9015,128.1,93141,78.7,1.7706250000000006,90.8,549547,71,69.6,61.23,45.63
1995-03-01,86.9,82.2,87.7,84.8,88.0,84.9,91.9,94.9,85.1,148.7,1.4077,5.98,121.1,12610.4,8.64217391304348,130.6,96685,79.2,2.02,90.6,614437,74,69.8,60.61,47.6
1995-04-01,87.8,82.6,87.9,85.2,89.0,86.7,101.1,94.5,85.3,149.3,1.3762,6.05,120.5,12012.2,8.41684210526316,131.5,91509,79.5,2.4456249999999997,88.5,601763,63,69.4,59.39,49.57
1995-05-01,87.3,81.6,88.4,85.2,87.7,87.8,94.2,94.7,85.6,149.6,1.3609,6.01,120.3,12502.4,8.060454545454549,131.5,80435,81.3,3.6474999999999995,87.2,632163,81,68.9,59.57,42.98
1995-06-01,87.4,81.8,88.4,85.2,88.0,87.2,97.1,94.2,85.7,149.9,1.3775,6.0,120.4,12391.6,7.85818181818182,130.5,86105,81.2,2.4293750000000003,90.3,616598,88,70.0,61.79,33.11
1995-07-01,87.4,82.7,88.4,85.3,87.4,90.9,91.4,94.3,85.9,149.9,1.3612,5.85,121.4,9703.1,8.076,129.3,70570,80.6,2.634375,90.9,610083,87,70.7,65.26,33.43
1995-08-01,86.6,83.1,88.6,85.0,87.8,91.3,76.0,94.8,86.1,150.2,1.3552,5.74,122.0,12213.1,8.26409090909091,128.1,71622,79.5,2.506875,92.8,610905,74,69.7,63.81,33.43
1995-09-01,86.4,83.4,88.8,85.5,88.9,87.7,71.8,94.9,86.2,150.6,1.3509,5.8,122.4,12456.6,7.9285,128.4,92469,79.7,1.93875,94.6,587327,69,67.7,64.4,33.43
1995-10-01,86.4,83.3,89.0,85.6,89.9,86.7,71.8,94.9,86.2,151.0,1.3458,5.76,123.2,13167.9,7.7209523809523795,128.8,92266,78.8,1.38375,92.6,589875,67,66.2,66.3,33.57
1995-11-01,86.4,82.7,88.7,85.9,90.0,86.8,73.2,94.6,86.2,150.9,1.3534,5.8,123.8,12678.7,7.47380952380952,130.8,94572,78.5,1.095625,94.3,572565,57,66.7,66.7,34.18
1995-12-01,86.8,82.5,88.1,85.7,91.5,86.7,78.2,94.2,86.2,150.9,1.3693,5.6,124.2,11714.7,7.249473684210531,132.5,99507,79.5,0.7987499999999998,94.6,609115,48,67.3,67.01,34.28
1996-01-01,87.2,82.7,88.4,86.3,90.3,87.5,79.9,95.5,86.4,151.7,1.3669,5.56,124.2,12211.4,7.09181818181818,135.0,107209,79.5,0.9162499999999998,96.1,616564,50,66.7,67.39,34.28
1996-02-01,87.3,83.3,88.4,86.7,91.1,86.5,77.4,95.8,86.6,152.2,1.3752,5.22,124.4,12395.8,7.24047619047619,135.6,98262,79.3,0.5656250000000002,97.1,580948,67,67.5,68.66,34.66
1996-03-01,87.4,83.3,87.7,86.6,91.1,88.7,79.1,95.3,86.7,152.9,1.3656,5.31,124.3,12761.1,7.621904761904759,136.9,102147,80.6,0.44062499999999993,97.2,629265,59,67.7,68.65,34.9
1996-04-01,88.3,83.8,87.0,86.3,91.6,89.9,88.1,95.3,86.8,153.6,1.3592,5.22,124.6,13047.4,7.69952380952381,135.9,103539,81.7,0.6468750000000001,97.5,616199,64,67.9,72.23,44.98
1996-05-01,87.9,83.8,87.0,86.2,90.8,89.6,83.4,95.6,86.8,154.0,1.3693,5.24,126.3,13749.4,7.76818181818182,134.0,89370,84.3,1.385625,98.0,633432,79,69.4,73.07,46.28
1996-06-01,88.5,85.0,87.0,86.3,90.8,92.4,85.6,95.1,87.1,154.1,1.3658,5.27,127.6,13479.2,7.8095,132.3,93870,83.1,1.17875,100.1,612844,93,68.0,70.95,46.72
1996-07-01,88.3,84.7,87.0,86.5,90.4,91.0,84.1,95.2,87.2,154.3,1.3697,5.4,128.3,11595.4,7.71181818181818,130.4,111283,81.0,1.708125,99.1,597435,97,68.0,69.96,48.45
1996-08-01,88.0,85.5,87.2,86.3,91.2,91.9,77.3,94.8,87.2,154.5,1.3722,5.22,129.7,13163.0,7.30571428571429,130.8,100494,81.1,2.006875,98.2,589315,91,68.2,68.96,48.92
1996-09-01,87.7,86.9,87.3,87.1,92.7,89.9,67.8,94.9,87.3,155.1,1.3694,5.3,129.7,13488.1,7.3385,131.8,113472,81.7,2.43125,96.0,567137,67,67.0,66.54,48.28
1996-10-01,88.3,86.8,87.6,87.9,94.1,91.0,70.4,94.9,87.6,155.5,1.3508,5.24,129.8,13500.7,6.64454545454545,132.5,101769,83.4,2.3568749999999996,93.6,572225,81,66.0,63.12,47.03
1996-11-01,88.9,86.9,87.3,88.5,94.1,89.9,77.8,95.5,87.7,155.9,1.3381,5.31,128.5,13772.6,6.135,132.6,88270,83.3,2.9225,90.8,557837,81,65.9,62.83,47.08
1996-12-01,88.7,86.4,87.1,88.9,95.2,91.1,75.0,94.1,87.7,155.9,1.3622,5.29,128.2,12728.5,6.392,133.3,88127,83.8,3.106875,91.4,599002,76,66.5,63.21,47.35
1997-01-01,89.1,86.8,88.0,89.1,94.4,90.6,79.4,95.0,87.7,156.3,1.3494,5.25,127.4,13686.1,6.63272727272727,133.3,80327,84.4,3.285,90.3,615241,72,67.0,65.38,47.17
1997-02-01,89.4,86.8,87.1,89.1,95.1,87.8,82.5,95.4,88.0,156.8,1.3556,5.19,127.1,13477.6,6.3035,132.5,86856,84.9,3.326250000000001,91.7,565141,71,67.8,66.25,45.24
1997-03-01,89.4,86.4,87.3,89.2,95.1,87.6,83.4,95.2,88.1,157.0,1.3725,5.39,128.1,14067.4,6.5395,132.8,98485,84.5,2.7637499999999995,93.1,634179,80,68.2,67.52,43.47
1997-04-01,89.0,86.4,87.3,89.1,94.2,88.1,81.5,94.7,88.0,157.2,1.3942,5.51,128.3,14146.6,6.78454545454545,133.3,85543,83.1,3.0037499999999997,93.5,627491,61,68.3,66.46,41.42
1997-05-01,89.4,87.1,87.6,89.3,93.1,91.8,81.0,94.8,88.2,157.2,1.3804,5.5,128.9,14333.4,6.573333333333331,133.2,100543,83.2,2.853124999999999,94.3,657065,60,69.4,63.67,37.86
1997-06-01,89.7,88.2,87.3,89.0,93.2,90.1,85.4,94.3,88.6,157.4,1.3843,5.56,128.3,13814.8,6.2714285714285705,131.4,101898,83.6,2.610625,91.6,644642,74,69.0,61.31,37.19
1997-07-01,90.1,88.3,87.7,89.4,93.2,90.8,88.2,94.6,88.7,157.5,1.3775,5.52,128.0,12374.8,5.96318181818182,131.3,91044,82.9,2.5225000000000004,89.6,639848,69,68.8,59.99,37.66
1997-08-01,89.5,88.7,87.4,89.4,92.5,89.5,80.6,94.6,88.8,157.8,1.3905,5.54,128.6,13556.4,5.9945,131.2,85780,84.6,2.5781249999999996,95.3,627418,67,68.6,60.04,35.97
1997-09-01,88.9,88.4,87.4,89.6,93.2,88.0,73.0,93.6,88.9,158.3,1.3872,5.54,127.9,14473.6,5.87619047619048,131.4,125473,84.9,2.3575,93.4,597861,59,67.0,60.3,33.93
1997-10-01,88.9,87.7,87.8,89.6,95.0,87.1,73.0,94.8,88.9,158.5,1.3869,5.5,127.5,14964.0,5.60909090909091,131.2,108864,84.2,2.4225000000000003,92.6,606438,68,65.8,60.62,33.86
1997-11-01,89.8,87.8,88.4,90.1,95.4,87.4,82.0,94.4,89.1,158.5,1.4128,5.52,127.5,14184.3,5.503157894736839,131.0,106380,83.2,2.1231250000000004,91.3,584391,61,65.1,61.57,34.6
1997-12-01,89.7,87.6,88.2,90.1,95.5,86.7,81.3,94.1,89.4,158.2,1.4271,5.5,127.1,14155.1,5.66571428571429,130.4,122921,82.9,1.9306249999999998,90.9,621661,54,63.5,60.57,34.69
1998-01-01,91.2,87.0,88.4,90.3,94.5,88.7,97.4,95.8,89.7,158.4,1.4409,5.56,125.8,13228.5,5.360476190476191,130.7,122024,82.3,2.2425,89.6,633854,55,62.8,60.06,34.15
1998-02-01,90.5,86.4,88.4,90.7,94.7,87.5,88.9,96.1,89.8,158.5,1.4334,5.51,126.0,13966.8,5.434,130.3,118877,80.8,2.605,90.5,580551,64,62.6,59.95,32.9
1998-03-01,90.7,85.8,88.3,91.0,94.2,87.2,93.9,95.8,89.8,158.7,1.4166,5.49,125.5,15392.1,5.4272727272727295,130.4,126856,79.9,3.0425,90.3,645414,62,61.9,59.08,33.9
1998-04-01,90.5,84.7,88.4,91.4,94.3,87.1,92.4,95.9,90.0,159.1,1.4298,5.45,125.5,14981.0,5.31238095238095,129.6,125822,80.0,2.4118750000000007,90.9,632743,67,62.5,60.2,36.19
1998-05-01,90.9,84.5,89.7,91.6,92.9,92.1,93.6,95.9,90.1,159.5,1.4452,5.49,125.9,14769.2,5.3870000000000005,129.3,108103,81.2,1.83375,92.4,666189,79,62.6,59.46,35.62
1998-06-01,91.6,86.0,90.0,91.9,93.1,94.6,95.0,96.1,90.2,159.7,1.4655,5.56,126.4,14370.5,5.31863636363636,129.3,107995,81.1,2.2750000000000004,92.0,641799,93,61.4,57.42,34.74
1998-07-01,91.3,86.6,90.5,91.7,92.8,93.2,91.9,95.8,90.4,159.8,1.4869,5.54,126.6,12266.0,5.347727272727269,128.8,104471,80.4,2.30375,88.2,642014,90,60.7,56.84,34.4
1998-08-01,90.8,87.4,90.3,91.7,92.7,94.3,81.4,95.9,90.5,160.0,1.5346,5.55,127.4,13753.0,5.565,128.9,93165,80.3,2.41875,86.8,629785,85,60.3,54.35,34.19
1998-09-01,90.1,86.9,90.8,91.9,93.2,91.3,74.8,95.7,90.8,160.2,1.5218,5.51,127.1,15158.0,5.24666666666667,126.4,123736,79.1,1.521875,86.1,605194,114,59.1,54.16,33.78
1998-10-01,90.2,85.5,91.9,91.8,94.2,91.3,78.2,95.4,90.8,160.6,1.5452,5.07,126.6,15714.1,4.90809523809524,127.0,134961,80.8,2.2668749999999998,87.1,614927,95,59.3,54.82,32.58
1998-11-01,91.2,87.0,92.3,92.3,94.8,93.0,84.2,95.8,90.8,160.7,1.5404,4.83,126.6,15190.1,5.169,126.0,119847,80.3,2.375625,85.3,595300,85,59.3,56.49,31.64
1998-12-01,91.2,85.9,92.4,92.1,95.4,93.1,85.5,95.5,90.9,160.7,1.5433,4.68,126.1,14466.7,4.872380952380951,125.2,134704,79.4,1.7693750000000001,83.6,633279,81,58.4,54.73,30.9
1999-01-01,92.3,85.6,93.1,92.2,95.4,97.7,92.3,96.9,91.1,161.0,1.5194,4.63,126.6,14550.1,4.9465,125.1,119127,79.5,2.2412500000000004,85.8,642467,69,59.3,55.02,30.69
1999-02-01,91.8,85.7,94.0,92.2,95.7,92.6,89.9,97.0,91.3,161.1,1.4977,4.76,125.8,15294.6,5.124,123.8,100152,78.9,2.0768750000000002,86.8,589669,75,59.3,51.59,31.81
1999-03-01,92.0,85.9,94.3,92.8,94.7,91.7,92.1,97.1,91.4,161.4,1.5176,4.81,125.6,17100.1,5.2204347826087005,124.5,113835,80.0,1.839375,86.8,660129,98,59.4,49.78,33.91
1999-04-01,92.2,85.1,94.7,92.7,95.3,95.4,90.7,97.0,91.7,162.7,1.4881,4.74,124.3,16120.5,5.02952380952381,124.6,90633,83.0,2.4475000000000002,86.5,648312,99,59.6,49.03,32.34
1999-05-01,92.4,86.3,95.7,92.6,93.9,97.7,90.3,96.4,91.8,162.8,1.4611,4.74,125.3,16344.3,5.3595,122.2,93939,83.6,2.449375,87.2,676006,100,60.4,47.72,32.4
1999-06-01,92.7,86.5,95.4,92.4,93.6,96.8,94.1,97.4,91.9,162.8,1.4695,4.76,126.0,17132.0,5.58090909090909,123.3,81709,83.0,2.711875,86.7,643658,108,59.7,46.62,32.16
1999-07-01,92.5,87.4,96.2,92.5,93.7,95.5,91.1,96.9,92.0,163.3,1.489,4.99,125.9,14632.1,5.49095238095238,122.6,77278,84.8,1.7712500000000002,85.4,640703,99,59.8,44.5,31.57
1999-08-01,91.8,87.4,96.0,92.3,93.3,94.2,82.2,97.0,92.3,163.8,1.4932,5.07,126.8,17236.9,5.75571428571429,123.0,70222,87.8,1.0481249999999998,86.1,633856,94,60.8,46.47,31.85
1999-09-01,91.2,87.7,96.1,92.3,93.7,91.0,76.7,97.4,92.3,164.7,1.4771,5.22,127.5,17324.8,5.721428571428571,122.8,119667,89.0,0.5518749999999999,81.2,604090,102,60.6,47.59,31.89
1999-10-01,91.4,86.8,96.0,92.4,95.2,90.0,78.2,97.2,92.7,165.0,1.4776,5.2,127.5,17787.3,6.0895,123.6,110590,90.1,-0.9493749999999999,82.8,614615,95,60.9,47.14,31.45
1999-11-01,92.0,87.8,95.9,92.5,95.4,91.4,81.1,96.9,93.0,165.1,1.4674,5.42,127.1,18176.3,6.0347619047619006,121.4,102070,89.3,-1.8993750000000003,83.8,599691,92,61.3,46.34,31.14
1999-12-01,92.2,88.1,96.4,92.4,96.4,91.5,83.6,96.2,93.0,165.1,1.4722,5.3,126.7,17012.1,6.14,121.6,122271,91.3,-2.3087500000000003,84.1,636305,94,62.3,45.86,31.26
2000-01-01,92.1,87.7,95.7,92.3,93.7,89.7,87.4,97.1,93.1,165.6,1.4486,5.45,126.7,17578.5,6.4915,122.7,112791,91.5,-2.4974999999999996,85.4,645517,85,62.5,47.44,32.77
2000-02-01,91.9,87.9,95.1,93.2,93.4,89.0,82.7,97.6,93.2,166.5,1.4512,5.73,127.2,18092.0,6.338571428571429,123.9,97409,94.2,-2.446875,86.7,607427,84,62.6,47.91,34.59
2000-03-01,92.3,88.9,94.6,93.6,93.9,87.8,84.9,97.8,93.4,167.9,1.4608,5.85,127.4,20761.5,6.02826086956522,123.0,125547,97.9,-2.6724999999999994,88.3,654776,89,63.2,47.33,34.39
2000-04-01,92.5,89.5,94.8,93.6,94.0,87.9,86.1,97.4,93.6,168.0,1.4689,6.02,128.1,18637.9,5.924210526315791,123.1,85154,94.3,-2.763125,90.0,634304,93,63.6,47.98,33.6
2000-05-01,93.2,90.2,96.0,93.9,93.8,90.2,90.5,97.2,93.6,168.2,1.4957,6.27,129.3,19836.1,6.215,123.5,110505,95.4,-1.8031250000000003,89.9,655108,93,63.8,47.47,34.71
2000-06-01,93.8,90.9,96.1,93.8,94.2,92.0,93.3,97.8,93.9,169.2,1.477,6.53,129.4,20391.2,5.89545454545455,122.4,100748,99.1,-0.6887500000000002,88.4,628098,97,62.9,46.46,36.74
2000-07-01,94.3,92.3,96.1,94.2,94.4,93.4,94.7,97.0,94.0,169.4,1.4778,6.54,129.4,16888.5,5.8635,124.1,85965,99.9,-0.6206249999999998,87.0,624835,80,62.6,44.95,39.24
2000-08-01,94.0,92.6,96.8,94.2,94.4,93.0,89.0,97.1,94.4,169.3,1.4828,6.5,128.7,19814.8,5.76636363636364,124.5,100625,98.2,-1.263125,87.6,619370,79,63.1,45.16,41.03
2000-09-01,93.3,92.4,96.4,94.6,94.2,90.4,81.5,97.3,94.5,170.4,1.4864,6.52,128.5,19378.5,5.7295,125.9,118014,102.5,-1.5118749999999999,86.8,599226,76,63.1,46.06,38.24
2000-10-01,93.1,91.9,96.3,94.3,94.7,89.7,81.4,96.8,94.6,170.6,1.5125,6.51,128.7,20500.4,5.72333333333333,127.6,123385,103.8,-0.365,87.1,614492,86,63.0,46.41,37.78
2000-11-01,93.9,92.3,96.8,94.7,95.3,91.3,86.4,97.3,94.7,170.9,1.5426,6.51,128.8,19969.2,5.727142857142861,127.7,122523,105.4,0.28375,87.7,592401,76,62.8,46.87,35.4
2000-12-01,95.1,92.6,97.5,94.7,96.4,94.6,97.5,96.7,94.9,170.7,1.5219,6.4,129.6,18989.7,5.40210526315789,130.3,117751,103.7,0.20687499999999998,89.1,623059,77,63.5,48.58,34.92
2001-01-01,95.3,94.3,98.1,95.1,95.4,93.6,92.7,98.5,95.3,171.7,1.5032,5.98,130.3,20441.9,5.418636363636364,138.7,122658,101.0,0.27125,88.4,639603,67,63.1,48.59,38.5
2001-02-01,96.1,95.4,98.9,96.5,96.1,92.9,96.3,98.7,95.5,172.4,1.5216,5.49,130.8,18263.4,5.43,139.5,101986,100.2,0.760625,91.4,584385,67,64.1,48.1,36.24
2001-03-01,96.9,97.3,99.2,97.1,96.1,92.9,100.4,98.9,95.7,172.6,1.5587,5.31,131.8,19975.8,5.301363636363637,139.5,117823,101.5,0.16875,94.4,652556,79,65.5,47.75,35.33
2001-04-01,97.2,98.1,98.8,96.9,96.2,97.2,97.7,99.2,95.9,173.5,1.5578,4.8,132.5,18732.9,5.5915,137.7,91801,105.2,-0.23124999999999996,94.0,639621,121,64.8,47.16,34.82
2001-05-01,98.0,99.5,99.3,97.4,96.7,100.0,99.2,99.2,96.2,174.4,1.5411,4.21,133.4,19602.9,5.8513636363636365,134.1,69662,110.7,0.118125,94.2,670631,103,64.0,47.82,33.15
2001-06-01,98.2,99.9,99.5,97.7,97.1,100.0,98.5,98.9,96.7,174.6,1.5245,3.97,133.7,18914.8,5.718095238095237,131.4,91289,109.3,-0.411875,94.4,631033,107,62.1,48.32,33.33
2001-07-01,98.6,100.0,99.9,97.5,98.0,99.8,99.6,99.4,97.3,173.8,1.5308,3.77,134.0,15792.5,5.800476190476191,129.7,88214,102.7,-0.324375,94.4,635280,92,62.3,52.12,33.4
2001-08-01,97.9,99.8,100.2,97.4,98.1,99.2,90.0,99.2,97.7,173.8,1.5399,3.65,134.6,18001.0,5.530909090909091,128.0,84177,102.9,-0.659375,96.1,629684,75,61.4,51.83,33.65
2001-09-01,97.2,100.3,100.4,97.5,97.8,96.1,82.6,99.3,97.9,174.8,1.5679,3.07,134.5,16698.1,5.302631578947368,127.2,92134,105.7,-0.5362499999999999,97.3,608464,62,60.9,49.42,34.44
2001-10-01,97.0,99.4,99.9,97.2,98.3,95.7,82.1,99.4,98.1,174.0,1.5717,2.49,134.1,17542.4,5.232727272727273,126.5,89390,101.0,-0.20374999999999993,95.7,622854,66,60.5,46.79,34.67
2001-11-01,97.5,99.4,99.6,97.4,98.6,97.0,86.2,99.0,98.3,173.7,1.5922,2.09,132.4,17170.2,5.177142857142857,126.5,98719,92.2,-0.153125,95.4,607744,60,60.8,48.44,35.05
2001-12-01,98.6,99.3,99.8,97.4,99.0,101.4,94.7,98.8,98.6,172.9,1.5788,1.82,131.7,15132.0,5.40842105263158,124.9,91513,91.9,-0.15312499999999996,95.2,634543,60,60.2,48.47,35.77
2002-01-01,99.7,99.7,99.8,97.8,98.4,101.4,104.8,99.9,99.1,173.2,1.5997,1.73,131.5,16335.1,5.343636363636363,126.2,90117,94.0,-0.27562499999999995,97.5,653393,63,61.4,48.8,36.2
2002-02-01,100.3,100.3,99.9,99.1,99.2,98.8,108.4,100.6,99.2,173.7,1.5964,1.74,132.0,16179.5,5.321000000000001,126.3,77157,94.4,-0.5787499999999999,99.7,591857,56,62.4,48.1,35.95
2002-03-01,100.1,99.6,99.1,99.7,98.9,97.6,110.3,99.6,99.3,174.7,1.5877,1.73,132.0,17481.1,5.667000000000001,126.7,77170,98.1,-0.55,99.1,653353,56,62.6,48.87,34.61
2002-04-01,100.5,100.6,99.5,100.1,99.3,99.5,108.3,100.2,99.4,175.8,1.5815,1.75,131.5,18185.8,5.658636363636362,126.5,69616,99.9,-0.573125,96.8,633641,56,61.4,48.53,33.47
2002-05-01,100.1,100.6,100.0,100.1,99.4,100.7,101.8,99.7,99.6,175.8,1.5502,1.75,130.9,18793.5,5.595909090909092,126.6,67919,99.1,-0.39749999999999996,96.9,637730,79,62.1,49.53,33.82
2002-06-01,100.5,100.5,99.7,100.2,99.8,100.3,105.6,99.9,99.9,175.9,1.5318,1.75,131.3,17436.2,5.424,127.2,68997,98.0,-1.8143750000000005,96.5,609016,65,62.3,51.16,34.45
2002-07-01,100.5,100.1,100.4,100.2,99.3,101.4,105.3,99.7,100.2,176.1,1.5456,1.73,131.5,15910.8,5.290454545454545,127.0,64107,99.5,-1.9593750000000003,99.1,605734,77,62.6,52.61,34.57
2002-08-01,99.9,100.4,100.4,100.2,99.7,101.8,94.0,100.0,100.5,176.6,1.5694,1.74,131.3,17943.3,5.12047619047619,127.3,80752,102.9,-1.60625,98.7,597771,63,62.5,53.27,36.45
2002-09-01,99.0,100.0,101.0,100.5,99.5,99.8,85.1,100.1,100.6,177.0,1.5761,1.75,136.1,17861.5,4.8855,127.6,91584,103.9,-1.7368750000000002,96.7,576692,66,63.0,55.11,34.86
2002-10-01,98.5,99.1,99.8,100.4,99.5,98.9,82.9,99.5,100.6,177.3,1.578,1.75,131.6,19044.1,5.127272727272726,127.3,80318,106.8,-0.43374999999999986,98.8,598193,80,64.0,55.11,34.61
2002-11-01,100.1,99.6,100.2,100.8,102.9,98.9,94.8,100.4,100.7,177.4,1.5715,1.34,131.6,17684.9,5.089499999999999,126.9,68470,105.1,-0.7437500000000001,98.6,589200,72,64.3,54.71,34.55
2002-12-01,100.8,99.4,100.1,100.8,104.1,101.0,98.7,100.4,101.0,177.0,1.5592,1.24,132.6,16231.9,4.967499999999999,127.8,60568,98.4,-0.5593750000000001,98.8,629169,57,64.5,55.79,35.54
2003-01-01,101.6,101.1,100.7,101.1,103.5,99.1,103.4,102.4,101.3,177.7,1.5414,1.24,133.9,17735.235108,4.961818181818182,129.4,60520,108.3,-0.9137500000000002,101.3,642069,56,65.5,55.69,37.19
2003-02-01,101.5,102.6,100.3,102.4,103.9,96.6,98.6,102.3,101.6,179.2,1.5121,1.26,134.5,17183.4588,5.012,131.2,76629,113.0,-0.655,102.8,577959,49,66.0,55.25,40.49
2003-03-01,101.7,103.2,100.0,102.9,104.1,96.1,99.9,102.2,101.8,180.3,1.4761,1.25,134.8,19822.528576,4.997142857142856,136.6,80268,115.3,-1.109375,101.1,640124,62,65.0,54.87,41.9
2003-04-01,101.8,103.3,99.7,102.9,104.4,96.0,98.3,102.3,102.0,179.8,1.4582,1.26,135.1,18454.365079,5.051904761904762,138.0,77840,106.0,-0.954375,100.4,623175,67,64.0,54.29,39.06
2003-05-01,102.1,103.3,100.5,103.0,104.0,98.9,97.7,102.9,102.2,179.4,1.384,1.26,135.7,18667.882854,4.671904761904762,137.4,75807,103.7,-0.05687500000000003,100.4,651433,60,63.0,54.21,40.48
2003-06-01,102.4,103.1,100.5,103.5,104.0,98.9,98.8,103.8,102.3,179.6,1.3525,1.22,137.1,18574.260774,4.288095238095238,135.3,81121,105.7,0.26000000000000006,94.3,631602,63,59.4,53.99,41.44
2003-07-01,102.4,102.1,100.2,103.5,103.6,101.1,97.7,103.8,102.6,179.6,1.3821,1.01,137.0,17079.352003,4.683181818181819,134.5,92014,106.2,-0.004375000000000018,87.8,640220,60,57.3,52.78,42.85
2003-08-01,101.5,99.5,100.2,103.9,104.1,100.8,88.8,104.1,102.7,180.3,1.3963,1.03,137.8,17584.301252,4.901999999999999,135.2,88220,110.7,-0.7068749999999999,86.6,627412,51,57.5,53.85,42.62
2003-09-01,100.8,98.7,99.8,103.6,104.2,98.2,81.5,105.1,102.9,181.0,1.3634,1.01,139.0,19360.81043,4.757142857142857,135.6,122916,110.6,-0.310625,89.0,610139,64,59.8,55.55,43.59
2003-10-01,100.7,99.9,97.9,103.5,104.7,96.8,81.1,103.5,103.2,180.7,1.3221,1.01,141.8,20137.743913,4.815454545454545,136.7,114154,105.7,-0.8918749999999998,89.7,625060,62,60.1,59.75,44.72
2003-11-01,101.7,102.6,97.9,103.5,104.9,97.4,88.6,103.1,103.4,180.2,1.313,1.0,141.5,18640.493702,4.856842105263159,136.9,113478,104.4,-0.61625,90.0,609843,53,61.0,62.15,45.08
2003-12-01,102.6,101.9,98.4,103.7,105.8,98.3,96.7,104.0,103.6,179.9,1.3128,0.98,141.1,18354.217816,4.729047619047619,137.2,120061,105.1,-0.51625,89.5,643640,52,62.3,61.85,45.91
2004-01-01,102.8,101.5,99.8,104.0,104.6,96.6,98.0,105.0,104.1,180.9,1.2958,1.0,139.3,18925.752966,4.586190476190477,138.7,123292,107.1,-0.4999999999999999,89.6,652657,50,63.3,63.92,46.53
2004-02-01,102.6,102.5,99.3,104.6,105.3,94.5,94.7,104.5,104.3,181.9,1.3299,1.01,140.4,19356.616313,4.4515,141.1,111113,109.5,-0.643125,90.1,614986,63,66.7,66.17,43.16
2004-03-01,102.7,103.2,98.7,105.1,105.8,94.4,96.3,103.7,104.1,182.9,1.3286,1.0,142.4,22483.164173,4.260434782608695,142.8,132518,110.6,-0.7087500000000001,93.3,663216,67,68.2,69.8,42.61
2004-04-01,102.5,102.6,98.5,104.7,106.8,95.5,91.5,103.8,104.5,183.5,1.342,1.0,146.1,21498.633661,4.612857142857143,142.7,127105,112.8,-1.2193749999999999,94.0,645780,71,67.7,69.11,42.3
2004-05-01,103.4,104.3,99.0,105.9,106.8,100.2,91.8,104.1,104.8,184.7,1.3789,1.0,149.1,21250.073962,4.773,141.8,118626,120.5,-0.24874999999999997,95.8,668403,72,67.7,66.53,43.38
2004-06-01,104.4,108.5,99.1,106.1,106.9,102.2,93.4,104.4,104.9,185.3,1.3578,1.03,148.6,23250.824636,4.9327272727272735,141.6,97544,119.4,0.28187499999999993,95.9,642103,74,67.6,64.2,46.58
2004-07-01,104.4,109.1,100.1,106.1,107.3,102.1,89.3,104.6,105.2,184.9,1.3225,1.26,146.5,19776.520224,4.75,141.5,126218,117.5,0.7443749999999999,94.0,647341,83,68.1,62.56,51.2
2004-08-01,104.1,109.9,99.8,106.2,107.1,102.3,83.8,104.4,105.5,185.0,1.3127,1.43,144.6,22018.283965,4.6309523809523805,142.1,106562,117.6,1.204375,94.6,640425,90,67.6,61.13,53.82
2004-09-01,103.7,109.3,98.9,106.3,107.3,99.8,80.1,104.5,105.6,185.4,1.2881,1.61,143.8,21688.073685,4.602380952380953,143.2,92320,117.0,1.169375,91.9,615030,78,66.3,60.82,58.02
2004-10-01,104.2,108.2,99.1,106.0,108.3,101.1,85.2,104.5,105.9,186.5,1.2469,1.76,143.5,22410.858565,4.55,144.6,119778,119.5,1.7962500000000003,89.2,630577,76,66.5,59.69,61.61
2004-11-01,105.2,107.5,98.4,106.4,108.6,101.3,97.6,105.0,106.3,186.8,1.1968,1.93,143.3,22875.484668,4.484761904761905,146.1,112658,117.1,2.2243749999999998,86.7,612387,64,65.5,59.44,59.6
2004-12-01,105.7,107.6,98.0,106.6,108.7,101.5,103.3,104.6,106.6,186.0,1.2189,2.16,144.2,20825.549106,4.320476190476192,146.7,115971,113.6,2.0918750000000004,88.5,641808,50,65.7,59.77,54.26
2005-01-01,105.4,108.2,98.6,106.9,108.2,99.7,94.5,106.6,106.8,186.3,1.2248,2.28,144.7,21839.495234,4.2605,148.0,101900,115.0,2.676875000000001,89.2,650630,44,66.7,60.03,54.16
2005-02-01,105.2,108.6,99.0,108.1,108.4,97.0,91.2,106.3,107.0,187.3,1.2401,2.5,145.0,21502.547911,4.205,147.5,101367,117.5,2.3681249999999996,91.1,591871,51,67.3,62.14,54.33
2005-03-01,105.6,109.2,98.9,109.7,108.7,94.8,93.5,107.0,107.2,188.6,1.216,2.63,146.0,24009.54836,4.358181818181818,147.1,113559,121.0,0.5143750000000001,88.8,656254,51,68.4,65.28,58.82
2005-04-01,106.6,108.6,98.8,111.4,110.3,95.6,97.8,108.1,107.7,190.2,1.2359,2.79,146.3,23457.967483,4.1938095238095245,148.1,101641,124.9,-0.28062499999999996,87.8,639020,67,67.8,63.29,62.4
2005-05-01,106.8,108.1,99.8,111.4,110.2,99.3,98.9,107.1,107.8,190.0,1.2555,3.0,147.1,23527.721353,4.073809523809524,148.7,92258,122.5,-0.05187500000000002,88.2,660203,61,67.7,62.73,64.36
2005-06-01,107.2,108.9,99.7,112.1,109.5,101.7,98.2,107.2,108.1,190.1,1.2402,3.04,146.4,23672.246856,3.828181818181818,149.9,81758,124.1,0.16999999999999996,87.7,631997,56,67.4,62.36,58.84
2005-07-01,106.9,108.0,99.8,111.8,110.0,102.4,94.5,107.0,108.5,191.0,1.2229,3.26,146.3,21087.259288,3.8995,150.1,106970,128.3,0.06062500000000001,87.9,635309,76,67.0,61.94,59.46
2005-08-01,106.8,108.3,100.4,112.3,109.6,101.1,90.7,108.0,108.5,192.1,1.2043,3.5,146.0,25041.270324,3.9204545454545454,151.0,97845,132.2,0.31500000000000017,92.1,636459,70,67.5,61.02,57.55
2005-09-01,105.8,108.0,99.5,112.0,109.7,96.5,85.3,106.9,108.8,195.0,1.1777,3.62,146.3,25949.915501,3.868571428571428,153.5,109823,142.1,-0.44062500000000004,89.6,608725,93,66.8,61.98,57.8
2005-10-01,106.2,107.8,98.6,111.6,110.7,98.5,86.1,106.9,109.1,195.2,1.1774,3.78,146.7,27725.016027,4.047,155.8,126619,135.6,-0.6525,88.9,623734,90,67.7,63.13,58.53
2005-11-01,106.7,107.8,98.4,111.9,110.5,98.2,92.9,107.1,109.3,193.4,1.1815,4.0,146.1,26382.724787,4.107142857142857,157.3,127174,127.4,-0.8793749999999999,87.2,606366,86,69.5,62.02,62.23
2005-12-01,107.5,107.4,97.3,112.3,111.5,101.2,99.3,106.3,109.6,192.5,1.1615,4.16,146.2,26188.580031,4.041,158.9,125661,125.2,-1.088125,88.1,638560,73,70.9,63.66,59.21
2006-01-01,108.4,107.1,97.4,112.7,110.0,100.4,108.5,108.5,110.0,194.0,1.1572,4.29,146.4,25965.868063,4.029047619047619,161.0,124671,132.7,-1.196875,87.6,652032,37,72.4,64.75,57.55
2006-02-01,108.2,107.5,97.8,113.6,111.9,98.2,103.0,108.4,110.2,194.2,1.1489,4.49,145.1,23750.043408,4.17,158.8,121353,127.1,-1.545625,87.5,589938,34,72.6,67.44,59.21
2006-03-01,108.2,107.6,96.9,114.1,112.5,96.9,97.7,109.9,110.5,195.3,1.1573,4.59,145.2,26477.665627,4.199565217391305,157.3,128806,130.0,-1.0043750000000002,87.7,648832,48,73.9,66.2,63.37
2006-04-01,108.1,106.5,96.4,114.7,112.8,95.6,98.2,109.5,110.7,197.2,1.1441,4.79,144.1,24836.757199,4.415789473684211,156.8,126297,138.9,-1.2737500000000002,87.3,623768,44,77.7,65.83,63.99
2006-05-01,108.7,106.8,97.1,115.8,113.1,99.2,98.2,109.8,111.0,198.2,1.11,4.94,144.7,26459.01217,4.399545454545454,157.0,108907,139.8,-2.13125,88.6,639954,51,82.8,68.17,61.41
2006-06-01,109.2,107.5,97.9,116.0,113.7,101.5,98.7,109.6,111.5,198.6,1.1137,4.99,146.4,26544.18887,4.441363636363637,156.9,129730,138.4,-2.5856250000000003,89.6,610668,46,79.7,65.78,58.62
2006-07-01,109.2,107.1,98.6,115.5,114.5,106.1,98.2,108.8,110.7,199.2,1.1294,5.24,147.4,22926.596456,4.444,156.0,136346,142.0,-2.9731250000000005,89.4,615138,40,83.4,66.92,58.37
2006-08-01,109.2,108.2,98.4,116.3,114.2,105.0,95.2,109.1,110.9,199.6,1.1182,5.25,147.5,26299.179437,4.252727272727273,154.9,129120,141.7,-1.105625,92.8,618529,33,81.4,66.57,60.3
2006-09-01,108.8,109.4,98.5,116.7,113.5,102.1,91.7,108.6,111.1,198.4,1.1161,5.25,147.9,24966.349827,4.0685714285714285,154.7,114213,128.8,0.21437500000000004,92.1,598000,29,80.8,66.42,60.96
2006-10-01,109.2,108.8,98.4,116.2,114.6,103.0,96.8,107.9,111.5,197.0,1.1285,5.25,147.6,25080.771902,4.1066666666666665,154.6,140962,123.8,0.5375,90.6,612929,35,84.6,69.33,60.11
2006-11-01,110.1,109.6,99.7,117.3,115.7,103.6,97.4,108.8,112.3,196.8,1.1359,5.25,149.0,25242.014932,3.999523809523809,155.3,140453,123.8,0.3306249999999999,91.5,597868,36,84.5,72.58,62.71
2006-12-01,109.9,109.1,98.7,116.9,116.6,103.9,96.8,108.3,112.4,197.2,1.1532,5.24,149.8,23889.411366,3.966315789473684,156.0,145538,127.1,0.8412499999999999,91.8,627493,34,87.4,72.89,66.39
2007-01-01,110.9,109.4,99.2,118.0,116.0,106.2,101.8,109.6,112.6,197.559,1.1763,5.25,151.6,25114.800993,4.121818181818182,159.9,132321,125.2,0.9749999999999999,93.1,635204,34,86.8,73.53,68.41
2007-02-01,112.6,110.6,99.8,119.4,117.5,109.4,111.3,110.7,113.0,198.544,1.171,5.26,153.8,23678.810656,4.1175,167.0,112411,127.1,1.0118749999999999,96.0,571520,44,88.2,75.94,73.75
2007-03-01,112.2,110.9,100.0,119.6,116.7,106.0,108.9,110.9,113.1,200.612,1.1682,5.26,155.8,27237.591846,4.045909090909091,177.0,122056,135.9,0.48249999999999993,97.9,635338,48,91.6,75.64,78.68
2007-04-01,112.2,111.2,99.7,119.5,118.4,104.8,108.3,110.0,113.3,202.13,1.135,5.25,156.9,26083.916916,4.1715,182.0,128132,139.1,0.7874999999999999,98.0,626525,49,94.6,75.45,77.38
2007-05-01,112.5,111.7,100.5,120.5,117.3,107.6,105.6,110.5,113.6,203.661,1.0951,5.25,158.7,26920.072184,4.292727272727273,181.1,129550,142.0,0.805625,98.0,658945,54,94.9,77.93,79.84
2007-06-01,112.6,112.4,100.8,120.3,117.5,108.6,102.2,110.6,114.1,203.906,1.0651,5.25,160.3,27837.403194,4.612857142857143,181.0,127213,140.1,0.7074999999999999,97.6,640858,65,93.7,81.53,80.62
2007-07-01,112.3,112.3,101.0,120.2,118.1,107.9,97.9,110.1,114.7,203.7,1.0502,5.26,160.4,24609.579092,4.59,181.5,129276,139.6,0.6175000000000002,96.9,653504,57,92.6,83.37,77.42
2007-08-01,111.8,112.0,101.2,120.2,118.2,106.8,92.1,110.2,114.8,203.199,1.0579,5.02,160.3,26902.750915,4.428636363636363,181.1,142747,136.4,1.19,103.7,646987,60,89.4,84.7,77.43
2007-09-01,110.9,111.8,100.2,120.6,116.5,103.1,85.9,110.1,114.8,203.889,1.0267,4.94,160.8,26390.724246,4.356315789473684,180.9,136003,136.6,0.328125,106.2,618472,54,87.1,89.44,87.13
2007-10-01,110.7,110.6,100.5,119.8,118.0,102.2,86.5,109.4,114.9,204.338,0.9754,4.76,160.7,28714.357812,4.362727272727273,182.4,144620,134.5,0.6849999999999998,104.2,633545,45,87.4,92.78,92.91
2007-11-01,111.3,110.8,99.0,120.2,121.4,103.0,89.6,109.2,115.0,205.891,0.9672,4.49,161.4,28010.52862,4.121428571428571,185.8,149816,136.5,0.03125000000000003,105.0,618673,33,84.5,96.24,100.18
2007-12-01,111.7,110.0,98.9,119.7,122.1,102.9,93.5,109.5,115.4,205.777,1.0021,4.24,162.8,25556.226144,4.015789473684212,193.5,156429,138.2,0.56125,104.1,647391,33,85.5,99.85,106.56
2008-01-01,112.4,111.1,99.5,121.3,124.3,105.0,98.6,108.2,114.6,206.744,1.0099,3.94,165.8,27359.079726,3.848181818181818,203.3,147165,139.0,0.4781250000000001,104.8,659566,28,88.7,106.22,109.92
2008-02-01,112.8,111.1,100.6,122.4,125.6,100.5,96.9,111.1,115.2,207.254,0.9986,2.98,167.5,27499.002252,3.828,211.4,143025,139.4,0.759375,109.2,617224,33,91.1,116.07,114.34
2008-03-01,112.6,110.9,100.6,122.9,127.0,99.8,94.1,110.7,115.2,209.147,1.0029,2.61,169.8,29968.019972,3.5090000000000003,223.5,157355,143.2,0.7224999999999999,110.3,656048,40,92.7,123.94,128.77
2008-04-01,113.5,110.8,100.7,123.6,130.1,101.0,94.5,112.1,115.5,210.698,1.0137,2.28,171.2,31232.599736,3.628636363636363,242.3,137049,150.2,0.99125,112.4,636256,44,92.5,127.58,174.07
2008-05-01,114.6,111.7,100.8,124.5,132.6,105.4,99.2,111.4,115.9,212.788,0.9993,1.98,174.0,30270.778441,3.621428571428571,257.7,139315,158.4,1.4381249999999999,115.2,655982,40,91.4,127.28,213.04
2008-06-01,115.8,112.8,100.9,124.6,132.9,107.5,104.1,111.8,116.9,215.223,1.0166,2.0,176.1,31285.340255,3.76,287.2,140895,165.3,1.6906249999999998,118.8,628102,47,90.5,131.17,214.57
2008-07-01,116.5,113.3,100.9,124.5,135.2,109.1,106.2,112.0,117.3,216.304,1.013,2.01,180.3,32208.397116,3.7504545454545455,307.2,144321,169.1,1.8231250000000003,120.5,634820,60,91.0,128.05,239.64
2008-08-01,116.8,115.0,101.2,124.8,135.8,110.5,99.3,113.2,117.9,215.247,1.0535,2.0,180.5,29994.422529,3.5915,332.5,126328,164.0,1.650625,116.3,627469,57,89.4,116.1,256.06
2008-09-01,117.1,115.6,101.8,125.7,134.6,110.3,95.3,115.3,118.5,214.935,1.0582,1.81,179.2,29653.569657,3.540952380952381,340.9,154031,161.5,2.138125,113.4,604720,51,87.6,108.7,245.37
2008-10-01,117.4,114.6,101.7,126.2,136.7,110.2,95.4,115.7,118.8,212.182,1.1847,0.97,176.4,27707.276789,3.6681818181818175,343.7,168982,147.5,2.57125,113.5,620364,62,81.7,91.16,242.16
2008-11-01,119.5,117.4,103.6,126.7,137.1,114.3,110.1,115.9,119.0,207.296,1.2171,0.39,173.4,22602.90802,3.5715789473684216,316.4,158086,130.7,2.3618749999999995,112.2,607060,53,78.6,85.32,180.65
2008-12-01,119.8,116.1,102.6,126.9,137.2,114.6,113.9,116.6,119.1,204.813,1.2337,0.16,171.1,19710.03087,2.9457142857142857,277.7,165730,123.0,2.6099999999999994,110.1,637351,46,76.3,82.23,162.44
2009-01-01,120.6,117.1,104.8,127.6,137.3,115.6,115.4,117.6,119.6,205.7,1.2248,0.15,170.1,17552.987776,2.8123809523809524,253.3,155605,123.8,2.0975,108.6,645482,41,76.2,88.64,164.15
2009-02-01,121.2,117.9,108.0,129.2,137.8,112.0,117.7,119.6,119.9,206.708,1.2452,0.22,168.7,17262.059918,2.960526315789473,216.8,149154,127.2,1.8524999999999996,109.5,587891,39,75.9,87.7,165.59
2009-03-01,121.5,119.3,108.2,129.8,137.7,111.7,114.9,120.8,120.0,207.218,1.2645,0.18,167.6,17894.887325,2.885909090909091,214.5,167960,127.1,1.8687500000000001,110.8,653421,47,78.2,87.29,168.55
2009-04-01,121.6,118.6,107.3,129.5,138.7,112.5,114.7,120.4,120.4,207.925,1.2242,0.15,168.6,17211.156464,2.954285714285714,217.3,153150,123.9,2.2181249999999997,110.9,637310,43,79.8,90.58,142.71
2009-05-01,121.9,119.0,107.9,128.9,137.9,115.5,113.9,121.5,120.5,208.774,1.1528,0.18,170.5,16398.797057,3.2020000000000004,205.9,138734,129.4,1.9156250000000001,110.7,661109,41,78.8,96.59,132.29
2009-06-01,122.2,119.9,108.4,129.4,137.6,115.8,113.6,121.2,121.1,210.972,1.1264,0.21,171.4,18549.455561,3.4590909090909085,188.3,142469,133.9,1.8931250000000002,108.9,640120,51,79.3,96.93,119.84
2009-07-01,122.3,119.7,109.7,128.7,138.2,116.9,113.5,120.9,121.3,210.526,1.1229,0.16,169.7,18763.358402,3.4290909090909087,183.3,158527,129.6,2.2043749999999998,107.5,651895,52,78.9,92.17,99.31
2009-08-01,121.5,119.1,110.6,128.1,137.6,113.2,106.2,122.0,121.6,211.156,1.0872,0.16,169.7,19230.281091,3.4645,180.2,145801,132.6,2.5706249999999997,104.1,642956,50,79.8,95.6,95.28
2009-09-01,120.4,118.6,109.4,128.9,136.9,109.4,97.7,120.8,121.8,211.322,1.0816,0.15,169.5,19912.682159,3.365714285714286,178.8,144419,131.3,2.6743750000000004,99.0,624689,50,79.1,92.48,86.17
2009-10-01,120.1,117.0,109.7,128.3,138.5,110.0,95.7,120.3,122.0,211.549,1.0547,0.12,168.3,21229.22711,3.4252380952380954,179.4,135433,128.8,4.50125,97.4,636799,53,79.0,93.55,87.76
2009-11-01,121.5,118.1,109.2,129.3,137.4,112.5,107.3,121.0,122.2,212.003,1.0593,0.12,169.1,20395.458952,3.3925,181.6,164176,132.4,3.8775000000000004,96.6,622529,46,81.2,96.77,87.97
2009-12-01,121.8,116.9,109.5,129.3,139.0,111.9,112.2,120.4,122.5,211.703,1.0537,0.12,171.2,21848.097171,3.416190476190476,186.5,155368,130.3,4.259375,100.2,649021,47,82.1,97.55,90.82
2010-01-01,122.3,116.8,109.5,129.6,138.4,112.3,110.9,123.4,122.7,212.568,1.0438,0.11,172.2,21653.836333,3.4850000000000003,184.7,177930,133.9,4.4087499999999995,100.0,657474,44,84.2,98.46,92.95
2010-02-01,122.7,117.7,108.7,131.0,139.5,110.5,110.4,124.0,123.0,212.544,1.0572,0.13,172.4,21233.211441,3.423684210526316,189.9,170754,132.3,4.216874999999999,100.7,595253,43,83.6,95.37,96.69
2010-03-01,123.1,117.4,108.4,130.3,138.9,112.2,113.2,125.2,123.1,213.525,1.0229,0.16,172.6,24316.311419,3.490434782608696,194.8,208994,134.5,3.4643749999999995,100.6,658897,45,84.4,92.6,95.0
2010-04-01,122.8,117.7,108.6,129.9,137.6,109.3,116.6,123.9,123.2,213.958,1.0052,0.2,173.6,23656.975053,3.67,198.9,193466,136.0,3.0987499999999994,101.4,641358,43,87.1,91.71,92.46
2010-05-01,122.9,118.7,108.7,130.0,137.6,111.4,115.2,123.4,123.1,214.124,1.0403,0.2,175.8,23658.132044,3.4455,201.3,189016,137.4,3.2031250000000004,104.0,662492,43,85.6,90.39,88.18
2010-06-01,123.0,119.0,109.1,130.1,138.5,112.3,113.8,122.9,123.3,213.839,1.0376,0.18,174.6,24693.616035,3.2977272727272724,199.1,200514,135.7,3.864375,101.9,635898,61,83.2,89.11,85.4
2010-07-01,123.7,120.0,109.5,130.0,139.0,113.9,111.0,124.5,124.7,213.898,1.0422,0.18,174.6,21299.574779,3.1852380952380948,197.4,221371,139.8,4.5024999999999995,102.6,641278,44,84.9,93.82,92.29
2010-08-01,123.5,119.8,110.6,130.5,139.4,113.2,107.6,124.3,124.7,214.205,1.0404,0.19,175.3,23457.003102,2.949523809523809,198.0,192227,139.2,3.7387499999999996,109.0,648002,45,87.8,99.27,98.26
2010-09-01,122.9,120.5,109.1,130.6,138.4,111.1,100.9,125.3,124.3,214.306,1.033,0.19,177.3,23041.413807,2.881428571428572,202.1,219424,138.7,3.65125,109.6,622732,53,90.3,104.65,107.42
2010-10-01,122.7,120.0,107.5,129.8,139.5,111.1,99.5,124.6,124.7,214.623,1.0179,0.19,178.2,23444.450833,2.766,207.6,239345,140.5,2.959375,108.4,636315,50,92.7,110.38,112.35
2010-11-01,123.3,120.2,108.0,130.0,138.5,112.6,104.1,124.6,125.2,214.75,1.0129,0.19,179.4,22909.191368,3.0223809523809524,211.9,239870,141.3,2.76875,107.9,620455,50,92.9,113.97,118.16
2010-12-01,123.9,121.4,106.4,130.2,140.2,113.8,108.8,123.3,125.4,215.262,1.0081,0.18,179.8,24273.016773,3.2047619047619045,216.2,243497,144.0,2.5793749999999998,110.0,645864,40,96.2,120.27,120.83
2011-01-01,124.9,121.5,107.9,130.8,139.4,114.8,112.1,126.0,126.0,216.4,0.9939,0.17,181.1,24793.241244,3.253,234.7,221745,146.0,2.2468749999999997,113.7,654562,39,98.9,125.15,120.67
2011-02-01,125.3,121.7,107.6,132.9,141.9,112.1,115.8,124.8,126.2,217.535,0.9876,0.16,184.6,23221.381961,3.417368421052632,228.1,213452,146.3,2.2875,117.3,595777,41,103.0,129.26,115.48
2011-03-01,127.2,123.3,108.2,134.2,142.8,110.7,128.3,128.1,126.4,220.024,0.9766,0.14,187.8,28305.645671,3.266521739130434,235.7,257356,151.7,2.099375,120.2,660707,42,101.0,123.63,111.73
2011-04-01,126.9,124.2,107.6,133.1,145.6,110.9,120.3,127.8,126.6,221.743,0.958,0.1,190.8,25936.403247,3.3280000000000003,241.2,236522,159.2,2.5343750000000003,121.7,641074,42,102.6,125.11,110.52
2011-05-01,127.7,125.1,109.0,134.2,146.3,115.0,119.2,128.1,127.1,222.954,0.968,0.09,191.2,26965.168812,3.151904761904762,239.7,228137,160.2,2.886875,119.2,666633,34,100.1,123.29,108.36
2011-06-01,128.3,126.0,110.6,134.1,147.1,115.7,121.4,128.2,127.4,222.522,0.9766,0.09,191.8,26857.570759,2.987727272727273,238.9,229920,157.0,2.3906249999999996,120.1,647145,37,101.0,123.31,146.02
2011-07-01,129.0,126.6,109.7,134.0,147.3,120.4,121.7,129.0,127.5,222.686,0.9553,0.07,193.4,25446.380384,2.9385000000000003,241.5,246415,157.9,0.6956249999999997,121.4,660564,37,101.5,123.99,153.45
2011-08-01,128.9,126.6,111.4,134.9,147.9,119.3,114.9,129.7,128.1,223.326,0.9817,0.1,195.5,27147.93853,2.4463636363636363,242.4,196189,157.9,0.28312499999999985,124.0,660022,34,102.5,125.49,155.85
2011-09-01,128.2,127.8,110.1,134.9,146.8,116.5,110.6,129.0,128.1,223.688,1.0025,0.08,196.4,27234.691852,2.1966666666666668,245.9,260222,156.0,-1.54,123.8,634338,38,101.1,123.28,160.61
2011-10-01,128.0,126.2,109.0,135.0,148.4,116.5,107.4,129.3,128.6,223.043,1.0198,0.07,194.4,26681.278004,2.2960000000000003,251.2,262678,156.9,-1.586875,124.2,647277,43,97.8,117.0,160.82
2011-11-01,129.2,127.7,108.9,134.8,149.3,118.3,114.8,129.9,128.9,222.813,1.0248,0.08,194.8,26176.959619,2.1223809523809525,254.6,268876,154.1,-1.23625,124.7,631184,40,97.4,116.13,158.79
2011-12-01,129.3,127.8,108.4,134.7,148.6,120.4,118.2,127.9,129.0,222.166,1.0235,0.07,194.2,26558.093208,1.992,253.4,299750,152.7,-0.9831249999999999,123.5,665048,38,94.7,114.0,149.11
2012-01-01,130.2,129.4,110.7,135.1,148.8,119.1,120.0,130.2,129.5,223.216,1.013,0.08,194.9,26786.98551,1.98,249.8,284893,155.5,-1.0312499999999998,124.6,677867,34,96.5,115.96,138.56
2012-02-01,130.4,130.4,112.5,135.7,149.0,117.4,118.5,131.3,129.7,224.317,0.9967,0.1,194.9,26230.561403,2.021,248.6,264928,156.9,-0.911875,125.8,638411,30,97.9,119.07,139.33
2012-03-01,130.0,130.4,111.2,136.3,149.9,114.7,113.3,131.7,129.8,226.304,0.9938,0.13,195.7,29184.998618,2.106818181818182,247.0,300042,159.5,-1.789375,126.0,682368,35,97.2,122.54,136.91
2012-04-01,130.1,130.3,112.5,135.2,151.0,115.2,111.7,132.2,130.1,227.012,0.9928,0.14,196.0,27802.767047,2.0645,246.5,275158,161.0,-1.8543749999999999,124.3,660423,37,95.9,123.15,154.34
2012-05-01,130.9,132.7,112.5,136.0,149.4,121.0,113.3,131.5,130.3,226.6,1.0097,0.16,196.6,27612.779609,1.9222727272727271,249.4,236879,157.7,-2.3787500000000006,124.2,681284,66,94.7,120.58,161.1
2012-06-01,130.9,131.8,112.3,135.6,149.6,119.8,116.4,130.4,130.6,226.036,1.028,0.16,197.1,27330.870113,1.7476190476190478,250.0,216348,155.7,-3.1450000000000005,126.1,654897,64,95.6,119.92,152.75
2012-07-01,131.7,133.3,112.8,136.4,150.2,122.6,117.0,131.6,130.6,225.568,1.0142,0.16,198.2,24973.683714,1.6561904761904762,249.7,261171,156.0,-4.100625000000001,127.6,668852,43,95.7,132.12,118.64
2012-08-01,131.7,133.8,113.6,136.7,151.7,120.3,112.6,132.8,130.9,227.056,0.9924,0.13,200.6,27027.583682,1.8268181818181817,245.1,216581,159.2,-4.416875,127.4,668395,40,94.5,132.36,140.41
2012-09-01,130.3,132.6,111.6,136.3,149.9,117.4,107.1,130.9,131.0,228.184,0.9783,0.14,202.1,26051.973341,1.8378947368421048,245.9,270501,160.6,-4.414375,126.2,644880,43,96.8,131.08,140.68
2012-10-01,130.5,132.6,110.8,135.3,152.4,119.7,106.4,130.1,131.3,227.974,0.9872,0.16,202.4,27661.292052,1.8118181818181816,247.9,284900,159.5,-3.6887499999999998,127.7,664413,43,96.1,126.46,134.99
2012-11-01,131.4,133.2,111.2,136.3,151.4,123.1,110.0,130.7,131.6,226.595,0.997,0.16,202.6,27751.808795,1.738095238095238,248.2,255546,153.8,-4.010625,129.3,647910,53,95.4,123.83,138.42
2012-12-01,131.2,133.4,109.7,135.5,151.6,123.6,113.3,128.1,131.8,225.889,0.9898,0.16,201.7,25847.708699,1.7678947368421054,246.9,282006,151.9,-3.9243749999999995,129.7,674730,100,96.6,122.75,136.62
2013-01-01,131.6,133.2,110.7,135.6,151.0,122.8,115.7,129.1,132.1,226.52,0.9921,0.14,200.6,28055.00607,1.9313636363636364,246.3,243475,152.8,-2.845624999999999,130.6,676733,35,96.8,121.25,131.82
2013-02-01,132.9,134.5,111.8,137.5,152.5,123.2,121.6,130.0,132.6,228.677,1.0098,0.15,200.6,25848.367646,1.9678947368421047,246.9,230567,160.1,-2.161875,132.6,611131,38,97.9,120.76,136.41
2013-03-01,132.4,134.2,111.4,136.4,152.0,121.4,119.1,130.2,132.7,229.323,1.0244,0.14,200.9,28342.376865,1.8515,248.1,261608,159.9,-2.3068750000000002,132.5,673937,61,96.4,120.02,129.71
2013-04-01,132.1,134.5,111.0,136.3,153.4,120.3,117.7,130.5,131.7,228.949,1.0187,0.15,200.6,28527.046617,1.7486363636363635,249.6,252302,158.0,-0.28125,132.6,650343,65,93.5,116.43,117.32
2013-05-01,132.6,134.5,113.8,137.1,152.8,122.6,118.5,130.7,131.8,229.399,1.0196,0.11,201.7,28505.949667,1.9018181818181816,251.1,192378,159.3,0.344375,134.7,670772,68,94.1,116.73,123.66
2013-06-01,132.5,134.7,115.1,135.8,152.2,122.4,120.6,129.7,132.1,230.002,1.0314,0.09,202.7,27099.136961,2.2445,247.5,209070,162.1,0.40375000000000005,136.5,643151,81,94.2,117.55,114.45
2013-07-01,132.7,135.2,115.9,135.6,152.2,123.2,119.6,130.0,132.5,230.084,1.0402,0.09,203.2,26192.314683,2.4381818181818184,239.7,218066,164.2,-0.656875,133.1,650508,70,93.7,114.42,110.33
2013-08-01,133.0,135.9,116.8,136.3,153.3,122.6,116.0,131.3,132.8,230.359,1.0407,0.08,202.3,27775.113006,2.611428571428572,230.9,152453,163.0,-0.905,129.5,660770,66,94.0,110.29,107.23
2013-09-01,131.9,135.2,116.2,135.1,151.4,120.2,112.7,129.9,132.9,230.537,1.0342,0.08,202.4,28168.814937,2.698,229.8,245685,163.0,-1.02125,125.5,635911,72,92.3,109.85,102.14
2013-10-01,131.7,134.8,116.4,134.7,152.0,121.3,109.2,129.8,133.2,229.735,1.0363,0.09,201.0,29634.436835,2.5181818181818185,229.1,275937,157.0,-0.31937499999999996,124.6,654027,71,91.3,110.08,98.31
2013-11-01,132.8,135.7,116.4,134.7,151.8,123.6,119.5,129.4,133.2,229.133,1.0486,0.08,200.3,27367.598442,2.5585,228.4,267181,157.4,-0.51125,121.5,629894,64,90.7,109.16,99.75
2013-12-01,132.5,135.0,116.3,134.0,151.4,123.6,119.1,128.1,133.6,229.174,1.0639,0.09,200.7,26987.483595,2.6735,226.8,277087,158.9,-0.545625,121.7,649594,66,91.0,108.57,101.25
2014-01-01,133.0,135.1,120.1,134.7,150.1,123.1,120.7,129.6,133.8,230.04,1.094,0.07,201.4,27705.334454,2.534090909090909,227.0,260230,160.2,-0.8518749999999999,121.5,654797,60,92.6,106.52,105.67
2014-02-01,134.3,137.3,120.6,135.8,152.4,127.8,123.5,129.2,134.0,230.871,1.1054,0.07,202.3,26082.94273,2.4200000000000004,232.2,234430,162.6,-0.7487500000000001,122.3,594501,59,94.2,108.29,105.61
2014-03-01,134.4,138.7,123.1,135.7,151.0,126.3,123.9,130.0,134.0,232.56,1.1107,0.08,205.9,30056.911353,2.4542857142857137,235.5,269012,167.2,-0.9593749999999999,128.8,656299,57,96.9,113.83,102.6
2014-04-01,134.6,140.5,121.5,135.6,151.0,125.9,122.8,129.8,134.5,233.443,1.0992,0.09,210.9,29284.28598,2.4447619047619047,240.3,252672,171.2,-0.05687499999999998,132.0,639068,57,98.0,112.31,94.91
2014-05-01,135.7,145.2,124.0,135.0,150.8,128.3,125.7,130.1,134.6,234.216,1.0894,0.09,211.0,30211.782657,2.315238095238095,243.7,255663,172.7,-0.39124999999999993,131.9,664041,64,97.2,112.05,96.03
2014-06-01,136.4,147.4,125.8,134.9,152.0,128.1,129.4,129.2,135.1,234.702,1.083,0.1,211.8,30160.768175,2.2985714285714285,240.0,252664,173.0,0.9112500000000001,131.3,647366,64,97.0,109.0,99.5
2014-07-01,136.5,147.7,126.1,135.2,151.9,128.4,126.9,129.7,135.3,234.525,1.0739,0.09,212.9,29285.94436,2.194545454545455,233.8,297961,171.9,0.7875,131.3,666035,62,99.1,105.68,100.48
2014-08-01,135.9,148.5,125.5,135.3,152.7,124.2,119.7,130.6,135.6,234.03,1.0926,0.09,212.9,29082.373669,2.0620000000000003,233.4,243606,168.3,1.45375,135.3,669194,61,97.9,103.8,101.44
2014-09-01,135.5,150.7,124.5,136.4,149.5,123.1,115.1,130.2,135.9,234.17,1.1011,0.09,212.6,30813.104753,2.1809523809523808,234.4,272518,167.4,1.236875,130.7,650558,74,95.7,100.27,102.79
2014-10-01,135.4,151.5,123.3,135.3,150.8,122.7,112.6,130.1,136.1,233.229,1.1212,0.09,211.8,30715.273887,2.0104545454545453,234.2,266855,163.6,1.0525,132.5,663106,71,96.4,99.54,103.53
2014-11-01,136.9,152.2,124.1,136.2,151.8,125.8,123.0,129.9,136.5,231.551,1.1325,0.09,210.0,27058.340548,2.0031578947368422,234.1,232795,156.5,1.1706249999999998,131.9,640706,82,95.3,101.22,103.35
2014-12-01,137.4,152.7,121.9,136.0,153.0,125.7,126.4,129.8,136.9,229.909,1.1532,0.12,208.5,28829.06026,1.8519047619047624,233.9,277662,148.7,1.2137499999999999,133.4,666669,57,95.8,99.69,101.78
2015-01-01,139.1,153.8,123.6,136.1,151.7,131.2,132.2,132.0,137.5,228.294,1.2122,0.11,205.1,25843.788846,1.5257142857142856,232.7,280998,139.5,0.965,134.3,674114,67,96.2,97.15,101.36
2015-02-01,139.5,154.3,123.1,136.8,152.7,131.5,132.7,132.3,137.7,229.421,1.2499,0.11,202.5,23265.83933,1.3794736842105264,233.5,241525,145.1,0.8024999999999999,136.1,612398,72,96.3,94.29,101.7
2015-03-01,139.5,155.1,123.9,137.2,152.9,129.8,131.0,132.9,137.8,231.055,1.2618,0.11,201.8,25778.359222,1.4213636363636364,233.2,293208,149.8,0.24750000000000005,136.4,688090,73,96.1,92.43,100.88
2015-04-01,139.4,156.3,125.2,136.1,154.1,127.4,128.1,133.9,138.1,231.52,1.2337,0.12,201.2,24763.008848,1.4109523809523812,235.1,260152,148.1,0.36187499999999995,137.6,676218,71,96.0,91.47,95.16
2015-05-01,140.8,156.7,126.3,137.0,156.0,132.7,132.7,133.7,138.5,232.908,1.2176,0.12,202.6,24283.240488,1.7440000000000002,234.5,251305,152.4,1.793125,138.0,708672,73,97.3,89.67,95.41
2015-06-01,141.0,157.2,126.4,138.1,155.6,132.2,132.0,134.2,138.7,233.804,1.2365,0.13,204.6,27352.21113,1.7799999999999998,235.2,277900,157.5,2.1281250000000003,137.6,687793,68,96.6,88.9,100.19
2015-07-01,140.9,156.7,126.1,137.1,156.1,133.6,132.3,133.3,139.0,233.806,1.2863,0.13,203.5,24717.914452,1.5695454545454546,230.0,304422,159.2,2.6325,138.3,702025,71,96.4,89.92,99.81
2015-08-01,140.8,157.8,126.7,136.5,156.4,131.5,127.0,135.0,139.4,233.366,1.3147,0.14,203.5,24816.653574,1.3915,228.9,259326,156.1,2.6037500000000002,139.4,694270,60,95.3,84.68,98.44
2015-09-01,140.3,157.3,127.2,135.8,154.2,131.6,125.1,134.8,139.6,232.661,1.3266,0.14,201.4,25289.207709,1.481428571428571,230.5,263864,149.3,2.006875,138.8,667289,59,94.4,82.89,99.61
2015-10-01,140.9,159.0,126.2,137.3,155.1,133.9,124.0,134.3,139.8,232.373,1.3072,0.12,199.5,23669.240607,1.4633333333333334,227.2,310917,146.6,1.9243749999999997,135.0,684176,113,93.4,84.24,95.47
2015-11-01,141.6,158.1,125.6,136.8,154.9,135.2,133.1,133.7,140.3,231.721,1.3279,0.12,198.1,22912.582718,1.6335000000000002,226.7,297651,146.5,2.5868749999999996,133.1,665876,119,90.1,82.91,96.56
2015-12-01,142.5,156.4,124.1,136.7,156.1,138.3,139.7,133.8,140.7,230.791,1.3713,0.24,195.1,23613.033939,1.4595238095238094,226.2,321648,143.4,3.56,131.7,699147,113,89.4,83.03,96.25
2016-01-01,144.6,156.9,127.7,136.7,156.6,144.9,150.7,134.8,141.0,231.061,1.4208,0.34,193.4,22268.349212,1.258,222.9,300084,139.0,3.2637500000000004,134.3,710978,53,91.3,83.11,90.32
2016-02-01,145.0,156.8,127.3,137.8,156.2,145.7,150.9,135.6,141.4,230.972,1.3797,0.38,194.3,21813.045546,1.1244999999999998,218.3,308866,134.6,2.8587499999999997,134.9,670355,19,92.5,83.82,80.3
2016-03-01,144.5,160.0,127.4,136.8,155.6,141.7,146.6,135.9,141.4,232.209,1.3226,0.36,194.1,23179.425295,1.268181818181818,217.3,329029,138.1,2.55625,135.6,716555,21,92.2,85.85,82.0
2016-04-01,143.8,158.7,129.6,136.7,156.4,138.2,140.7,136.4,141.8,233.438,1.2818,0.37,194.8,22220.328435,1.3361904761904762,218.7,265914,143.4,2.7775,133.7,694262,23,91.2,88.46,81.36
2016-05-01,143.3,159.1,130.6,136.6,156.6,137.6,134.5,136.0,142.1,234.436,1.2945,0.37,195.7,23021.956439,1.35,218.5,306390,146.9,2.788125,136.4,720165,71,92.8,92.47,81.09
2016-06-01,142.8,156.7,131.9,135.5,155.2,137.4,135.8,135.2,142.3,235.289,1.2894,0.38,197.5,24231.136914,1.1681818181818182,217.5,306037,150.6,1.9675000000000002,137.1,693913,55,93.9,96.83,72.54
2016-07-01,143.2,158.4,132.9,135.8,155.4,135.9,135.2,135.8,142.7,234.771,1.3052,0.39,197.3,21608.554179,1.051,211.6,346477,147.4,2.419375,133.0,709891,55,95.1,93.32,76.65
2016-08-01,142.3,157.5,132.8,136.7,155.3,130.9,129.4,136.1,142.9,234.904,1.2998,0.4,196.2,24216.99658,1.0427272727272727,207.0,290544,147.0,3.063125,127.8,710262,33,93.1,91.55,72.69
2016-09-01,140.4,156.7,132.0,134.6,151.5,129.7,122.9,133.3,143.1,235.495,1.3108,0.4,196.1,23748.952106,1.0861904761904762,204.0,339091,147.3,2.8012499999999996,124.7,689893,34,91.5,90.54,73.05
2016-10-01,139.9,156.3,129.4,133.7,151.9,127.0,120.8,133.2,143.5,235.732,1.3251,0.4,194.6,23848.174844,1.1665,204.0,349516,150.2,2.3231249999999997,124.6,711751,32,90.7,89.35,72.97
2016-11-01,140.6,155.0,131.2,133.5,149.6,130.8,128.1,133.3,143.8,235.215,1.3434,0.41,193.4,24409.721743,1.4376190476190476,203.5,349242,146.8,1.7531249999999996,125.1,696300,35,93.0,89.92,74.51
2016-12-01,140.6,154.8,130.3,133.6,149.7,131.1,129.3,132.3,144.0,235.39,1.3339,0.54,194.5,23153.172188,1.732,202.2,365225,149.1,1.713125,128.7,716538,26,94.0,90.29,75.03
2017-01-01,141.5,154.3,132.8,134.5,150.4,133.6,130.9,133.4,144.3,236.854,1.3183,0.65,195.2,24390.145396,1.7223809523809526,202.8,346346,155.8,2.058125,129.5,745469,20,96.3,92.13,76.79
2017-02-01,141.7,154.2,132.0,133.9,150.5,132.5,132.9,133.9,144.7,237.477,1.3109,0.66,195.5,23384.615178,1.702105263157895,209.2,329866,151.1,1.7312500000000002,130.9,681675,50,98.2,91.74,76.75
2017-03-01,141.8,155.2,134.5,134.2,150.7,129.9,133.9,134.3,144.8,237.656,1.3387,0.79,196.7,25997.909759,1.7143478260869565,211.4,358861,149.8,1.33875,132.8,760846,56,98.5,90.41,76.45
2017-04-01,142.2,155.4,133.5,134.7,151.6,131.8,132.9,134.1,145.3,238.432,1.3437,0.9,197.2,24153.678601,1.5231578947368425,213.2,328580,157.2,1.6837499999999999,132.4,742062,50,98.7,89.42,73.74
2017-05-01,143.1,155.9,136.2,134.3,151.2,136.5,136.3,134.3,145.5,238.609,1.3606,0.91,198.9,26288.561062,1.5131818181818182,209.8,310778,151.8,1.5831250000000001,135.4,769255,56,99.4,91.82,68.51
2017-06-01,143.6,156.5,137.4,133.6,151.7,137.4,139.4,134.0,145.9,238.813,1.3295,1.04,201.3,25891.007587,1.5027272727272731,210.4,321671,148.7,0.816875,136.4,740095,53,99.6,91.52,70.26
2017-07-01,144.1,158.4,137.9,133.5,152.3,139.6,137.8,134.3,146.4,238.617,1.269,1.15,200.3,22800.971236,1.908,206.7,327751,147.8,0.5875,136.3,760624,47,98.6,91.68,68.92
2017-08-01,143.6,159.3,137.3,134.0,153.0,135.6,132.6,134.6,146.6,239.448,1.2608,1.16,200.3,24905.234086,1.883636363636364,203.6,275594,150.4,1.2000000000000002,132.9,761382,41,98.3,88.5,70.75
2017-09-01,142.4,158.5,136.4,133.1,150.8,132.0,126.3,134.3,146.9,240.939,1.2279,1.15,198.5,24211.011221,2.0495,204.1,333206,154.5,0.5275000000000001,128.7,736276,38,95.4,89.21,74.08
2017-10-01,141.7,156.5,134.3,132.8,152.9,127.6,122.9,134.2,147.6,240.573,1.2607,1.15,198.0,25655.086158,2.050952380952381,204.8,385406,151.7,0.8400000000000001,128.6,759760,57,96.9,88.6,78.09
2017-11-01,142.9,158.0,134.8,132.8,151.6,130.2,132.0,133.8,148.0,240.666,1.2773,1.16,196.9,26131.35671,1.9185714285714288,209.8,358596,157.9,0.21499999999999997,130.3,739596,44,98.6,89.19,82.68
2017-12-01,143.4,157.3,134.4,133.7,152.3,132.3,136.5,132.4,148.2,240.526,1.2769,1.3,196.6,25255.844168,1.9152631578947368,214.8,369068,155.8,-0.23875000000000007,129.2,771574,41,98.7,88.2,74.1
2018-01-01,144.7,156.2,136.5,134.0,151.0,136.2,139.9,134.5,149.6,241.919,1.2429,1.41,196.6,26184.355367,2.1981818181818182,215.6,339976,159.5,-0.531875,129.9,785660,46,100.2,90.64,75.45
2018-02-01,144.7,156.7,136.2,134.1,152.0,132.4,139.9,134.7,150.5,242.988,1.2588,1.42,197.2,23997.422647,2.324210526315789,220.2,302001,159.1,0.13499999999999995,130.1,721539,45,101.4,92.92,77.7
2018-03-01,144.2,156.0,136.5,133.8,151.1,130.3,137.4,134.1,151.1,243.463,1.2933,1.51,198.9,26954.207703,2.1885714285714286,224.8,369137,161.0,0.16625,130.7,802381,51,100.9,94.0,78.28
2018-04-01,144.8,158.2,137.0,133.7,151.5,130.5,137.0,134.8,151.8,244.607,1.2732,1.69,199.4,26533.322153,2.2490476190476194,224.1,352397,167.1,0.14437500000000003,129.6,773719,52,99.8,96.09,78.59
2018-05-01,144.6,156.3,137.2,133.6,151.6,133.1,135.4,133.4,152.1,245.77,1.2866,1.7,201.1,28163.890566,2.375454545454545,223.5,343755,169.4,-0.39437500000000003,131.3,802170,40,100.7,96.79,77.4
2018-06-01,145.6,157.6,138.1,133.3,151.2,136.3,140.1,134.0,152.4,246.196,1.3125,1.82,200.2,28040.367902,2.209047619047619,223.4,334184,167.2,-0.010625000000000023,132.9,774659,28,103.2,93.38,78.03
2018-07-01,146.1,158.7,138.2,133.5,151.3,138.7,140.4,133.9,152.9,246.155,1.3133,1.91,198.8,26834.570371,2.1871428571428573,220.4,379276,168.8,-0.004999999999999963,133.8,778090,28,101.2,89.97,82.64
2018-08-01,145.9,159.7,138.1,134.3,151.8,135.8,136.6,133.9,153.2,246.336,1.3042,1.91,197.7,27958.942171,2.2954545454545454,221.2,333324,167.2,0.5475,130.2,773622,21,97.4,88.71,84.57
2018-09-01,144.9,159.4,136.4,134.6,149.6,131.6,133.6,133.6,153.2,246.565,1.3034,1.95,197.1,26297.212679,2.353684210526316,219.3,305492,166.3,1.789375,128.2,743579,21,96.3,85.62,86.7
2018-10-01,144.6,157.6,135.7,133.6,152.3,128.7,133.2,133.3,153.8,247.038,1.3004,2.19,197.4,28054.861875,2.488636363636364,221.5,338867,163.7,2.839375,129.5,758775,20,98.5,86.37,88.15
2018-11-01,146.1,158.8,137.8,134.9,152.2,131.8,141.8,133.0,154.1,245.933,1.3205,2.2,197.2,25626.614915,2.407619047619048,233.9,351370,155.8,3.15,128.5,735546,24,97.8,84.81,93.12
2018-12-01,147.5,158.3,139.5,135.7,153.7,135.5,151.8,133.4,153.9,244.786,1.3436,2.27,198.0,23929.004397,2.057894736842105,234.4,368101,150.1,3.6418749999999998,127.9,769014,16,97.5,86.08,89.43
2019-01-01,148.7,159.8,140.9,135.9,153.8,136.1,154.9,135.4,154.9,245.133,1.33,2.4,198.3,23348.268866,1.953636363636364,236.6,359742,148.5,3.895,130.1,782361,17,97.8,86.97,86.82
2019-02-01,149.3,159.4,142.1,137.6,155.1,136.3,157.2,136.2,154.5,246.218,1.3209,2.4,198.8,22814.826424,1.907368421052632,235.8,277382,150.1,4.414375000000001,129.9,711084,16,98.4,87.45,84.84
2019-03-01,149.4,158.9,142.5,137.1,154.1,137.8,155.5,136.8,155.3,247.768,1.3371,2.41,199.4,27549.187939,1.7123809523809523,233.9,313282,159.1,4.430625,132.1,789767,16,99.2,86.2,84.28
2019-04-01,149.0,159.3,140.7,136.3,152.4,136.3,154.4,136.4,155.7,249.332,1.3378,2.42,201.1,26731.595686,1.7242857142857144,231.6,353144,168.2,4.2768749999999995,135.3,766512,21,101.5,85.97,84.71
2019-05-01,149.7,160.9,142.7,137.8,154.8,136.1,154.9,136.5,155.9,249.871,1.346,2.39,202.0,29196.405509,1.6645454545454543,230.3,354617,169.2,5.478750000000001,135.3,787102,32,100.6,84.99,84.42
2019-06-01,150.7,163.8,140.4,136.2,154.4,139.7,160.6,136.3,156.4,249.747,1.3289,2.38,202.2,27644.321902,1.4625,229.8,318648,160.3,5.282500000000001,133.6,759191,37,99.4,88.06,83.78
2019-07-01,151.6,167.4,142.3,137.7,156.0,136.3,163.0,136.2,156.9,250.236,1.3105,2.4,202.0,26760.527218,1.5190909090909093,227.4,373755,163.4,4.991874999999999,131.7,775664,41,98.6,86.86,82.71
2019-08-01,151.1,167.3,142.1,137.9,156.8,136.2,154.9,136.3,157.4,250.112,1.3273,2.13,202.2,26634.18279,1.2052380952380952,217.6,362351,159.3,4.470000000000001,132.7,779355,23,98.9,84.69,81.75
2019-09-01,150.2,168.2,141.9,138.0,154.2,133.8,148.1,137.1,157.4,250.251,1.3241,2.04,202.2,26851.540839,1.364,210.9,335473,158.7,4.434375,127.6,756083,35,96.8,84.21,77.84
2019-10-01,149.9,167.3,143.3,135.5,156.0,135.0,142.7,137.3,158.0,250.894,1.3189,1.83,201.8,28534.087504,1.4495454545454545,214.2,382839,158.9,4.969375,128.7,775748,35,97.3,86.3,77.73
2019-11-01,151.1,167.1,144.6,137.1,156.4,137.9,150.9,137.0,158.1,250.644,1.3237,1.55,203.2,25240.12241,1.4994999999999998,211.8,360183,158.1,4.78625,129.3,748373,28,97.1,89.91,75.04
2019-12-01,151.9,165.9,144.0,138.4,156.9,144.9,154.8,136.0,157.9,250.452,1.3169,1.55,203.0,27283.700321,1.6045000000000005,208.0,395209,158.3,4.618125,130.5,779213,16,97.6,92.17,72.63
2020-01-01,153.5,169.9,144.2,138.8,156.9,142.5,162.4,139.1,158.2,251.361,1.3089,1.55,202.4,25286.848208,1.4922727272727272,208.3,375307,158.6,4.672500000000001,132.7,791677,20,100.0,93.87,72.28
2020-02-01,152.9,168.3,144.3,140.5,157.9,137.1,161.8,138.0,158.3,251.935,1.3286,1.58,200.9,24339.034042,1.2947368421052632,207.7,352268,156.6,4.360625000000001,132.7,746028,21,99.4,90.51,70.94
2020-03-01,152.8,170.4,146.0,140.3,159.6,133.4,158.9,138.7,158.1,251.375,1.396,0.65,201.0,25080.381294,0.8190909090909091,208.1,386965,140.6,4.234999999999999,132.7,800901,12,101.5,88.03,72.73
2020-04-01,154.0,170.0,144.4,142.8,158.7,138.8,160.3,139.8,159.2,249.515,1.4048,0.05,201.7,14936.992515,0.6571428571428571,209.5,370176,128.3,2.4124999999999996,130.8,746271,6,99.9,85.62,72.21
2020-05-01,154.3,173.5,149.0,142.8,160.2,138.3,157.9,139.1,159.3,249.521,1.3972,0.05,216.3,15842.688055,0.5509999999999999,212.1,375880,137.0,2.4325000000000006,134.7,770407,6,101.3,85.43,67.82
2020-06-01,154.8,177.0,145.7,142.1,158.9,139.0,163.1,137.8,159.5,251.054,1.3552,0.08,204.4,20315.178877,0.5613636363636364,211.3,382121,146.2,1.25125,133.2,759657,12,101.4,88.32,68.24
2020-07-01,155.0,175.5,144.5,141.2,156.9,141.7,165.4,138.0,160.2,252.636,1.3497,0.09,202.1,22329.745268,0.5163636363636364,209.8,355098,149.7,1.448125,132.7,787978,19,102.2,89.2,71.96
2020-08-01,153.8,170.4,146.8,142.3,157.8,140.9,158.3,136.0,160.7,253.597,1.3229,0.1,201.5,23748.921934,0.5635,209.8,363424,149.3,0.5156249999999999,133.1,792532,18,109.5,91.17,78.25
2020-09-01,152.6,168.8,143.5,140.8,155.1,138.1,153.2,137.0,160.9,254.004,1.323,0.09,201.8,24595.47813,0.5595238095238095,211.8,339884,149.8,-0.040000000000000036,134.4,768803,16,109.6,95.16,79.6
2020-10-01,153.3,170.2,143.6,140.5,156.6,140.3,153.1,137.4,161.5,254.076,1.3218,0.09,203.2,24853.058195,0.6028571428571429,213.1,400909,149.4,-0.060624999999999984,137.3,789639,13,110.1,98.8,79.78
2020-11-01,153.9,170.9,145.0,141.6,155.2,139.6,156.8,138.1,161.6,253.826,1.3073,0.09,205.0,24064.87626,0.6885,217.5,395613,149.1,-0.46375,138.2,770726,16,110.0,104.0,80.02
2020-12-01,153.6,170.0,144.7,141.5,156.4,140.0,157.1,136.5,161.6,254.081,1.2809,0.09,204.6,24632.320835,0.7309523809523809,219.3,397850,152.0,-0.7337500000000001,139.5,806498,8,110.9,107.34,81.49
2021-01-01,155.0,171.9,143.4,141.6,154.2,140.9,162.5,139.0,162.6,255.296,1.2725,0.09,205.0,24721.034157,0.8055,223.0,394315,154.3,-0.76375,143.0,813631,6,114.4,115.02,86.17
2021-02-01,155.6,169.5,143.9,143.1,157.1,143.4,163.8,139.5,162.9,256.843,1.2696,0.08,208.6,25215.553563,1.0994736842105264,226.0,346410,160.4,-0.9237500000000001,148.0,733243,11,117.2,116.63,105.41
2021-03-01,155.5,170.2,144.9,144.9,156.8,142.4,157.4,141.5,162.6,258.935,1.2569,0.07,211.8,29809.929563,1.4965217391304348,235.9,416849,167.4,-0.6837500000000001,153.0,810282,25,117.6,115.31,111.34
2021-04-01,155.4,173.5,145.1,146.1,156.2,141.9,151.1,140.5,163.2,261.237,1.2494,0.07,217.7,27484.17813,1.516190476190476,242.7,391000,170.2,-1.1387499999999997,158.7,786181,29,121.4,119.84,110.22
2021-05-01,156.6,175.4,147.6,146.6,157.8,143.9,153.8,141.6,163.5,263.612,1.2125,0.06,223.9,29040.495464,1.524,250.0,357446,173.2,-0.675,159.3,810347,44,125.9,127.64,116.71
2021-06-01,156.8,176.7,146.2,145.3,157.7,144.5,153.4,142.2,163.9,266.412,1.222,0.08,228.9,32160.938378,1.4249999999999998,262.3,362131,174.7,-1.0856249999999998,164.6,789832,48,127.1,123.38,135.52
2021-07-01,157.6,180.9,146.6,146.4,157.9,141.7,154.8,141.9,165.2,267.789,1.253,0.1,225.335,29809.808476,1.2514285714285716,267.083,362458,179.2,-0.8393750000000002,167.9,815331,39,129.8,122.28,153.04
2021-08-01,158.0,182.1,146.8,148.3,158.5,142.5,152.2,141.7,165.9,268.387,1.2599,0.09,229.188,30951.33759,1.1919047619047618,270.628,287295,180.2,-0.621875,164.2,807644,29,128.1,122.92,159.47
2021-09-01,158.5,184.8,147.1,148.0,158.1,141.5,150.0,144.3,165.9,269.086,1.2671,0.08,231.889,29926.457015,1.263,276.246,320564,179.9,-1.4218750000000002,167.5,774264,41,127.8,120.31,160.71
2021-10-01,159.2,187.1,149.3,146.6,159.3,141.7,149.4,144.4,167.1,271.552,1.2434,0.08,229.355,31577.065125,1.597,291.006,360223,187.5,-0.04625000000000004,168.0,789249,39,127.8,121.93,205.53
2021-11-01,160.7,186.3,148.6,146.7,161.6,144.2,161.4,144.2,167.8,273.042,1.2567,0.08,229.493,33810.91166,1.6857142857142855,303.163,325474,188.4,-0.726875,174.3,760978,47,130.9,122.95,240.01
2021-12-01,161.6,185.3,149.1,145.9,164.1,147.4,163.3,145.4,168.2,273.925,1.28,0.08,229.617,32766.954323,1.45,317.252,293945,184.2,-0.8212500000000001,176.3,775290,43,131.4,122.9,243.55
2022-01-01,163.9,189.3,151.7,148.0,164.9,150.7,166.4,148.0,169.2,276.296,1.2622,0.08,234.274,31594.64178,1.759,325.57,271629,190.0,-1.1481250000000003,186.3,789246,21,132.8,128.69,234.71
2022-02-01,166.0,189.3,152.3,153.0,167.6,152.3,167.8,151.6,170.5,278.943,1.2711,0.08,238.775,31010.799697,1.8794736842105264,331.104,262732,199.0,-1.2518750000000003,196.1,718551,32,136.9,136.57,220.68
2022-03-01,167.5,188.0,153.6,157.2,172.2,154.1,165.9,154.2,171.4,283.176,1.266,0.2,242.416,40049.085962,2.132173913043478,344.036,308449,213.9,-1.3731250000000002,202.5,794679,34,146.0,152.0,257.68
2022-04-01,169.0,191.1,154.4,157.6,173.8,153.6,163.4,156.7,174.0,284.575,1.2628,0.33,249.122,38073.738057,2.704,382.08,293812,215.1,-0.898125,206.1,782117,57,147.2,152.88,293.73
2022-05-01,170.4,191.2,160.2,158.2,173.8,157.4,169.5,157.1,174.6,288.022,1.2859,0.77,253.635,40460.747326,2.9185714285714286,379.307,247535,233.4,-0.9868750000000001,207.0,817892,65,145.1,153.07,259.92
2022-06-01,170.6,190.8,161.1,157.8,175.5,156.6,168.5,156.9,175.5,292.542,1.2804,1.21,256.04,41005.037615,3.315454545454545,373.24,276389,242.5,-2.1281250000000003,212.5,788008,86,141.2,145.42,252.97
2022-07-01,172.1,192.0,160.1,159.4,178.7,156.5,169.8,158.2,177.3,292.219,1.2936,1.68,256.595,37901.809996,3.0215,359.918,324439,229.4,-2.075625,207.9,809262,52,134.2,132.69,240.38
2022-08-01,173.5,193.9,159.5,159.4,182.4,158.5,168.2,161.7,178.1,291.629,1.2917,2.33,256.454,38932.124954,2.859090909090909,363.04,261540,214.5,-2.25625,193.6,807005,49,134.0,131.47,229.63
2022-09-01,174.8,198.8,158.3,162.8,183.5,157.7,169.0,162.8,178.4,291.854,1.3339,2.56,255.916,35916.131734,3.1455,356.137,331683,205.1,-2.87125,190.3,782309,44,129.8,131.25,232.72
2022-10-01,175.2,197.4,160.5,162.6,186.3,154.2,168.3,163.6,180.0,293.003,1.3689,3.08,254.032,34670.422121,3.3805,350.596,366915,217.9,-3.10875,191.6,806528,43,130.2,132.16,217.9
2022-11-01,177.3,197.9,160.7,164.3,186.9,158.4,180.7,164.6,180.7,292.495,1.3457,3.78,256.049,33777.685638,3.166190476190476,356.243,361145,214.6,-2.905,195.1,779985,45,131.6,131.69,201.87
2022-12-01,177.9,196.5,161.5,163.4,188.3,161.7,185.6,163.3,181.2,291.051,1.3585,4.1,254.159,34036.893732,2.9415,343.675,345687,197.7,-2.2256249999999995,192.9,804030,45,134.5,129.54,186.64
2023-01-01,181.0,203.1,162.0,166.8,189.1,165.3,191.5,166.0,183.0,293.565,1.3422,4.33,255.188,34911.122155,2.937619047619048,334.825,364031,200.3,-1.7274999999999998,194.0,809797,45,135.1,130.03,174.66
2023-02-01,182.1,201.0,163.6,167.7,191.6,169.0,191.1,168.2,183.7,295.057,1.3454,4.57,252.191,31611.384436,3.1742105263157896,326.458,336866,197.9,-1.3662500000000002,194.3,732993,51,136.2,131.02,163.96
2023-03-01,182.4,200.4,163.5,169.5,195.4,166.4,185.7,171.5,183.7,296.021,1.3683,4.65,254.266,36473.235088,2.993478260869565,320.0,384817,199.2,-1.03,196.1,805134,58,137.5,127.57,158.04
2023-04-01,183.1,203.9,164.8,168.7,196.7,167.4,179.3,172.5,185.2,297.73,1.3484,4.83,253.399,33951.379531,2.909473684210526,307.621,371693,206.0,-1.5068750000000002,195.3,792917,61,139.9,130.95,155.97
2023-05-01,184.6,203.2,166.5,170.2,198.9,168.6,185.6,173.5,186.4,298.382,1.3517,5.06,253.938,36573.212467,3.0454545454545454,298.741,323217,204.4,-1.7868749999999998,194.4,821111,77,136.2,126.89,152.47
2023-06-01,184.8,204.0,166.0,169.8,197.7,172.4,183.0,173.0,187.0,299.394,1.3286,5.08,253.425,34914.005638,3.338181818181818,285.27,300078,207.2,-2.0481249999999998,189.5,801332,81,134.1,122.56,138.29
2023-07-01,185.5,206.7,164.3,170.8,199.3,166.6,185.2,173.8,188.1,299.899,1.3211,5.12,253.273,33069.511867,3.4520000000000004,271.168,402886,210.7,-1.8993749999999998,191.2,826517,69,135.8,123.93,145.65
2023-08-01,185.3,206.6,165.1,168.8,197.9,164.6,182.5,174.9,189.0,301.551,1.3478,5.33,254.485,36295.468428,3.654090909090909,271.549,347606,218.4,-1.84625,195.0,813780,64,136.6,121.67,157.58
2023-09-01,185.2,207.5,165.1,169.1,196.7,165.9,180.9,173.7,189.3,302.257,1.3531,5.33,255.774,34904.993141,3.816,265.876,390460,216.2,-2.191875,191.2,777980,57,135.8,124.46,157.52
2023-10-01,185.0,206.2,163.8,168.1,197.6,164.1,176.5,175.3,190.2,302.071,1.3712,5.33,255.302,36403.160145,4.061999999999999,272.008,411664,206.2,-1.8250000000000002,191.3,796500,69,134.2,122.57,161.78
2023-11-01,186.2,207.7,162.0,170.0,197.9,167.1,186.7,173.1,190.7,301.224,1.3707,5.33,252.883,36236.790358,3.710952380952381,273.152,386867,202.3,-2.520625,187.1,763330,644,135.1,123.67,157.16
2023-12-01,186.8,207.4,160.4,168.9,197.9,170.7,188.6,173.5,191.4,300.728,1.3416,5.33,253.713,33274.395929,3.2342105263157896,277.5,402183,197.0,-2.48875,184.1,789750,609,132.4,120.01,119.36
2024-01-01,188.1,208.8,163.1,169.3,197.0,172.3,194.6,174.5,192.4,302.201,1.3423,5.33,251.917,33309.127319,3.3463636363636367,277.05,398507,194.9,-1.9781249999999997,182.1,803098,614,132.8,118.38,115.93
