index,All industries,Manufacturing,Wholesale and retail trade ,Transportation ,Entertainment and hospitality 
1986-01-01,0.06501592278816305,0.07645552385892117,0.09024188138736534,0.11088128660407176,0.01289180990899899
1986-02-01,0.07239887040536507,0.10306989107883818,0.07461626484630864,0.10486195035790648,0.019211324570273004
1986-03-01,0.11496304146785992,0.18805108921161826,0.06680345657578028,0.07699637445384401,0.0661021233569262
1986-04-01,0.07488783247898434,0.14936138485477177,0.06806613265990608,0.02686622664311611,0.03703235591506572
1986-05-01,0.3926355918656924,0.15075531639004147,0.062068421260308565,0.014850794831272659,0.1520475227502528
1986-06-01,0.48105213755128473,0.24288446576763484,0.060845203803811705,0.012735892906944315,0.08771486349848331
1986-07-01,0.12384958494185246,0.3480938796680498,0.05788580673164188,0.007134888909547271,0.08531344792719919
1986-08-01,0.27239901638554537,0.9036728475103735,0.20759183995580632,0.002649437575532211,0.09618301314459049
1986-09-01,0.32382053488597856,0.9878598288381742,0.1543226926567494,0.07669424560751138,0.04057128412537917
1986-10-01,0.2795812412548749,1.0,0.03693327546067948,0.06649158687366366,0.04006572295247725
1986-11-01,0.24857505096533045,0.8985671680497925,0.026476739139012745,0.04999070372780515,0.03804347826086957
1986-12-01,0.1419657253134742,0.485104382780083,0.042812610977390204,0.01106256391187134,0.056622851365015166
1987-01-01,0.09504769537439903,0.3043633298755187,0.1685672572307935,0.01275913358743144,0.05965621840242669
1987-02-01,0.05693956931467415,0.09926089211618258,0.1581501795367557,0.007762387282699637,0.1813700707785642
1987-03-01,0.06068761044313014,0.08122082468879668,0.04506175275223928,0.001440922190201729,0.18806875631951467
1987-04-01,0.09417546379728024,0.11166039937759337,0.05930631732628339,0.13454029933996467,0.17163801820020222
1987-05-01,0.0987446434397602,0.23651452282157676,0.0718936195399124,0.086129961885284,0.22965116279069767
1987-06-01,0.23208658960372952,0.37320085580912865,0.1500217022451959,0.08487496513897927,0.2879170879676441
1987-07-01,0.14463351310792535,0.5325466804979253,0.14197214220889395,0.02014966998233708,0.09213852376137513
1987-08-01,0.17903374258876875,0.3861676607883818,0.12165094897999447,0.42332899507297567,0.059403437815975735
1987-09-01,0.11603234628834444,0.20644774377593358,0.14923252969261727,0.041949428279260015,0.04221435793731042
1987-10-01,0.14721736229872073,0.14795124481327798,0.12851675018742847,0.3396625453193269,0.028816986855409506
1987-11-01,0.0666654988252245,0.18685165975103732,0.06451485617330228,0.07836757460258437,0.0173154701718908
1987-12-01,0.07969058040989775,0.1017570020746888,0.07165686777413881,0.2339871711443711,0.10452477249747219
1988-01-01,0.06503417031069691,0.1153559387966805,0.05906956556050981,0.021497629450590312,0.09277047522750254
1988-02-01,0.09336527379677662,0.16767699688796678,0.06625103578897526,0.00513619038765455,0.2549292214357937
1988-03-01,0.08923768419961622,0.28280601659751037,0.05516316142524563,0.01933624616528772,0.08139534883720931
1988-04-01,0.05173537588801569,0.14608726659751037,0.0419050625419248,0.025471785813888627,0.054979777553083926
1988-05-01,0.1854057774575946,0.19944566908713693,0.04525904589038393,0.17604815468996932,0.060793731041456016
1988-06-01,0.22298837486834416,0.19305951763485477,0.04904707414276131,0.18718044064330203,0.04777553083923155
1988-07-01,0.2226672184717481,0.17036760892116182,0.04458824922069211,0.027865575904062467,0.033114256825075836
1988-08-01,0.27263258467397883,0.221440612033195,0.05137513317286825,0.05433671097889746,0.09011627906976745
1988-09-01,0.2912341091450014,0.1935619813278008,0.06266030067474253,0.07167425862229246,0.3640040444893832
1988-10-01,0.18053003943654572,0.13529240145228213,0.07007852266898157,0.023682253416380028,0.38511122345803844
1988-11-01,0.061486851930113454,0.16667206950207467,0.06195004537742178,0.01954541228967184,0.16228513650151669
1988-12-01,0.0336119365073804,0.09058934128630705,0.056465296137000354,0.016268476340987263,0.09782608695652174
1989-01-01,0.053936027105599874,0.16197160269709543,0.0551237027976167,0.020242632704285578,0.06964105156723964
1989-02-01,0.08627793604462322,0.2992576504149378,0.07745728603559168,0.020335595426234077,0.019464105156723963
1989-03-01,0.11457984349464874,0.3082209543568465,0.07970642781044075,0.04139165194756902,0.02666835187057634
1989-04-01,0.08529621933230126,0.16591026970954356,0.0752081442607426,0.02419354838709677,0.03008088978766431
1989-05-01,0.07704833914699402,0.174322484439834,0.04545633902852859,0.02031235474574695,0.039307381193124366
1989-06-01,0.12803556661112123,0.19892699688796678,0.08416525273250995,0.015431811843450776,0.03640040444893832
1989-07-01,0.08785817149605599,0.15114432053941906,0.09399045101211378,0.01684949335316538,0.02995449949443883
1989-08-01,0.07606297293016527,0.08209608402489627,0.09331965434242197,0.016779771311704005,0.02679474216380182
1989-09-01,0.32462707538197544,0.0650609439834025,0.0585566034013337,0.015176164358092405,0.06193124368048534
1989-10-01,0.08760635568508864,0.07324623962655602,0.06293651106814505,0.039114065259830806,0.06509100101112235
1989-11-01,0.14306057666550615,0.11367025414937759,0.04336503176419524,0.10916147624802454,0.05776036400404449
1989-12-01,0.06763626702402616,0.07360282676348548,0.026910784042930985,0.08812866040717672,0.06976744186046512
1990-01-01,0.04677204975880425,0.06319696576763485,0.032434991910981335,0.027795853862601094,0.06698685540950455
1990-02-01,0.057019858413823156,0.07199818464730291,0.02789724973365426,0.02198568374081993,0.01744186046511628
1990-03-01,0.07041353995368049,0.10661955394190871,0.0278183324783964,0.00683276006321465,0.028816986855409506
1990-04-01,0.10800708587795035,0.12290910269709544,0.02963342934932723,0.011341452077716835,0.02704752275025278
1990-05-01,0.22134244833578948,0.13631353734439833,0.043483407647082035,0.016803011992191128,0.01832659251769464
1990-06-01,0.2890407569364308,0.12592388485477177,0.0792723829065225,0.013084503114251186,0.03614762386248736
1990-07-01,0.10445246848835334,0.15642829356846472,0.06565915637454128,0.015571255926373524,0.02616279069767442
1990-08-01,0.2153134668906003,0.7538252074688797,0.0544923647555538,0.01540857116296365,0.05965621840242669
1990-09-01,0.26008558817969285,0.882569372406639,0.038629996448723516,0.07339406897833968,0.04802831142568251
1990-10-01,0.248502060875195,0.8580134854771784,0.07702324113167343,0.015292367760528027,0.06382709807886755
1990-11-01,0.15233396761721663,0.4887999221991701,0.07540543739888726,0.01636143906293576,0.08493427704752275
1990-12-01,0.06158173904728956,0.1849876815352697,0.05520262005287456,0.015013479594682532,0.05573811931243681
1991-01-01,0.09816802172769004,0.10020098547717843,0.06629049441660419,0.010295621455796225,0.04676440849342771
1991-02-01,0.06457798224735029,0.11130381224066391,0.03393441976088072,0.01006321465092498,0.04120323559150657
1991-03-01,0.06454148720228255,0.09417142116182572,0.026121611490352362,0.008761736543645997,0.0525783619817998
1991-04-01,0.04795813872350551,0.09945539419087138,0.02182062107879888,0.005763688760806916,0.040697674418604654
1991-05-01,0.06482249904930408,0.06344009336099585,0.09797577240263583,0.0015571255926373523,0.05270475227502528
1991-06-01,0.039283266510905815,0.07190093360995851,0.05121729866235252,0.01436274054104304,0.017189079878665317
1991-07-01,0.037144656869936774,0.07164159751037345,0.05820147575267332,0.05059496142047039,0.006698685540950455
1991-08-01,0.07720891734529203,0.07266273340248963,0.06889476384011363,0.27354280933345726,0.07520222446916076
1991-09-01,0.27944985909263104,0.0505867479253112,0.027621039340251743,0.25102258994143345,0.04448938321536906
1991-10-01,0.079413218067383,0.05283973029045643,0.007260387483723316,0.04215859440364413,0.012512639029322549
1991-11-01,0.024415185150312144,0.059501426348547715,0.0104170776940378,0.03002695918936506,0.010616784630940344
1991-12-01,0.02247729825721562,0.06731392634854771,0.010851122597956042,0.02937622013572557,0.009732052578361981
1992-01-01,0.03953873182637994,0.07188472510373445,0.011798129661050387,0.035744166589197726,0.007962588473205258
1992-02-01,0.02416701884385157,0.056908065352697094,0.010535453576924593,0.029585386260109692,0.010237613751263903
1992-03-01,0.05269884507780379,0.07830329356846473,0.012508384958371147,0.03339685785999814,0.012765419615773509
1992-04-01,0.08931797329876523,0.06527165456431536,0.024977311289113364,0.027354280933345725,0.008594539939332659
1992-05-01,0.061158396524503875,0.08562953838174274,0.020557944994673085,0.02279910755786929,0.03033367037411527
1992-06-01,0.12605388566394343,0.32144709543568467,0.026831866787673124,0.022822348238356417,0.04739635995955511
1992-07-01,0.10356563889320748,0.22040326763485477,0.03981375527759145,0.025657711257785626,0.0532103134479272
1992-08-01,0.06109635494788873,0.052953189834024895,0.049441660419050626,0.023263921167611785,0.024393326592517695
1992-09-01,0.0520455837710914,0.10428552904564316,0.05149350905575504,0.027888816584549593,0.02287664307381193
1992-10-01,0.04796908723702583,0.09279369813278009,0.05070433650317642,0.023659012735892906,0.02578361981799798
1992-11-01,0.04609324192054445,0.06146265560165975,0.04695576687842797,0.025797155340708373,0.11311931243680486
1992-12-01,0.04761873480437561,0.06600103734439834,0.08550684607189361,0.026145765548015242,0.14926693629929222
1993-01-01,0.04151311376454419,0.04386021784232365,0.06522511147062304,0.028609277679650456,0.1172901921132457
1993-02-01,0.03618483718465544,0.04139652489626556,0.06179221086690605,0.020475039509156825,0.1454752275025278
1993-03-01,0.03994382682663175,0.05013290975103734,0.049007615515132386,0.007437017755879891,0.22649140546006066
1993-04-01,0.03992557930409788,0.05189963692946058,0.04628497020873614,0.005624244677884168,0.18895348837209303
1993-05-01,0.06490278814845309,0.0781736255186722,0.042615317839245555,0.0061820210095751595,0.1916076845298281
1993-06-01,0.03298057222770864,0.04901452282157676,0.0295939707216983,0.009458956958259738,0.1723963599595551
1993-07-01,0.035754195652856216,0.05794540975103734,0.023083297162924673,0.04285581481825788,0.1263902932254803
1993-08-01,0.03460095222871591,0.05578967842323651,0.02225466598271712,0.06363298317374733,0.05687563195146613
1993-09-01,0.03400973249861866,0.06888615145228216,0.02154441068539636,0.005740448080319791,0.043099089989888775
1993-10-01,0.033002469254749284,0.06110606846473029,0.03038314327427692,0.005322115831551547,0.03033367037411527
1993-11-01,0.05385573800645087,0.06763809647302906,0.16071499033263623,0.0005112949707167426,0.016683518705763397
1993-12-01,0.08803699721688787,0.06408843360995851,0.3627431637927633,0.0012085153853304824,0.010743174924165825
1994-01-01,0.06152334697518118,0.05781574170124481,0.3717791895197885,0.024867528121223385,0.007457027300303337
1994-02-01,0.05653082480991556,0.05027878630705394,0.2433808152152468,0.057822813051966154,0.006066734074823054
1994-03-01,0.03099524177602407,0.05352048755186722,0.019374186165805152,0.019220042762852094,0.011122345803842266
1994-04-01,0.02990768943300568,0.06344009336099585,0.02560864933117626,0.020126429301849956,0.04019211324570273
1994-05-01,0.06490643765295986,0.07251685684647304,0.01862447224085546,0.02407734498466115,0.06900910010111223
1994-06-01,0.06718737796969305,0.08324688796680497,0.02008444146312591,0.016431161104397133,0.10010111223458039
1994-07-01,0.030013525063702105,0.06381288900414939,0.012034881426823974,0.011155526633819838,0.04891304347826087
1994-08-01,0.051841211518712106,0.06295383817427386,0.01775638243301898,0.08705958910476899,0.04739635995955511
1994-09-01,0.06393931895866499,0.06987487033195021,0.022964921280037878,0.1601050478758018,0.06306875631951467
1994-10-01,0.038600809168139245,0.07690936203319503,0.0378408238961449,0.008506089058287626,0.048660262891809906
1994-11-01,0.040202941646612644,0.11948910788381743,0.03590735114232727,0.016082550897090264,0.016304347826086956
1994-12-01,0.03188572087567671,0.08913057572614108,0.025411356193031604,0.0359068513526076,0.011375126390293226
1995-01-01,0.047523847687199514,0.1532028008298755,0.019216351655289426,0.03086362368690155,0.002275025278058645
1995-02-01,0.03530165709401635,0.11084997406639005,0.018348261847452946,0.019824300455517335,0.006066734074823054
1995-03-01,0.11826219354198281,0.07676348547717843,0.020321193228899498,0.5034628613925816,0.33809403437815977
1995-04-01,0.022933486320562257,0.034669994813278,0.019453103421063014,0.00548480059496142,0.058771486349848336
1995-05-01,0.02157952014854943,0.06044151970954356,0.01637533046600639,0.008087756809519384,0.00910010111223458
1995-06-01,0.04189996124226214,0.08682896784232365,0.022057372844572463,0.013038021753276936,0.027300303336703743
1995-07-01,0.07121643094517058,0.053358402489626554,0.03282957818727065,0.01201543181184345,0.3527553083923155
1995-08-01,0.03685269650939492,0.09929330912863071,0.03322416446355996,0.00718137027052152,0.1597573306370071
1995-09-01,0.05230469859107229,0.1209478734439834,0.02556919070354733,0.006298224412010783,0.014787664307381194
1995-10-01,0.05230834809557906,0.1427807313278008,0.026555656394270606,0.007111648229060146,0.011122345803842266
1995-11-01,0.031104726911227266,0.09832079875518672,0.020636862249930946,0.006786278702240401,0.006698685540950455
1995-12-01,0.02766689366584699,0.07350557572614108,0.00935169474805666,0.007437017755879891,0.011248736097067745
1996-01-01,0.023553902086713686,0.07974585062240665,0.010219784555893145,0.019080598679929346,0.01314459049544995
1996-02-01,0.0962994754202222,0.07250064834024897,0.007773349642899419,0.01840661894580273,0.05131445904954499
1996-03-01,0.38256295942699864,0.05635697614107883,0.010101408673006351,0.00897090266803012,0.18579373104145602
1996-04-01,0.072190848648479,0.053844657676348544,0.013613226531981217,0.021079297201822066,0.17656723963599597
1996-05-01,0.05081935025681564,0.06690871369294606,0.044272580199660655,0.022008924421307054,0.18933265925176948
1996-06-01,0.1301960732791309,0.049970824688796676,1.0,0.019313005484800593,0.21385237613751265
1996-07-01,0.07057046864747174,0.06446122925311204,0.1624511699483092,0.021706795574974434,0.3857431749241658
1996-08-01,0.050060253319406826,0.06692492219917012,0.026121611490352362,0.019615134331133214,0.44021739130434784
1996-09-01,0.03702787272572003,0.05207793049792531,0.022530876376119637,0.01980105977503021,0.36830131445904957
1996-10-01,0.18153000367140157,0.594495591286307,0.022412500493232845,0.02888816584549595,0.1821284125379171
1996-11-01,0.03250613664182814,0.040537474066390036,0.02706861855344671,0.05410430417402621,0.09049544994944389
1996-12-01,0.04693992696611581,0.03702022821576763,0.02639782188375488,0.0936599423631124,0.07735085945399393
1997-01-01,0.04023213768266683,0.057037733402489625,0.0219784555893146,0.056033280654457555,0.031344792719919114
1997-02-01,0.03308640785840507,0.07481846473029045,0.011679753778163594,0.047782839081528306,0.010995955510616785
1997-03-01,0.045009339082032834,0.06622795643153527,0.16343763563903246,0.02907409128939295,0.024014155712841254
1997-04-01,0.09519732505917672,0.05502787863070539,0.7529889910428915,0.013595798084967928,0.030207280080889787
1997-05-01,0.07915045374289534,0.053358402489626554,0.6380065501321864,0.00409035976573394,0.037285136501516686
1997-06-01,0.06694651067224604,0.19772756742738587,0.15984690052479975,0.005345356512038672,0.0461324570273003
1997-07-01,0.04893985543582748,0.15420772821576761,0.0018545554985597602,0.004276285209630937,0.038928210313447925
1997-08-01,0.06462177630143155,0.1371077541493776,0.006155545910113246,0.007227851631495769,0.03842264914054601
1997-09-01,0.045034885613580246,0.1305919346473029,0.010574912204553524,0.017128381519010874,0.06534378159757331
1997-10-01,0.279241837335745,0.1382585580912863,0.011995422799195042,0.014478943943478664,0.07229524772497473
1997-11-01,0.4080912434518766,0.1524410010373444,0.0348025095687172,0.8403132843729664,0.03121840242669363
1997-12-01,0.09293463226497739,0.15954032676348545,0.01929526891054729,0.3177001022589941,0.03905460060667341
1998-01-01,0.03952413380835284,0.13365534232365145,0.013297557510949768,0.004717858138886306,0.030207280080889787
1998-02-01,0.04424659264011725,0.1397497406639004,0.020281734601270567,0.003625546155991447,0.023255813953488372
1998-03-01,0.05262220548316155,0.15163057572614105,0.014323481829301975,0.003997397043785441,0.025404448938321538
1998-04-01,0.02888582817110921,0.08436527489626557,0.01779584106064791,0.0017430510365343496,0.04082406471183013
1998-05-01,0.042899925477117976,0.05838303941908713,0.007694432387641558,0.003834712280375569,0.037285136501516686
1998-06-01,0.09965701956645347,0.06658454356846473,0.006076628654855384,0.01915032072139072,0.3402426693629929
1998-07-01,0.11570024137822808,0.06141403008298755,0.008601980823106972,0.010411824858231849,0.25619312436804853
1998-08-01,0.08900046640667597,0.03633947095435684,0.00931223612042773,0.010528028260667472,0.1276541961577351
1998-09-01,0.14483423585579788,0.03196317427385892,0.015704533796314563,0.05317467695454122,0.10212335692618807
1998-10-01,0.07157043288232758,0.029937110995850624,0.022530876376119637,0.03444268848191875,0.07166329625884732
1998-11-01,0.09569365767209786,0.04635632780082987,0.01645424772126425,0.03646462768429859,0.046638018200202226
1998-12-01,0.047155247732015425,0.10854836618257262,0.026476739139012745,0.030910105047875797,0.14812942366026288
1999-01-01,0.04575383800141455,0.06963174273858921,0.011443002012390008,0.01650088314585851,0.14130434782608695
1999-02-01,0.04567354890226554,0.05238589211618257,0.011324626129503215,0.005229153109603048,0.13928210313447928
1999-03-01,0.12506122043810114,0.038965248962655595,0.013968354180641596,0.015594496606860648,0.10224974721941354
1999-04-01,0.13811549805882858,0.09952022821576764,0.012034881426823974,0.034280003718508874,0.05712841253791709
1999-05-01,0.0768476163991215,0.07037733402489627,0.020952531270962395,0.005879892163242539,0.07090495449949444
1999-06-01,0.06896468666449157,0.05763744813278008,0.034684133685830405,0.005693966719345541,0.06976744186046512
1999-07-01,0.10837568583313444,0.06567686721991702,0.0575306790829815,0.005949614204703913,0.10414560161779575
1999-08-01,0.06297220026437012,0.04350363070539419,0.04289152823264807,0.007901831365622386,0.07469666329625885
1999-09-01,0.06038835107357474,0.10747860477178424,0.03247445053861027,0.007762387282699637,0.12525278058645095
1999-10-01,0.043078751197949856,0.12072095435684647,0.030540977784792644,0.009737845124105233,0.1141304347826087
1999-11-01,0.05459658742132581,0.09715378630705394,0.020242275973641637,0.06697964116389328,0.12613751263902934
1999-12-01,0.03969201101566441,0.07733078319502075,0.0214654934301385,0.025611229896811374,0.07317997977755308
2000-01-01,0.054191492421073996,0.05368257261410788,0.0156256165410567,0.015733940689783395,0.0532103134479272
2000-02-01,0.025342159295032515,0.03749027489626556,0.0185455549855976,0.0023473087291995907,0.055990899898887767
2000-03-01,0.055618448683222285,0.04533519190871369,0.022136290099830327,0.002254346007251092,0.05763397371081901
2000-04-01,0.05425353399768914,0.050376037344398335,0.029436136211182573,0.01831365622385423,0.05649646107178969
2000-05-01,0.04015184858351782,0.0649636929460581,0.038393244682949926,0.02059124291159245,0.08531344792719919
2000-06-01,0.049855881067027534,0.1566390041493776,0.03843270331057886,0.005740448080319791,0.10793731041456016
2000-07-01,0.04796178822801229,0.10316714211618258,0.027936708361283192,0.006995444826624523,0.5331142568250758
2000-08-01,0.03725414200513996,0.042725622406639,0.031566902103144855,0.015687459328809144,0.16443377148634986
2000-09-01,0.04056424259278318,0.05112162863070539,0.07410330268713254,0.008715255182671749,0.09087462082912033
2000-10-01,0.06717277995166597,0.0704583765560166,0.02339896618395612,0.0038114715998884443,0.11931243680485339
2000-11-01,0.06807420756483892,0.06460710580912864,0.011640295150534663,0.004741098819373431,0.144211324570273
2000-12-01,0.04078686236769634,0.05598418049792531,0.02043956911178629,0.00653063121688203,0.13814459049544994
2001-01-01,0.038593510159125696,0.07378112033195021,0.01929526891054729,0.0039044343218369425,0.12790697674418605
2001-02-01,0.04105692570119755,0.07947030601659752,0.03523655447263544,0.04236776052802826,0.08581900910010111
2001-03-01,0.06618011472582368,0.08271200726141079,0.020636862249930946,0.10913823556753742,0.061804853387259856
2001-04-01,0.18294236191552277,0.10243775933609958,0.02178116245116995,0.1862043320628428,0.0910010111223458
2001-05-01,0.09711513967748599,0.10281055497925311,0.02000552420786805,0.14497536487868365,0.0906850353892821
2001-06-01,0.09374482226548102,0.10958571058091286,0.033105788580673166,0.1387933438691085,0.0621840242669363
2001-07-01,0.06330612992673985,0.10212979771784232,0.025411356193031604,0.14044343218369434,0.10812689585439839
2001-08-01,0.0743495305642353,0.06937240663900415,0.018861224006629047,0.0038114715998884443,0.15312184024266937
2001-09-01,0.0386336547087002,0.042336618257261406,0.016099120072603872,0.0032536952681974526,0.07621334681496461
2001-10-01,0.027754481774009545,0.025933609958506226,0.043404490391824174,0.00513619038765455,0.0743174924165824
2001-11-01,0.025581201840226154,0.0311041234439834,0.04375961804048455,0.003300176629171702,0.041898382204246715
2001-12-01,0.03584543326552554,0.06993970435684647,0.04300990411553486,0.009830807846053733,0.04221435793731042
2002-01-01,0.042516727503906795,0.07703903008298756,0.04095805547883045,0.011829506367946453,0.04259352881698686
2002-02-01,0.09159161460648488,0.03353539937759336,0.03444738192005682,0.01031886213628335,0.007457027300303337
2002-03-01,0.15866585793646798,0.0368905601659751,0.052282681608333666,0.010574509621641722,0.016304347826086956
2002-04-01,0.2816559845669754,0.21276906120331948,0.0717752436570256,0.008808217904620247,0.037095551061678465
2002-05-01,0.08504622827358731,0.08600233402489627,0.04005050704336503,0.004857302221809054,0.037348331648129424
2002-06-01,0.04636330525404566,0.06288900414937759,0.00935169474805666,0.0021381426048154685,0.055232558139534885
2002-07-01,0.08928512775820427,0.0544929979253112,0.0,0.001510644231663103,0.08114256825075834
2002-08-01,0.053438964591777376,0.05569242738589211,0.09355640610819554,0.007994794087570884,0.05406976744186046
2002-09-01,0.058089163234307684,0.05580588692946058,0.024267055991792606,0.021822998977410055,0.03956016177957533
2002-10-01,0.06887709855632901,0.06830264522821577,0.03184311249654737,0.033838430789253506,0.03109201213346815
2002-11-01,0.050020838670733675,0.06606587136929461,0.032671743676754926,0.02647113507483499,0.018099089989888777
2002-12-01,0.045381588541723694,0.07489950726141079,0.08866353628220809,0.016617086548294132,0.008341759352881698
2003-01-01,0.04904204156201713,0.08468944502074689,0.1031448526220258,0.004555173375476434,0.05055611729019211
2003-02-01,0.04871723566091432,0.0780763744813278,0.07299846111352247,0.0002556474853583713,0.009732052578361981
2003-03-01,0.07078469456201932,0.07207922717842324,0.08428362861539675,0.004950264943757552,0.03222952477249747
2003-04-01,0.0597971313434775,0.05864237551867219,0.1054334530245038,0.005205912429115924,0.0377906976744186
2003-05-01,0.05885373442847665,0.07044216804979253,0.09067592629128358,0.010086455331412104,0.0275530839231547
2003-06-01,0.06531153265321167,0.20644774377593358,0.07903563114074892,0.026099284187040994,0.01693629929221436
2003-07-01,0.060282515442878326,0.20774442427385892,0.08507280116797537,0.022613182113972296,0.02161274014155713
2003-08-01,0.05373530435772735,0.1839827541493776,0.10152704888923962,0.003276935948684577,0.07166329625884732
2003-09-01,0.0332725325882505,0.06747601141078838,0.088150574123032,0.001301478107278981,0.10376643073811931
2003-10-01,0.027283695692635813,0.048042012448132776,0.026239987373239158,0.0036487868364785715,0.11488877654196158
2003-11-01,0.04515531926230376,0.13864756224066388,0.09572663062778676,0.0012085153853304824,0.06648129423660264
2003-12-01,0.0405204485387019,0.08750972510373445,0.05259835062936511,0.05317467695454122,0.11678463094034379
2004-01-01,0.015035958567905235,0.018202152489626557,0.02556919070354733,0.0017895323975085989,0.17467138523761375
2004-02-01,0.036779706419259456,0.022659491701244813,0.01815096870930829,0.09547271544110811,0.19413549039433772
2004-03-01,0.046284840907150036,0.024102048755186723,0.014954819871364872,0.19138700381147158,0.18541456016177957
2004-04-01,0.24418104753917563,0.03849520228215767,0.01558615791342777,0.014269777819094543,1.0
2004-05-01,0.10860925412156792,0.06911307053941909,0.019176893027660496,0.0008599051780236125,0.5500505561172901
2004-06-01,0.0726652842343595,0.10762448132780084,0.004024780018150969,0.004160081807195314,0.12740141557128412
2004-07-01,0.07930008342767303,0.1366214989626556,0.006944718462691867,0.008831458585107373,0.1102123356926188
2004-08-01,0.11266020412408607,0.12924662863070538,0.05141459180049718,0.018987635957980847,0.19148129423660262
2004-09-01,0.1464071722982171,0.10144904045643154,0.06341001459969221,0.01410709305568467,0.12082912032355915
2004-10-01,0.18902243642380676,0.10083311721991702,0.0638835181312394,0.00887793994608162,0.08025783619817999
2004-11-01,0.04800558228209356,0.08081561203319503,0.22799195043996368,0.022357534628613923,0.04474216380182002
2004-12-01,0.0446881826854368,0.026468490663900415,0.36522905733338595,0.017825601933624615,0.0628159757330637
2005-01-01,0.04551297070396752,0.03400544605809128,0.3819989740756816,0.03252045614288109,0.04234074823053589
2005-02-01,0.028436939116776118,0.038171032157676345,0.1533362269660261,0.03252045614288109,0.04284630940343782
2005-03-01,0.020623349967774877,0.04625907676348547,0.04967841218482421,0.012085153853304824,0.023634984833164813
2005-04-01,0.09598196852813294,0.054460580912863064,0.04170776940378014,0.013665520126429302,0.023255813953488372
2005-05-01,0.09545279037465083,0.045853864107883814,0.01862447224085546,0.04239100120851538,0.03159757330637007
2005-06-01,0.06868367481747004,0.041850363070539416,0.01602020281734601,0.011527377521613832,0.13877654196157735
2005-07-01,0.075504598740629,0.04270941390041493,0.01590182693445922,0.009226550153388491,0.11400404448938321
2005-08-01,0.17554846578480043,0.04056989107883817,0.01558615791342777,0.03252045614288109,0.08518705763397372
2005-09-01,0.2074378361649839,0.05209413900414937,0.021702245195912084,0.0010690713024077345,0.13498483316481294
2005-10-01,0.32156514110079276,0.11613394709543569,0.057136092806692185,0.0007437017755879892,0.22269969666329625
2005-11-01,0.18909177700943547,0.04732883817427386,0.11218087834905101,0.0020219392023798455,0.10313447927199192
2005-12-01,0.17103402870992207,0.03150933609958506,0.03906404135264176,0.00044157292925536856,0.26592517694641055
2006-01-01,0.012269634151771215,0.028543179460580912,0.009627905141459179,0.011411174119178209,0.10566228513650151
2006-02-01,0.014835235820032714,0.03416753112033195,0.010851122597956042,0.011666821604536581,0.051440849342770475
2006-03-01,0.0680037721278582,0.0828854382780083,0.01373160241486801,0.004624895416937808,0.046890798786653184
2006-04-01,0.02525822069137673,0.06091156639004149,0.017559089294874323,0.0064144278144464065,0.07874115267947422
2006-05-01,0.03622133222972317,0.047782676348547715,0.0226097936313775,0.02772613182113972,0.11501516683518706
2006-06-01,0.02472904253789463,0.055951763485477174,0.017559089294874323,0.002114901924328344,0.09719413549039434
2006-07-01,0.017337336109876363,0.03215119294605809,0.01779584106064791,0.0012782374267918564,0.04916582406471183
2006-08-01,0.01104705014200222,0.02500972510373444,0.01594128556208815,0.0008366644975364878,0.027300303336703743
2006-09-01,0.011145586763685095,0.029531898340248962,0.008680898078364833,0.03252045614288109,0.08442871587462084
2006-10-01,0.0168059682536902,0.0447516856846473,0.011245708874245353,0.011968950450869202,0.10730535894843277
2006-11-01,0.01617460397401845,0.04919281639004149,0.011758671033421457,0.0003718508877939946,0.11741658240647118
2006-12-01,0.01676217419960892,0.04578903008298755,0.010456536321666732,0.00016268476340987263,0.09883720930232558
2007-01-01,0.020897062805782858,0.03338952282157676,0.0028410211892830367,0.0,0.1051567239635996
2007-02-01,0.026856703665343356,0.026322614107883818,0.0025253521682515882,0.07021009575160361,0.10048028311425683
2007-03-01,0.029141293486583328,0.027408584024896265,0.0005524207868050349,0.011922469089894952,0.10932760364004045
2007-04-01,0.020270077931519238,0.01747276970954357,0.04805980335447879,0.022334293948126797,0.11615267947421638
2007-05-01,0.051118609626371034,0.016159880705394192,0.04805980335447879,0.11109045272845589,0.17656723963599597
2007-06-01,0.08536191041342317,0.033859569502074686,0.0006707966696918281,0.07025657711257785,0.15242669362992922
2007-07-01,0.05917671557732607,0.11538835580912864,0.04805980335447879,0.027214836850422978,0.10477755308392316
2007-08-01,0.11639364723451498,0.26513874481327804,0.011561377895276802,0.03504694617458399,0.07330637007077856
2007-09-01,0.10495792486254142,0.2530066779045643,0.01152191926764787,0.011527377521613832,0.08986349848331648
2007-10-01,0.07016537364721992,0.19056340767634852,0.013337016138578699,0.004694617458399181,0.028943377148634986
2007-11-01,0.03075072497407027,0.03125,0.01586236830683029,0.002719159616993585,0.015419615773508595
2007-12-01,0.012342624241906677,0.031493127593360995,0.01645424772126425,0.0007901831365622385,0.04461577350859454
2008-01-01,0.014028695324035856,0.03201179979253112,0.014244564574044114,0.03252045614288109,0.015419615773508595
2008-02-01,0.015565136721387339,0.02883493257261411,0.011837588288679318,0.03252045614288109,0.015293225480283114
2008-03-01,0.015992128748679793,0.02630640560165975,0.013968354180641596,0.03252045614288109,0.012386248736097068
2008-04-01,0.017057784064657543,0.031752463692946056,0.014954819871364872,0.03149112206005392,0.018452982810920122
2008-05-01,0.011353608520571162,0.03214146784232365,0.011482460640018939,0.03252045614288109,0.017568250758341758
2008-06-01,0.02302837343773836,0.0425797458506224,0.020163358718383772,2.324068048712466e-05,0.19729524772497473
2008-07-01,0.02677641456619435,0.056989107883817426,0.006195004537742177,0.0069024821046760245,0.3470677451971689
2008-08-01,0.021371498391663364,0.06408843360995851,0.0007102552973207592,0.007274332992470019,0.17467138523761375
2008-09-01,0.025937028529636533,0.05794540975103734,0.000591879414433966,0.007297573672957143,0.2770475227502528
2008-10-01,0.036079001553959024,0.058545124481327794,0.03661760643964803,0.0044157292925536855,0.2865267947421638
2008-11-01,0.041253998944563296,0.038916623443983396,0.09122834707808862,0.04978153760342102,0.1922396359959555
2008-12-01,0.05226090453699102,0.02609569502074689,0.08069289350116403,0.15947754950264945,0.1314459049544995
2009-01-01,0.045527568721994614,0.01872082468879668,0.07512922700548474,0.11810913823556754,0.12980283114256824
2009-02-01,0.01621474852359295,0.016889263485477177,0.0631338042062897,0.03252045614288109,0.118680485338726
2009-03-01,0.017619807758700604,0.021297977178423237,0.02189953833405674,0.0009761085804592359,0.14408493427704752
2009-04-01,0.03305721182235088,0.05303423236514523,0.0033145247208302094,0.01829041554336711,0.1353640040444894
2009-05-01,0.03352799790372461,0.058447873443983396,0.00595825277196859,0.01640792042391001,0.1276541961577351
2009-06-01,0.09401123609447545,0.07987551867219918,0.005287456102276763,0.015571255926373524,0.10983316481294236
2009-07-01,0.21782797549576696,0.12334673236514523,0.05188809533204435,0.009877289207027982,0.11299292214357938
2009-08-01,0.05441046269148038,0.17892570020746887,0.04083967959594365,0.03252045614288109,0.11299292214357938
2009-09-01,0.057381159359993696,0.1905796161825726,0.04233910744584304,0.03252045614288109,0.12335692618806876
2009-10-01,0.07099016166575065,0.21996563796680496,0.01002249141774849,0.005089709026680301,0.2161274014155713
2009-11-01,0.06557794648220612,0.21325531639004147,0.007891725525786212,0.03474481732825137,0.16140040444893833
2009-12-01,0.06427142386878133,0.2140657417012448,0.004932328453616383,0.04204239100120851,0.11589989888776542
2010-01-01,0.04424440293741319,0.17476821836099585,0.006538294598113877,0.03252045614288109,0.051061678463094035
2010-02-01,0.045063716699183756,0.1544022302904564,0.00666850806928935,9.296272194849865e-05,0.07912032355915066
2010-03-01,0.0649137366619734,0.17482494813278007,0.005524207868050349,4.648136097424933e-05,0.06129929221435794
2010-04-01,0.05073176214865308,0.1605452541493776,0.03578897525944048,0.01736078832388212,0.0339989888776542
2010-05-01,0.04299481259429407,0.1370915456431535,0.038629996448723516,0.016477642465371384,0.025404448938321538
2010-06-01,0.05174632440153601,0.12551867219917012,0.029159925817780055,0.018243934182392858,0.15015166835187058
2010-07-01,0.02785666790019919,0.06557961618257262,0.023911928343132223,0.027447243655294225,0.160262891809909
2010-08-01,0.018568678930461612,0.03235217842323651,0.0295939707216983,0.01780236125313749,0.07646612740141558
2010-09-01,0.01763075627222092,0.030634076763485476,0.013692143787239078,0.017593195128753368,0.08645096056622852
2010-10-01,0.01915259965154531,0.03651776452282157,0.016888292625182495,0.017035418797062375,0.09542467138523761
2010-11-01,0.01985695402135252,0.046032157676348544,0.011008957108471766,0.016779771311704005,0.10503033367037412
2010-12-01,0.017298651362104567,0.04373054979253112,0.00931223612042773,0.012387282699637445,0.07469666329625885
2011-01-01,0.017300111163907277,0.040610412344398335,0.010219784555893145,0.011504136841126708,0.08871334681496461
2011-02-01,0.026471680939878794,0.039840508298755184,0.009825198279603833,0.017569954448266242,0.06445904954499494
2011-03-01,0.026975312561813482,0.04802580394190871,0.011087874363729629,0.011271730036255461,0.04929221435793731
2011-04-01,0.020030305485424244,0.05180238589211618,0.013060805745176181,0.00787859068513526,0.08329120323559151
2011-05-01,0.028703352945770554,0.0509271265560166,0.011758671033421457,0.002788881658454959,0.0987108190091001
2011-06-01,0.17134788609750456,0.04932248443983402,0.008365229057333385,0.9999999999999999,0.06964105156723964
2011-07-01,0.0163169346497826,0.059096213692946056,0.00781280827052835,0.008296922933903505,0.017062689585439838
2011-08-01,0.015200186270710025,0.03813861514522821,0.007576056504754764,0.01301478107278981,0.015419615773508595
2011-09-01,0.06503781981520369,0.029304979253112033,0.005169080219389969,0.006763038021753276,0.037537917087967644
2011-10-01,0.0342214037600115,0.020552385892116182,0.01815096870930829,0.012898577670354188,0.03349342770475228
2011-11-01,0.036085205711620535,0.008639133817427385,0.016138578700232803,0.03321093241610114,0.023129423660262893
2011-12-01,0.016422770280479018,0.01319372406639004,0.009430612003314524,0.033722227386817884,0.0173154701718908
2012-01-01,0.01671473064102087,0.04671291493775933,0.012626760841257939,0.03181649158687366,0.017062689585439838
2012-02-01,0.020205481701749354,0.03993775933609958,0.016651540859408908,0.04049688574881472,0.010616784630940344
2012-03-01,0.06462360105368495,0.034086488589211615,0.016888292625182495,0.02225295156642186,0.010995955510616785
2012-04-01,0.01284443111158798,0.0407481846473029,0.004103697273408831,0.008831458585107373,0.003033367037411527
2012-05-01,0.029593832045423193,0.045011021784232365,0.003590735114232727,0.07827461188063586,0.00910010111223458
2012-06-01,0.023954982632008053,0.03244942946058091,0.0034723592313459337,0.017941805336060237,0.006698685540950455
2012-07-01,0.02745522240445415,0.024750389004149376,0.0035118178589748647,0.009830807846053733,0.03033367037411527
2012-08-01,0.026258549876683242,0.009498184647302904,0.0031961488379434163,0.03374546806730501,0.14155712841253792
2012-09-01,0.02436226733496393,0.012756094398340249,0.009568717200015783,0.026657060518731984,0.1006066734074823
2012-10-01,0.014087087396144227,0.01575466804979253,0.012745136724144733,0.008575811099749,0.1019969666329626
2012-11-01,0.02038248267032785,0.02231911307053942,0.012587302213629008,0.00783210932416101,0.1359959555106168
2012-12-01,0.030651093501035363,0.006629279045643153,0.013179181628062975,0.003764990238914195,0.10446157735085945
2013-01-01,0.010374081510953257,0.005851270746887967,0.014915361243735941,0.005508041275448544,0.1237360970677452
2013-02-01,0.010667866623748494,0.005219139004149377,0.024602454326638518,0.005089709026680301,0.08417593528816987
2013-03-01,0.011153250723149318,0.005625972510373444,0.048928698259874524,0.00513619038765455,0.07899393326592517
2013-04-01,0.011480246326956189,0.010762448132780081,0.04466716647594997,0.005531281955935669,0.07741405460060667
2013-05-01,0.04641439831714048,0.04313083506224066,0.0659353667679438,0.005601003997397043,0.06420626895854399
2013-06-01,0.2832836635769962,0.05027878630705394,0.07501085112259795,0.004857302221809054,0.0659757330637007
2013-07-01,0.03401703150763221,0.07003695539419087,0.08262636625498164,0.005229153109603048,0.07697168857431749
2013-08-01,0.026619485872403106,0.058010243775933605,0.08262636625498164,0.00013944408292274798,0.0755813953488372
2013-09-01,0.023057569473792543,0.04379538381742738,0.07816754133291244,0.0002556474853583713,0.05927704752275025
2013-10-01,0.03242584754267913,0.042255575726141074,0.1902695024267056,0.03252045614288109,0.06319514661274014
2013-11-01,0.020181759922455328,0.034832079875518666,0.09564771337252889,0.03252045614288109,0.06129929221435794
2013-12-01,0.018579627443981932,0.023226789419087138,0.08302095253127095,0.03252045614288109,0.05889787664307381
2014-01-01,0.015565136721387339,0.01810490145228216,0.08270528351023951,0.0005577763316909919,0.0027805864509605665
2014-02-01,0.010492325456972706,0.013323392116182572,0.07528706151600047,0.0009993492609463605,0.0015166835187057635
2014-03-01,0.010521521493026893,0.012983013485477177,0.0799037209485854,0.00016268476340987263,0.09600087261243542
2014-04-01,0.010393788835289833,0.014830783195020745,0.07860158623683068,0.0003718508877939946,0.09600087261243542
2014-05-01,0.02768149168387408,0.017132391078838176,0.0852306356784911,0.0029748071023519567,0.0032861476238624874
2014-06-01,0.2032555040002219,0.010859699170124481,0.08175827644714516,0.02289207027981779,0.005687563195146613
2014-07-01,0.022871444743947117,0.028348677385892116,0.08795328098488733,0.02993399646741656,0.015925176946410515
2014-08-01,0.020692690553403566,0.038738329875518666,0.08633547725210117,0.01984754113600446,0.005940343781597574
2014-09-01,0.2374148661836183,0.021054849585062242,0.08132423154322692,0.009598401041182486,0.005687563195146613
2014-10-01,0.019119754110984353,0.009822354771784232,0.0810480211498244,0.013386631960583806,0.05573811931243681
2014-11-01,0.012828008341307501,0.010584154564315352,0.05370319220297518,0.0027656409779678345,0.010616784630940344
2014-12-01,0.014926473432702043,0.02188148340248963,0.05224322298070473,0.0030445291438133304,0.035136501516683516
2015-01-01,0.009463165186062689,0.008866052904564315,0.05224322298070473,0.009854048526540857,0.004044489383215369
2015-02-01,0.02038248267032785,0.007553163900414938,0.04060292783017007,0.024844287440736263,0.0
2015-03-01,0.04496554502795156,0.02366441908713693,0.04265477646687448,0.007111648229060146,0.0010111223458038423
2015-04-01,0.01966717978700032,0.014830783195020745,0.038906206842126034,0.006577112577856279,0.005182002022244692
2015-05-01,0.044852410388241594,0.012723677385892114,0.05137513317286825,0.0015571255926373523,0.006951466127401416
2015-06-01,0.02013431636386728,0.01674338692946058,0.040800220968314725,0.003997397043785441,0.006698685540950455
2015-07-01,0.024892540339798066,0.012863070539419087,0.10673558773625852,0.009737845124105233,0.006698685540950455
2015-08-01,0.01051239773175996,0.005770228215767635,0.04103697273408831,0.013944408292274798,0.006445904954499495
2015-09-01,0.019886150057406706,0.005818853734439834,0.040918596851201514,0.01540857116296365,0.06395348837209303
2015-10-01,0.10597066236317096,0.006126815352697095,0.04103697273408831,0.02028911406525983,0.09706774519716886
2015-11-01,0.18417589443881208,0.002544735477178423,0.03957700351181786,0.022961792321279165,0.06332153690596562
2015-12-01,0.14982675802106352,0.002398858921161826,0.03859053782109458,0.019731337733568836,0.05763397371081901
2016-01-01,0.02027664703963143,0.0022205653526970954,0.03006747425324547,0.0022078646462768427,0.041708796764408494
2016-02-01,0.019024866993808252,0.003614496887966805,0.0026437280511383814,0.03252045614288109,0.03956016177957533
2016-03-01,0.022787506140291333,0.008947095435684647,0.03815649291717634,0.03252045614288109,0.045247724974721945
2016-04-01,0.004897635048089521,0.009174014522821575,0.015112654381880596,0.03252045614288109,0.036526794742163804
2016-05-01,0.05503087845763181,0.003711747925311203,0.004024780018150969,0.005461559914474295,0.02616279069767442
2016-06-01,0.020262049021604337,0.00687240663900415,0.001183758828867932,0.012271079297201821,0.09600087261243542
2016-07-01,0.00643042694093423,0.006094398340248963,0.0038669455076352447,0.012782374267918565,0.0075834175935288175
2016-08-01,0.004160435137721352,0.005154304979253112,0.006707966696918281,0.012782374267918565,0.0032861476238624874
2016-09-01,0.006813624914145407,0.0036307053941908715,0.007142011600836523,0.012178116575253323,0.07823559150657229
2016-10-01,0.012689327170050122,0.00116701244813278,0.0039853213905220375,0.011434414799665334,0.06547017189079879
2016-11-01,0.027148664025885207,0.001215637966804979,0.0009075484354654146,0.008459607697313378,0.03602123356926188
2016-12-01,0.012295180683318627,0.0013128890041493775,0.0009075484354654146,0.0009761085804592359,0.054600606673407485
2017-01-01,0.01202876685432419,0.00834738070539419,0.0007891725525786214,0.03252045614288109,0.03993933265925177
2017-02-01,0.02373272780754557,0.01975816908713693,0.0014994278498993805,0.03252045614288109,0.060414560161779575
2017-03-01,0.0189774234352202,0.017942816390041496,0.0009470070630943456,0.0041833224876824384,0.06964105156723964
2017-04-01,0.011572578790977549,0.02640365663900415,0.0007891725525786214,0.03252045614288109,0.03450455005055612
2017-05-01,0.156140400817781,0.02604706950207469,0.0009075484354654146,0.03252045614288109,0.0602881698685541
2017-06-01,0.01450313090991636,0.02361579356846473,0.0009075484354654146,0.03252045614288109,0.03867542972699697
2017-07-01,0.012192994557128979,0.022983661825726143,0.0008286311802075525,0.005972854885191038,0.04802831142568251
2017-08-01,0.01566002383856344,0.02299987033195021,0.0025253521682515882,0.03730129218183508,0.019337714863498483
2017-09-01,0.01891903136311183,0.055676218879668046,0.001183758828867932,0.03560472250627498,0.09600087261243542
2017-10-01,0.07415063256861616,0.05697289937759336,0.0017756382433018981,0.017779120572650364,0.09600087261243542
2017-11-01,0.061530645984194735,0.017002723029045645,0.00741822199423904,0.03252045614288109,0.09600087261243542
2017-12-01,0.0,0.0022367738589211617,0.006471214931144695,0.03252045614288109,0.09600087261243542
2018-01-01,0.005886650769425036,0.02630640560165975,0.0070236357179497295,0.0017430510365343496,0.09600087261243542
2018-02-01,0.008569036581903274,0.03468620331950207,0.01077220534269818,0.0031142511852747046,0.09600087261243542
2018-03-01,0.03742931822146507,0.03796032157676348,0.00591879414433966,0.003997397043785441,0.09600087261243542
2018-04-01,0.04546552714537947,0.0332760632780083,0.0056820423785660734,0.002649437575532211,0.35098584428715873
2018-05-01,0.06018397882119545,0.04008363589211618,0.016099120072603872,0.01001673328995073,0.5633215369059656
2018-06-01,0.03449219699441407,0.037376815352697094,0.0056820423785660734,0.0023473087291995907,0.21969160768452983
2018-07-01,0.036441397351481594,0.04745850622406639,0.020755238132817738,0.002509993492609463,0.47798281092012135
2018-08-01,0.02279480514930488,0.037814445020746885,0.021623327940654222,0.0035325834340429484,0.3825834175935288
2018-09-01,0.023400622897429217,0.03455653526970954,0.04525904589038393,0.00239379009017384,0.3664054600606673
2018-10-01,0.038262865050812056,0.040813018672199164,0.0388667482144971,0.10279352979455238,0.27596056622851367
2018-11-01,0.06534182354061789,0.04279045643153526,0.1625616541056702,0.2307799572371479,0.13770222446916078
2018-12-01,0.016697213019388358,0.04173690352697095,0.08586197372055399,0.0018592544389699729,0.003159757330637007
2019-01-01,0.016538824523794404,0.036332987551867216,0.09651580318036539,0.0012131635214279073,0.09600087261243542
2019-02-01,0.016832244686138965,0.03450790975103734,0.08565678885688355,0.0008831458585107371,0.010161779575328616
2019-03-01,0.018482185673651088,0.03350298236514523,0.09564771337252889,0.0009993492609463605,0.09600087261243542
2019-04-01,0.014864066905636221,0.03196317427385892,0.06013494850649095,0.0032072139072232032,0.009732052578361981
2019-05-01,0.044032001775119,0.03954065093360996,0.04805980335447879,0.0009993492609463605,0.020348837209302327
2019-06-01,0.06593304327071514,0.04637415715767634,0.001736179615672967,0.0009761085804592359,0.00872093023255814
2019-07-01,0.03576842872043263,0.03409459284232365,0.0019729313814465534,0.0028702240401598956,0.09600087261243542
2019-08-01,0.028080382526464383,0.011556664937759335,0.0013258098883320837,0.002198568374081993,0.09600087261243542
2019-09-01,0.03943983025424638,0.02131580653526971,0.04805980335447879,0.005259365994236311,0.11261375126390294
2019-10-01,0.0655892599461771,0.013778851141078838,0.04805980335447879,0.00878265315608441,0.2481041456016178
2019-11-01,0.04246161998585452,0.01833992479253112,0.04805980335447879,0.056274983731523655,0.03083923154701719
2019-12-01,0.03585273227453909,0.04078060165975103,0.002367517657735864,0.0003021288463326206,0.09600087261243542
2020-01-01,0.09321199460749215,0.02752204356846473,0.004971787081245314,0.014548665984940038,0.0011375126390293225
2020-02-01,0.2437650040254035,0.023583376556016597,0.0026042694235094504,0.0003021288463326206,0.09600087261243542
2020-03-01,0.03218862974973888,0.02599844398340249,0.04805980335447879,0.03252045614288109,0.09600087261243542
2020-04-01,0.006915811040335055,0.02599844398340249,0.04805980335447879,0.03252045614288109,0.09600087261243542
2020-05-01,0.006328240814744582,0.024766597510373443,0.04805980335447879,0.03252045614288109,0.09600087261243542
2020-06-01,0.005858184634272206,0.022335321576763486,0.04805980335447879,0.03252045614288109,0.09600087261243542
2020-07-01,0.008147883761821658,0.01989432053941909,0.04805980335447879,0.015873384772706143,0.09600087261243542
2020-08-01,0.018589846056600894,0.021573521784232365,0.04948111904667956,0.05305382541600818,0.09600087261243542
2020-09-01,0.04076131583614893,0.00390625,0.1768141104052401,0.0035325834340429484,0.004929221435793731
2020-10-01,0.027754481774009545,0.0034686203319502073,0.22743952965315864,0.004578414055963558,0.015293225480283114
2020-11-01,0.02269991803212878,0.004246628630705394,0.18908574359783767,0.004369247931579436,0.07216885743174924
2020-12-01,0.004737056849791504,0.0011508039419087137,0.04805980335447879,0.0006042576926652412,0.11046511627906977
2021-01-01,0.002507209596153131,0.0010211358921161826,0.00035512764866037964,0.03252045614288109,0.05283114256825076
2021-02-01,0.0021437189472785284,0.004149377593360996,0.0004735035315471728,1.1620340243562332e-05,0.002275025278058645
2021-03-01,0.009908404735889009,0.021839341286307056,0.0009470070630943456,0.0002556474853583713,0.005750758341759353
2021-04-01,0.019757687498768293,0.019519904045643154,0.0007891725525786214,0.01301478107278981,0.024519716885743174
2021-05-01,0.09109491704311307,0.11245785788381743,0.00019729313814465533,0.00020916612438412195,0.47008341759352884
2021-06-01,0.13253942012292994,0.15201471732365143,0.007181470228465454,0.0001859254438969973,0.5973963599595551
2021-07-01,0.04736253958800014,0.14918147043568464,0.04805980335447879,0.03252045614288109,0.3647118301314459
2021-08-01,0.03674941553185324,0.10040683350622406,0.0007102552973207592,0.0004648136097424932,0.3806875631951466
2021-09-01,0.025356757313059607,0.0548333765560166,0.004735035315471728,0.0013944408292274797,0.269464105156724
2021-10-01,0.017493899853216928,0.0352535010373444,0.002288600402478002,0.03252045614288109,0.12095551061678464
2021-11-01,0.028394969814948226,0.012399507261410788,0.0027621039340251746,0.0030677698243004553,0.10275530839231548
2021-12-01,0.05096533043708656,0.02460451244813278,0.003906404135264175,0.004717858138886306,0.11766936299292215
2022-01-01,0.011353608520571162,0.019158454356846474,0.004024780018150969,6.972204146137399e-05,0.12234580384226491
2022-02-01,0.027261798665595173,0.042433869294605804,0.015704533796314563,0.005972854885191038,0.10970677451971689
2022-03-01,0.03369842976419092,0.030893412863070537,0.023438424811585052,0.007041926187598772,0.11438321536905965
2022-04-01,0.04490715295584319,0.04337396265560166,0.03515763721737758,0.0055870595891047686,0.05889787664307381
2022-05-01,0.3052317836807297,0.057394320539419084,0.02150495205776743,0.003964860091103467,0.11425682507583418
2022-06-01,0.07727971773272344,0.07047944761410789,0.04265477646687448,0.024518917913916517,0.1807381193124368
2022-07-01,0.03366302957047522,0.039078708506224066,0.034407923292427894,0.009203309472901367,0.21397876643073813
2022-08-01,0.03886722299713368,0.026954745850622408,0.037446237619855584,0.003974156363298317,0.23748736097067746
2022-09-01,0.012911946944963282,0.004813926348547718,0.03555222349366689,0.020614483592079572,0.05055611729019211
2022-10-01,0.012957565751297946,0.0,0.036578147812019096,0.014083852375197546,0.03109201213346815
2022-11-01,0.06049272690246846,9.725103734439821e-05,0.03578897525944048,0.024611880635865016,0.027300303336703743
2022-12-01,0.014629038815400033,0.0007942168049792531,0.03290849544252851,0.01241052338012457,0.03260869565217391
2023-01-01,0.00796686833828571,0.08668229675168823,0.030264767391390127,0.006553871897369154,0.052072800808897875
2023-02-01,0.018326716781662554,0.013966869813278007,0.025687566586434122,0.010992841870409966,0.04979777553083923
2023-03-01,0.036772407410245914,0.013712396265560164,0.028528587775717158,0.01926652412382634,0.040697674418604654
2023-04-01,0.37357058032230966,0.007310036307053941,0.02746320482973602,0.03209537975271916,0.051061678463094035
2023-05-01,0.12304048979270085,0.03155796161825726,0.03547330623840903,0.0640745561030027,0.22130940343781597
2023-06-01,0.05022813052671839,0.04086164419087136,0.033816043877993925,0.03864925165008831,0.33872598584428715
2023-07-01,0.08231092464576086,0.059193464730290454,0.07587894093043443,0.24732732174398064,0.5482810920121335
2023-08-01,0.0700595380165235,0.0372309387966805,0.3598626839758513,0.011899228409407827,0.5936552072800809
2023-09-01,0.03976865061030664,0.01068140560165975,0.03140906759262913,0.0044157292925536855,0.48028311425682507
2023-10-01,0.04621440547016932,0.04541623443983402,0.033145247208302094,0.0187552291531096,0.09443882709807887
2023-11-01,0.5361990702522319,0.024766597510373443,0.017046127135698218,0.04950264943757553,0.09643579373104146
2023-12-01,1.0,0.010794865145228216,0.01152191926764787,0.03228130519661615,0.08859959555106169
2024-01-01,0.01714902167732687,0.010859699170124481,0.013100264372805112,0.031398159338105414,0.08038422649140546
2024-02-01,0.024349494069190226,0.020487551867219917,0.006471214931144695,0.02372873477735428,0.07659251769464105
2024-03-01,0.052565273212855895,0.020455134854771784,0.006431756303515763,0.023077995723714786,0.10937815975733065
2024-04-01,0.0620233290926091,0.043957468879668046,0.045732549421931105,0.017593195128753368,0.3118048533872599
